,UserId,Contents,Tags,like_scale
0,e.a.t.ahnya, themeltingpot  シャロスキル  Avocado Burger  14 000  Detroit Double Burger  14 000  Guacamole Fries  10 000  ソウルのシャロスキルにある The Melting Pot   個人経営で長らく営業している 人気のグルメバーガー屋さんです 韓国では 少し有名になるとすぐにフランチャイズ化の動きが起こりあちこちに店舗ができてしまう傾向があるのですが こちらは個人経営を貫いているところにこだわりを感じ 行ってみることにしました  お店の方に聞くと  Avocado Burger と Detroit Double Burger がオススメとのことだったのでその2つを注文 加えて Guacamole Fries も美味しそうだったので頼んでみました  Avocado Burgerには 200gのパティ アボカド半個分 トマト ベビーリーフ マスタードソースが入っています 緑 赤 白と彩り鮮やかで映えますね お味も 肉々しいパティと 新鮮な野菜類 爽やかなマスタードソースのバランスが良かったです そしてバンズがふわふわ 肉汁やソースをたっぷり吸っているのがまた美味しく たまりません  Detroit Double Burgerは 肉々しさとジャンキーさを存分に楽しめる一品 140gのパティが2枚 アメリカンチーズも2枚 そこにベーコン 玉ねぎ クリームソースが入っています 存在感あるパティもすごいですが チーズとクリームソースが作り出すクリーミーさと玉ねぎのシャキシャキ食感が良かったです  日本の有名なグルメバーガー屋さんと比べても遜色ない 美味しいバーガーでした ハンバーガー好きの方はぜひ行ってみてくださいね  샤로수길에 있는 수제버거집  더멜팅팟  점원분이 추천해주신  Avocado Burger 와  Detroit Double Burger 를 먹어봤는데  둘 다 훌륭했어요 부드러운 식감의 햄버거번과 존재감있는 패티가 특히 맛있었고  채소토핑도 식감이 살아있어서 좋았어요   グルメ  ク ルメ好きな人と繋か りたい  韓国グルメ  ソウルグルメ  ソウル  ハンバーガー  グルメバーガー  バーガー  ポテト  食レポ  ごちそうさまでした  飯テロ  foodgasm  foodie  foodporn  koreafood  seoulfood  seoul  burger  hamburger  인스타푸드  맛집  서울맛집  샤로수길맛집  햄버거  수제버거  더멜팅팟  美食,"#themeltingpot, #グルメ, #グルメ好きな人と繋がりたい, #韓国グルメ, #ソウルグルメ, #ソウル, #ハンバーガー, #グルメバーガー, #バーガー, #ポテト, #食レポ, #ごちそうさまでした, #飯テロ, #foodgasm, #foodie, #foodporn, #koreafood, #seoulfood, #seoul, #burger, #hamburger, #인스타푸드, #맛집, #서울맛집, #샤로수길맛집, #햄버거, #수제버거, #더멜팅팟, #美食",0.22164627825005184
1,younghwa_cha,오늘은 가볍게 백세주 두병 클리어  제가 어떤 안주에 마셨을까요  짐작은가시겠지만바로그거 국순당 백세주 오늘의  안주 참치  참치회  고기  소고기  삼겹살  조개구이  초밥  스시  아구찜  해물탕  치킨  햄버거  떡볶이이 중 하나,"#짐작은가시겠지만바로그거, #국순당, #백세주, #오늘의, #안주, #참치, #참치회, #고기, #소고기, #삼겹살, #조개구이, #초밥, #스시, #아구찜, #해물탕, #치킨, #햄버거, #떡볶이이",0.06282396848434585
2,mukseein,  통새우폭탄버거                  먹시인입 속을 가득 채우는 탱글한 통새우버거다 직화로 구운 새우가 잔뜩 들어간 인생 수제버거 톡 쏘는 와사비소스까지 환상의 조화를 자랑한다 바삭한 쉬림프링 씹히는 식감까지 취향저격 특제 꿀맛소스가 발린 패티폭탄 시그니처버거다 한 입 가득 배어물어 넘쳐 흐르는 육즙 음미하기 사이드로 추천하는 바삭한 튀김옷입은 치킨 3총사다 그 중 최애는 할라피뇨가 올라간 맵싹한 치킨 지금 할 일은 우리집 근처 매장유무 검색 솔직히 여기 버거는 햄최팔까지 무조건 가능    왓더버거   직화통새우버거  8 500   셧더버거  8 400  양산시 물금읍 백호2길 17 10  매일 10 30   21 00  Ps  주차 불가 햄버거맛집  새우버거  버거맛집 수제버거  hamburger  양산맛집,"#왓더버거📍, #직화통새우버거, #셧더버거, #햄버거맛집, #새우버거, #버거맛집, #수제버거, #hamburger, #양산맛집",0.8824383164005806
3,265mm__,맘스터치 알바생 오열 ㅋㅋㅋ 토깽이가 운영하는 페이지   humor _ rabbit                   맘터  햄버거  해병대  알바  눈물  귀신잡는해병  알바잡는해병,"#맘터, #햄버거, #해병대, #알바, #눈물, #귀신잡는해병, #알바잡는해병",0.18909392494298155
4,min_happy.matzip, 맹구의 성수 패티패티 탐방  성수동맛집  수제버거  버거맛집  성수맛집  저장각  맹구가 다녀온 패티패티를 소개해 주려고해 훌쩍  맹구가 패티패티에서 주문한 메뉴는 쉬림프 쉬림프 버거 풀드포크 버거 피쉬앤칩스 폴드포크 프라이즈 쉬림프 쉬림프 버거는 100프로 새우패티에 촉촉한 햄버거 번과 쓰리라차소스와 코울슬로 로메인 토마토가 들어 있었는데 이거 일단 새우 패티는 바삭바삭하고 통 새우도 새우향 장난 아니고 소스가 대박이였어 풀드포크 버거는 24시간 수비드한 풀드포크와 수제 데리야끼소스 체다치즈 구운양파 로메인이 들어 있었어 풀드포크는 엄청 부드럽고 육즙 가득한게 넘 맛났고 데리야끼 소스랑 잘 어울리고 체다치즈 향 가득해서 넘 좋았어 피쉬앤칩스는 바삭바삭 감자가둘러진 피쉬앤칩스이구 타르타르 소스가 들어가서 아주 바삭 꾸덕 고소하니 맛도리였어 풀드포크 프라이즈는 바삭바삭한 프라이즈위에 부드러운 풀드포크와 데리야끼 소스가 올라가서 아주 풍미가득 맛나게 먹을수 있어 좋았어 다들 성수에서 맛난 수제버거를 먹고 싶다면 패티패티에 가보는걸 맹구가 정말 강추할게   패티패티  성수동2가 278 27 성수  성수동핫플레이스  서울버거맛집  버거  hamburger  맛집,"#성수동맛집, #수제버거, #버거맛집, #성수맛집, #저장각, #성수, #성수동핫플레이스, #서울버거맛집, #버거, #hamburger, #맛집",0.714078374455733
5,autumn4deer4,  BISTRO ROVEN    新宿グルメ   新宿区西新宿1 26 2     西新宿に穴場のオシャハンバーグ屋見つけた 野村ビルの地下にあるんだけど   店内すっごいお洒落だった 森の中 って感じ  ハンバーグとロールキャベツ   挽肉が強いお店みたいで本気でどれにするか悩んでデミグラスソースのハンバーグにした 肉汁がジャーってタイプでは無いけどしっかり詰まったお肉で美味しかった てかソースがすごい濃厚 って感じがした お通しで付いてくるパンつけても美味しかった なんか後で調べたらテレビでロールキャベツとか紹介されてたんね 今度は是非ロールキャベツ食べたいなぁ     일상스타그램 photooftheday  tflers  l4l  f4f  いいね返し  フィルター越しの私の世界  おしゃれ 멋쟁이 グルメ  ハンバーグ  hamburger  햄버거 肉 고기 meat 卵  egg volume  新宿  定食  野村ビル  お洒落  ロールキャベツ  洋食  bistro  西新宿  西新宿グルメ  bistroroven,"#新宿グルメ, #일상스타그램, #photooftheday, #tflers, #l4l, #f4f, #いいね返し, #フィルター越しの私の世界, #おしゃれ, #멋쟁이, #グルメ, #ハンバーグ, #hamburger, #햄버거, #肉, #고기, #meat, #卵, #egg, #volume, #新宿, #定食, #野村ビル, #お洒落, #ロールキャベツ, #洋食, #bistro, #西新宿, #西新宿グルメ, #bistroroven",0.020111963508189924
6,juhianchia,어의곡에서 털리고비로봉에서 비바람 쳐맞기 바로 전                                 제로콜라 햄버거                 해탈 멍                ,"#제로콜라, #햄버거⠀⠀⠀⠀⠀⠀⠀⠀⠀⠀⠀⠀⠀⠀⠀⠀, #해탈, #멍⠀⠀⠀⠀⠀⠀⠀⠀⠀⠀⠀⠀⠀⠀⠀⠀",0.02467343976777939
7,jahwa85,  경기 남양주시 다산지금로 202 R01동 124호 031 560 9954 다산 맛집 가성비최고    다산 맛집 에선 가장인기많은듯  다산 맛집 중에선 분위기최고  다산 맛집 중에선 자연스러운 인테리어안녕하세요정말 인기가 많은 다산에진짜 저렴하면서도맛이 좋은 수제버거집이생겼다고 해서한번 가 보게 되었는데요여기는 팡스입니다저희 같은 경우는이렇게 맛있는 햄버거실내에서도 먹고 그리고부모님과 함께정말 햄버거를 좋아하시는부모님에게 효도를 하고 싶은 마음포장도 하게 되었는데요정말 최고의 맛집중에 하나인수제버거 맛집 팡스에요아시겠지만은이렇게 치즈 색깔로 되어 있는이쁜 인테리어가눈에 확 띄는 데요 최고였습니다다산 맛집그리고 저같은 경우는팡스 버거팡팡 버거핵핵 버거를시키 게 되었는데요정말 보시면 아시겠지만사장님께서이렇게 직접 만드는 모습도 볼 수 있고 패티를 직접 구워 주시고직접 만들어 주셔서그런지 몰라도진짜 패티 안에쇠고기 육즙이 풍미가 최고였습니다남양주 버거맛집진짜 대박이었는데요소고기가 입에서 춤을 춘다는 느낌이들 만큼 풍미가 최고였습니다다산 맛집그리고 가장 중요한 추가같은경우치즈를 하나씩 더욱더 맛있게먹을 수 있도록 추가 하게 되었는데요쇠고기 패티 야채와 함께그리고 치즈가 잘 어울려 져서그런지 몰라도너무나도 육즙 가득한 햄버거가너무나도 맛이 좋았습니다진짜 최고였는데요먹는 순간 순간마다우와 이렇게 맛있는 햄버거가이가격일까라는 생각이 들었습니다남양주 버거맛집특히 빵 같은경우도정말 수제로 만들어지는진짜 유명하고 맛있는빵을 만드 셔서그런지 몰라도 빵과맛있는 감자튀김 그리고안에 들어가 있는야채와 함께그리고 정말 최고의 쇠고기 패티가잘어울려 먹는 순간순간마다 너무 좋았습니다너무 매장도 깔끔하고그리고 햄버거와 함께정말 맛있는 육즙이진짜 뿜어져 나와 가지고진짜 최고다라고 할 수 있을 만큼너무 좋았습니다특히 요즘같이추운 날 저렴하면서정말 맛이 좋은 햄버거정말 이렇게 다산에서진짜 이쁜 야경과함께 먹을 수 있는햄버거 맛집은 책을거의 못 본 것 같은데요남양주 버거맛집진짜 메뉴도너무 정갈하고 깔끔하게인테리어도 너무 깔끔하고그리고 여기 테라 타워가사진 찍기 좋은 사진명소라서그런지 몰라도 더욱더 인기가많은 것 같습니다진짜 최고였는데요여러분들도 한번 햄버거가생각날때 다산에서가장 햄버거를 잘만드는 곳중에 하나인 수제버거 맛집중에 하나인팡스를 한번 가 보시길 추천드려요정말 추천할 만큼진짜 맛이 너무 좋았습니다  다산맛집  수제버거  햄버거  팡스  먹스타그램  먹스타  요리스타그램  맛집스타그램  맛스타그램  마스타  맛있다그램  맛있어  먹방  취향저격  냠냠  instafood  foodstagram  food  맛있다  냠냠쩝쩝  술스타그램  오늘뭐먹지,"#다산맛집, #수제버거, #햄버거, #팡스, #먹스타그램, #먹스타, #요리스타그램, #맛집스타그램, #맛스타그램, #마스타, #맛있다그램, #맛있어, #먹방, #취향저격, #냠냠, #instafood, #foodstagram, #food, #맛있다, #냠냠쩝쩝, #술스타그램, #오늘뭐먹지",0.02073398299813394
8,bro_burger_,외국느낌 물씬  과카몰리 프렌치프라이 갓튀겨낸 프렌치프라이 위에보기만해도 상큼해보이는 아보카도베이스에토마토와 사워크림이 조화롭게 신선한 과카몰리가 올라가 버거랑도 찰떡  살짝 따뜻해진 날씨에 브로버거에서 버거와 함께 만나요     브로버거  수제버거  수제버거맛집  햄버거  햄버거맛집  햄버거스타그램  버거스타그램  버거  버거맛집  방이동맛집  방이역맛집  방이동먹자골목맛집  방이동맛집추천  올림픽공원맛집  광명맛집  광명역맛집  광명맛집추천,"#과카몰리, #브로버거, #수제버거, #수제버거맛집, #햄버거, #햄버거맛집, #햄버거스타그램, #버거스타그램, #버거, #버거맛집, #방이동맛집, #방이역맛집, #방이동먹자골목맛집, #방이동맛집추천, #올림픽공원맛집, #광명맛집, #광명역맛집, #광명맛집추천",0.02467343976777939
9,thepeopleburger_official, 𝑻𝒉𝒆_𝑷𝒆𝒐𝒑𝒍𝒆_𝑩𝒖𝒓𝒈𝒆𝒓   수요일엔 수제버거   더피플버거입니다   더피플버거는오늘도 활짝 열려있습니다      A  한우로 만든육즙 가득한 버거 프랜차이즈에선 느낄 수 없는맛있는 수제버거      더피플버거  서울 은평구 연서로29길 11 6 1층  11 00   23 00  연중무휴    연신내맛집  은평구배달  수제버거맛집  버거  연신내배달  은평구수제버거  은평구핫플  햄버거  로봇버거배달  연신내핫플  은평구햄버거 로봇배달  버거로봇  햄버거맛집  연신내배달맛집  버거맛집  서빙로봇맛집 한우버거  은평구버거  은평구맛집  은평구배달맛집,"#더피플버거📍, #연신내맛집, #은평구배달, #수제버거맛집, #버거, #연신내배달, #은평구수제버거, #은평구핫플, #햄버거, #로봇버거배달, #연신내핫플, #은평구햄버거, #로봇배달, #버거로봇, #햄버거맛집, #연신내배달맛집, #버거맛집, #서빙로봇맛집, #한우버거, #은평구버거, #은평구맛집, #은평구배달맛집",0.03296703296703297
10,ellekorea,1만 원대  고든 램지 스트리트 버거   아시아 최초로 서울 상륙한다   영국 스타 셰프  고든 램지 버거 의 캐주얼 버전인  고든 램지 스트리트 버거 가 오는 3월 현대백화점 무역센터점에 문을 엽니다  2020년 영국에 론칭한 이후 처음으로 해외에서 선보이는 매장인데요  가격대는 일명  14만 원짜리 버거 로 잘 알려진 고든 램지 버거보다 합리적인 가격인 1 2만 원대에 형성될 것으로 보입니다  한국 매장에서는 시그니처 메뉴인 소고기 패티 베이스의  O G R 버거 와 프라이드 치킨이 들어간  J F C 버거 부터 김치와 베이컨으로 완성한  코리안 스매시 버거   채식 버거까지  총 7가지의 버거가 판매될 예정이에요  이외에도 키즈 메뉴와 디저트를 비롯한 다양한 메뉴가 준비되어 있다고 합니다   Digital Editor 박지우Photo  gordonramsaystreetburger  gordonramsayburger,,1.0
11,burgerkingkorea, EVENT  YOUTUBELOVE IS   JUICY   CRISPY 버거킹의 새로운 대작 치킨킹을 빠르게 만나볼 수 있는 방법1  버거킹 인스타그램 프로필 속 링크 접속2  유튜브 영상 중 치킨킹이 가장 먹고 싶은 부분  타임스탬프로 찍기3  유튜브 댓글 작성하면 참여 완료 당첨 경품 버거킹 1만 원 상품권 20명  참여 기간01 09 월    01 15 일  당첨자 발표01 25 수  버거킹 유튜브 커뮤니티에서 버거킹  BURGERKING  치킨킹  치킨버거  이찬혁,"#EVENT, #YOUTUBELOVE, #버거킹, #BURGERKING, #치킨킹, #치킨버거, #이찬혁",0.061372589674476466
12,cozzi_mom, 협찬 제품제공 햇살푸드에서  바로본  떡갈비를 보내주셨어요                          200회 이상 치대기로 육즙이 풍부한 바로본 떡갈비는 3종 아로니아 떡갈비  국내산 돼지갈비살에 아로니아를 넣은 담백한  오리지널    고소한 견과를 넣은  견과맛  2종이며  비가열 제품으로 해동 후 기름을 두른 팬에 조리 후 섭취 직화 떡갈비  그윽한 불향을 더해 맛과 풍미가 뛰어난 제품으로 전자레인지에 간편 조리 가능해요 밥반찬  햄버거 패티  술안주  간식 등 다양한 요리로 즐길 수 있어요  80g씩 개별 포장되어 있어 위생적이며 간편하게 즐길 수 있어요  20년 이상 육가공 제품을 제조한 햇살푸드에서 런칭한  바로본 은 신선하고 깨끗한 재료로 바르게 만든 가정 간편식 브랜드 냉기 보존을 위한 쿨박스  아이스팩이 함께 들어있어 안전하게 배송되며  신선함이 오래 유지 바로본 스마트스토어  hsdak com 에서 구매 가능해요      떡갈비 패티는 해동 후 기름두른 팬에 구워야하는 제품이라 훨씬 육즙 많고 촉촉해요  작년부터 여러번 내돈내산 하던 제품이었는데  이번에 직화 떡갈비는 처음 먹어봤고  크기는 조금 작지만 불향이 조금나서 또 새롭네요  모두 먹어봐도 울애는 견과류가 들어있는 떡갈비가 제일 맛있다고 좋아해요                   저는 제공받은 떡갈비로   캐릭터햄버거로   울딸이 좋아하는 먼작귀 뭔가 작고 귀여운녀석 캐릭터 셋중에  우사기 토끼 를 만들었어요   우사기 미니어쳐는 햄버거 왼쪽에 살짝 올려줬어요            제품구매와 문의 haetsalfood_official 제품협찬  햇살푸드  햇살푸드시스템  바로본  떡갈비  떡갈비선물세트  설날선물세트  설날선물추천  설날선물세트추천  설선물추천 명절선물세트  명절선물추천  가성비선물세트  요리스타그램  요리 음식 푸드스타일링 온더테이블 플레이팅 푸드스타그램 fff lfl 캐릭터요리 캐릭터버거 햄버거 먼작귀 우사기,"#협찬, #제품제공💫햇살푸드에서, #제품협찬, #햇살푸드, #햇살푸드시스템, #바로본, #떡갈비, #떡갈비선물세트, #설날선물세트, #설날선물추천, #설날선물세트추천, #설선물추천, #명절선물세트, #명절선물추천, #가성비선물세트, #요리스타그램, #요리, #음식, #푸드스타일링, #온더테이블, #플레이팅, #푸드스타그램, #fff, #lfl, #캐릭터요리, #캐릭터버거, #햄버거, #먼작귀, #우사기",0.06344598797428987
13,piggybossss,막 만들어져서 나온 햄버거는 사랑이다  진짜 맛 있 어       햄버거  수제버거  저녁식사  야식  먹방  먹보  선팔  맞팔  좋아요반사  맛집투어  집밥  요리  좋아요  음식스타그램  맛집  먹스타그램  맛스타그램  먹스타  맛스타  푸드  푸드스타그램,"#햄버거, #수제버거, #저녁식사, #야식, #먹방, #먹보, #선팔, #맞팔, #좋아요반사, #맛집투어, #집밥, #요리, #좋아요, #음식스타그램, #맛집, #먹스타그램, #맛스타그램, #먹스타, #맛스타, #푸드, #푸드스타그램",0.02550279908770475
14,sojeong121, 동생 이랑  내포 에서 늦은 저녁 프랭크버거 JMT  ,"#동생, #내포, #프랭크버거",0.02902757619738752
15,yeoniiique,SUNDAY BURGER CLUB 잠시 미국으로 순간이동 여행왔습니다  패티부터 직접 만들어서 집에서도 햄버거를 만들어 먹을 만큼수제버거에 진심인 저희 부부가 엄지 척  한 맛집 일단 비쥬얼부터 눈 돌아갑니다 푸짐한 양과 크기  폭신폭신한 빵  맛까지 끝판왕 패티가 튀겨져나와서 더욱 특별한데패티도 치킨도 고기 특유의 뻑뻑함이 없고촉촉하고 부드러워서 정말 맛있더라구요 치즈 사워 프라이즈는 200  제 스타일  미국감성 가득한 힙한 분위기의 매장 내부에는굿즈도 판매되고 있는데 굉장히 신선하고 감각적이에요 맛은 주관적이라 정답은 없지만 개인적으로남해에서 먹었던 유명한 수제버거보다도 더 맛있었어요 만약 선데이버거클럽이 뷰 좋은 바다앞에 위치했다면정말 찢었을   것 같은 느낌    수제버거 좋아하시는 분들께 진심으로 추천드립니다        선데이버거클럽  sundayburgerclub_seoul  서울 강남구 언주로170길 37 201호  발렛파킹 가능  11 00   21 20  월 금 15 30 16 30 브레이크타임   1 22 설날 당일 휴무,#선데이버거클럽,0.057018453244868345
16,jihopa, 크라이치즈버거 맛있어서 눈물이나는 버거 금정역과 연결된 AK몰 1층에 위치한 이곳은 프랜차이즈이지만  아기자기한 느낌을 가지고 있다 입장하면서부터 키오스크가있었고 키오스크옆에 음료컵이 꽂혀있다  세트나 음료를 시키는 분들은 이 컵을 갖고  디스펜서에가서 양껏 드시면 된다   근데  단품시키고 가져가는걸 어떻게 통제할까   이곳의 시그니쳐일것같은  더블치즈버거 세트로 주문  배가고프지않았지만  그래도  나오는데시간은  약 12분  정도 걸린듯  앞에 두팀 정도 있었기에  적당한 시간에 나온듯 햄버거사이즈는 왠지 살짝 작아보였다 내용물이 너무 알차서 그런거였을까    말그대로 패티와 치즈  양상추  생양파슬라이스까지 햄버거가 터질정도로 채워나왔다 넘 두꺼워서 입을 크게 벌려도 모잘라 결국 햄버거를 살짝 압축시켰다 신선야채  간만에 느껴보는 매콤한양파  치즈패티두장  뭔가 버거다운버거다 감자튀김은 빠싹튀겨 아주나이스 음료는 예의상 제로콜라  이빠이   손씻는곳도 있어서  깨끗이씻고  클리어     더블치즈버거세트8 900원   음료무한리필   양파구울수있음   매장 노랑빛아기자기 금정역맛집  군포맛집  햄버거  햄버거맛집,"#크라이치즈버거, #더블치즈버거, #금정역맛집, #군포맛집, #햄버거, #햄버거맛집",0.02467343976777939
17,minyoi.spring,오늘은 너무 배고파서 사온 바스버거 제 입맛에는 쉑쉑보다 맛있더라구요 남이 해준 음식 최고야 아르떼펠레 매트는 뭘 올려도 예쁘네요 ,,0.026539498237611446
18,studio_s2j,Burger   chips   kittens set     Burger and chips set with cute kittens   버거 세트를 사면 아기 고양이들을 증정해드립니다,,0.03193033381712627
19,___nana._.eats,제주 맛집  피즈노형  피즈버거 9 2 핫치킨버거 9 2 핫윙 6ps  5 3 치즈갈릭감자튀김 5 3 바닐라쉐이크 6 0  제주 수제버거 맛집   주방이 통창으로 되어있는 오픈키친에 내부는 힙한 감성  수제로 만든 패티라 육즙이 좔좔   심지어 번까지 수제    시그니처 버거인 피즈버거는 파프리카가 있어서 더 맛있었어요   핫치킨버거는 바삭한치킨 사라다가 넘 잘어울렸던    피즈 노형    제주 제주시 노형10길 6 1층 피즈    open 11   00   close 21   00 break time 15   00   16   00 ,"#피즈노형, #피즈버거, #핫치킨버거, #핫윙(6ps), #치즈갈릭감자튀김, #바닐라쉐이크",0.023222060957910014
20,rjsanfwn80,어제 미리 삶아놓은 닭으로아침부터 백숙에 녹두죽 너무 헤비한가용  나머지 닭한마리로닭개장이랑 미역국 끓여놔서세상 든든해요 점심은 너무 큰 엄마표 햄버거  저녁은 불맛입힌 대패삼겹덮밥 오늘은 술친구가 모임가서혼자 부라보콘에 맥주한잔하고 주방마감하려해요 오늘도 수고했어요  화요일  방학식단  백숙  녹두죽  햄버거  토마토주스  감귤주스  델몬트유리병  대패삼겹덮밥  덮밥  집밥  홈쿡  쿡스타그램  온더테이블  삼시세끼  스타우브  스타우브시스테라  아이밥상  아들밥상  푸드스타그램  오늘의요리  오늘의집밥  오늘뭐먹지  맛있다그램  맛스타그램  먹스타그램,"#화요일, #방학식단, #백숙, #녹두죽, #햄버거, #토마토주스, #감귤주스, #델몬트유리병, #대패삼겹덮밥, #덮밥, #집밥, #홈쿡, #쿡스타그램, #온더테이블, #삼시세끼, #스타우브, #스타우브시스테라, #아이밥상, #아들밥상, #푸드스타그램, #오늘의요리, #오늘의집밥, #오늘뭐먹지, #맛있다그램, #맛스타그램, #먹스타그램",0.0215633423180593
21,meltingsoul_official,멜팅소울 핫하다 하태   지난번 멜팅소울속초점은 방송촬영대관으로 인한 영업 단축이 있었는데요  그 이유는 바로바로   내어탈 촬영 때문이였다는 사실   촬영 당일까지 저희도 몰랐던 비밀이였답니다 과연 멜팅소울속초점에서 어떤 일이 있었을까요   군대가기전 여행이라는 어차피 우승은 송민호조은사이 조규현  은지원이 먹었던 저희 메뉴들  나영석피디님이 엄청 맛있게 드셨다는 그 버거   이번주 금요일 10시반 공개 됩니다   으아아   내일은  멜팅소울버거 각     멜팅소울  멜팅소울속초점  멜팅소울다산신도시점  속초맛집  다산맛집  구리맛집  다산동맛집  채널십오야 은지원  규현  조규현  조은사이  송민호  신서유기  언제까지어깨춤을추게할거야  내어깨를봐탈골됐잖아  채널십오야  내어탈 수제버거  햄버거  점메추  점심  분위기  수제버거맛집  속초맛집  다산신도시맛집  버거맛집,"#멜팅소울버거, #멜팅소울, #멜팅소울속초점, #멜팅소울다산신도시점, #속초맛집, #다산맛집, #구리맛집, #다산동맛집, #채널십오야, #은지원, #규현, #조규현, #조은사이, #송민호, #신서유기, #언제까지어깨춤을추게할거야, #내어깨를봐탈골됐잖아, #채널십오야, #내어탈, #수제버거, #햄버거, #점메추, #점심, #분위기, #수제버거맛집, #속초맛집, #다산신도시맛집, #버거맛집",0.0215633423180593
22,mellbrown_lounge,귀여운 사각 멀티 things맬브가 애정하는CCH알루미늄 트레이 시리즈밧드 스타일의 멀티 트레이에요곧 또재밌는 모습 보여드릴께요    𝗆  𝖾  𝗅  𝗅  𝖻  𝗋  𝗈  𝗐  𝗇𝘬𝘪𝘵𝘤𝘩𝘦𝘯   𝘨𝘳𝘰𝘤𝘦𝘳𝘺    트레이 밧드 보관용기 멀티 받드 용기 오븐트레이 빵집 디저트 디저트카페  베이커리카페 베이커리맛집 빵 베이킹 카페창업 햄버거 버거맛집 맛집 버거 핫도그,"#트레이, #밧드, #보관용기, #멀티, #받드, #용기, #오븐트레이, #빵집, #디저트, #디저트카페, #베이커리카페, #베이커리맛집, #빵, #베이킹, #카페창업, #햄버거, #버거맛집, #맛집, #버거, #핫도그",0.0284055567074435
23,songs_kitchens, 아마도 전국에서 젤 유명한 옛날스타일 햄버거라죠  송탄미군부대 앞에 있는  미스진버거미군들한테 팔기 위해 하나둘씩햄버거집이 생겼다는데  이제는 명물이 되버린 송탄식버거  패티 소세지 계란후라이 양배추 양파넘치게 쌓아주시는데길거리토스트의 햄버거 버전같기두 케요네즈 범벅이라 넘 좋았다는  소세지는 딱 부찌에 든 길쭉이햄 송탄 부찌가 유명해서 이런 햄을 넣는듯해요 짭짜롬하니 밥반찬같고 야채도 세상 많아서 전 넘 맛나더라고여 스페셜A 젤잘나감 이 7천원이라다소 비싼감은 있지만 케요네즈  옛날토스트 좋아하는 분들은 분명 맛나게 드실듯  불고기버거는 제 입맛엔 고급스런매점불고기빵 같았    송탄  미스진버거 스페셜A 7 000  불고기 4 500  매주 목요일 휴무   송탄맛집  옛날햄버거  햄버거 햄버거맛집  길거리토스트  토스트맛집  송탄미군부대,"#미스진버거미군들한테, #송탄, #미스진버거📍스페셜A(7, #송탄맛집, #옛날햄버거, #햄버거, #햄버거맛집, #길거리토스트, #토스트맛집, #송탄미군부대",0.2204022392701638
24,sang_ddo_muk,소고기 패티가 맛있는 수제버거동인동    리프버거  슈프림버거세트  11 4 지인이 점장님이 됐네요그럼 또 방문해서 맛 평가를 해야겠죠지인가게라도 내돈내산이라 맛 없으면 안 올리죠이곳은 주문과 동시에 조리가 이루어집니다그만큼 믿을만 하죠 그리고 100  소고기 패티만 사용한다고 하네요또한 케챱 머스타드 티슈 포크 나이프등은 셀프입니다제가 이번에 먹은건 슈프림버거세트로 통살새우패티가 들어가는 버거입니다통살새우패티도 맛있었지만 사실 안에 소고기패티가 무척 인상적입니다100  소고기라는게 거짓이 아닌듯 육즙이 엄청 나와서 맛있어요안에 야채도 많이 들어가서 씹는 맛 신선한 맛 다 느껴졌어요제가 입이 작은것도 있지만 한 입에 베어물지 못하는 크기가 있는 햄버거입니다거기에 화룡점점으로 감자튀김이 집 햄버거 집인데 감자튀김맛집으로 이미 소문이 나 있네요 큼직큼직한 감자에 시즈닝이 뿌려져있어서 달달하니 아주 맛있어요새우깡 만큼 손이 간다고 해야 할까요 여튼 너무 배터지게 먹었습니다그리고 현재   1 31일까지 런치타임할인을 한다고 하네요 여튼 내 돈이지만 점장님 사업 번창하길 바랍니다,#리프버거,0.018867924528301886
25,eunah__p,미쿡 논누와떠요      1년에 한 두번 먹을까 말까 하는햄버거를 먹으러 왔지요   한 입 먹을 때마다 미국 향이      사실   미국 맛 모름     요기 오면 인생샷 무조건 건진다구요 사장님께서 열심히 사진 찍는 모습이기특했는지 수프 서비스까지    오늘 하루 만조쿠   상의 정보는   다음주 중으로 로아시크에 업뎃될 신상 입니됴   ,,0.019282604188264565
26,bro_burger_,깔끔하게 브로버거 한상  고 소한 참깨번 사이에 알차게 들어가있는신선한 야채들과 함께 육즙 팡팡  터지는소고기 100  또는 통닭다리살 패티 버거와외국내새 물씬  풍기는 과카몰리프렌치프라이로든든하게 한끼 브로버거에서 어때요오   원하는대로 취향별로 커스텀까지 가능하다는거       브로버거  수제버거  수제버거맛집  햄버거  햄버거맛집  햄버거스타그램  버거스타그램  버거  버거맛집  방이동맛집  방이역맛집  방이동먹자골목맛집  방이동맛집추천  올림픽공원맛집  광명맛집  광명역맛집  광명맛집추천,"#브로버거, #수제버거, #수제버거맛집, #햄버거, #햄버거맛집, #햄버거스타그램, #버거스타그램, #버거, #버거맛집, #방이동맛집, #방이역맛집, #방이동먹자골목맛집, #방이동맛집추천, #올림픽공원맛집, #광명맛집, #광명역맛집, #광명맛집추천",0.026954177897574125
27,___syong,롯데리아 불고기버거 좋아하는 1인이에요 옛날사람인가요   그리고 저 어제 머리했어요     다시 생머리숑 드라이하는법 잊어버렸숑 ,,0.0294422558573502
28,bbang_of_my_life, 인앤아웃   미국 서부 오면 꼭 먹어보고 싶었던 인앤아웃이에요  캘리 간다고 했을 때 많은 분들이 추천해주기도 하셨는데 드디어 먹어보네요  처음 먹어본다고 하니까 친구가 알아서 주문해줬는데 아마 치즈버거에 양파는 볶은 양파로 한 것 같고  세트로 주문하고 애니멀 소스는 추가해서 감튀에 뿌려먹었어요  치즈버거세트    일단 빵만 먹었는데 맛있더라구요  저는 약간 기름에 절은 촉촉한 빵을 좋아하는데 그 정도는 아니었지만 그래도 버터에 구운 듯 버터리했고 씹을수록 고소한 빵냄새가 올라오더라구요  약간 달달하구요  패티도 진짜 맛있었어요  수제패티느낌 나게 살짝 으스러지는  느낌인데 소고기 풍미가 좋고 살짝 그을린 맛도 잘 나구요    야채도 프레시했고 버거에도 애니멀 소스가 들어가는데 인앤아웃 애니멀 소스가 유명하잖아요  뭔가 했더니 케요네즈에 작은 피클조각  인 거 같은데 버거랑 잘 어울리고 맛있더라구요  노란 치즈도 치지하고 짭짤하니 맛있구요  딱 맛있는 버거의 정석 느낌이었어요  감튀는 생각보다 얇고 조금 메마른 편이었는데 롯데리아 감튀에서 좀 더 상위버전 느낌  검은색이 보이는 게 후추도 좀 뿌린 것 같구요    아 그리고 미국 음식은 좀 짜서 입에 안 맞는 경우가 많았는데 여긴 솔트를 따로 줘서 좋더라구요  물론 제 기준 소금 안 뿌려먹어도 충분한 정도의 간이어서 안 뿌리긴 했어요  기호에 맞게 뿌려드시면 좋을 거 같아요  그리고 애니멀 소스가 맛있으니 따로 추가해서 버거나 감튀 찍어드시면 좋을 거 같아요   인앤아웃  버거  햄버거  인앤아웃버거  치즈버거  innout  inandoutburger  burger  california  americanfood  food  foodie  hamberger  미국  미국여행  미국생활  미국서부여행  미국서부  교환학생,"#치즈버거세트, #인앤아웃, #버거, #햄버거, #인앤아웃버거, #치즈버거, #innout, #inandoutburger, #burger, #california, #americanfood, #food, #foodie, #hamberger, #미국, #미국여행, #미국생활, #미국서부여행, #미국서부, #교환학생",0.02073398299813394
29,ssobubbly,01 10 화요일입니다  맥도날드 행운버거 궁금해서픽업해왔는데생긴거만큼맛이없네요 단품5 100원소스는데리야끼 소스같구마요도살짝묻혀져있던거같은데   패티도별로고제취향은아닌걸로   같이산베토디가훠얼씬낫네요  내돈내산  내돈내먹,"#맥도날드, #행운버거, #내돈내산, #내돈내먹",0.02177068214804064
30,ma_bef,54 협찬 대전 신세계백화점  파이어벨  수제버거 좋아하는 사뢈 모여랏  대전 신세계백화점 한밭대식당에 입점된 수제버거 가게에요   MENU 굿모닝치즈버거 10 5  더블치즈버거 8 5  비티디버거11 5굿모닝치즈버거는 후라이가 들어간 버거    노른자랑 체다치즈 맛이 잘어울렸어요 비줠도 제일 예쁜 버거  요건 속 든든하게 좋네요  비티디버거는 살짝 구운 말린 토마토와 베이컨 스리라차 소스가 들어갔어요 소스가 매콤해서 토마토랑 너무 찰떡더블치즈는 제 최애  고기패티 육즙을 그대로 느낄 수 있고 제일 안 물리게 맛있었어요  Basic is the best 백화점 가셨다가 출출하실 때 가볍게먹기 좋은 메뉴로 추천합니다     대전 유성구 엑스포로 1 신세계 백화점 5층 한밭대식당 파이어벨 대전신세계백화점  대전신세계맛집  신세계입점  대전맛집  수제버거맛집  대전수제버거  대전수제버거맛집  대전파이어벨  파이어벨  햄버거  hamburger  food,"#협찬, #대전신세계백화점, #대전신세계맛집, #신세계입점, #대전맛집, #수제버거맛집, #대전수제버거, #대전수제버거맛집, #대전파이어벨, #파이어벨, #햄버거, #hamburger, #food",0.027990877047480822
31,nanahonomoka,ウェンディーズ久しぶり ウェンディーズバーガートリプルにワイルドロック乗っけてパティ5枚バーガーを作るって遊び どうしてわざわざ食べづらくするんだろう 不思議 口の周りベタベタだし鼻の穴にソースとか入るし良いことが見当たらない遊びでも心の底からグッとくるこの遊びはやめられそうにないな ウェンディーズはチェーン店の中ではパティが美味しくて好き 皆様も是非   ハンバーガー  ハンバーガー大好き  ハンバーガー好きな人と繋がりたい  햄버거  ハンバーガー部  ハンバーガー女子  ハンバーガーランチ  ハンバーガー巡り  ハンバーガー好きと繋がりたい  ハンバーガー男子  東京ハンバーガー  ウェンディーズ  ウェンディーズファーストキッチン  はんばーがー  hamburger,"#ハンバーガー, #ハンバーガー大好き, #ハンバーガー好きな人と繋がりたい, #햄버거, #ハンバーガー部, #ハンバーガー女子, #ハンバーガーランチ, #ハンバーガー巡り, #ハンバーガー好きと繋がりたい, #ハンバーガー男子, #東京ハンバーガー, #ウェンディーズ, #ウェンディーズファーストキッチン, #はんばーがー, #hamburger",0.025710138917686087
32,kate_burger.official, 장사를 하다보면 유난히 기억에 남게 하는 고객들이 계세요  늘 응원해주시고 칭찬해주심에 넘 감사드립니다 하루이틀 하는 장사도 아니고 가끔 위기와 지침이 찾아올 때 이런 찐으로 받는 메시지에 힘내고 갑니다 오픈초기부터 배민에 남겨주시는  ㅇㄱ 님 넘넘넘 감사합니다    매일 직접 만드는 육즙 터지는 100  소고기 패티 탱글탱글 식감이 입안에서 터지는 100  수제 새우패티 폭신폭신 버터향 넘치는 부드러운 브리오쉬번 그리고 신선한 야채 가득한 리얼수제버거 햄버거에 사용되는 모든 패티는 100  수제로 만들고 있어요   케이트버거 올림픽로 35길 124 장미상가A동 B1 13호 02 2202 7667 월 토 10 30 21 00 잠실맛집  잠실역맛집  송파맛집  잠실맛집추천  잠실수제버거  수제버거  수제버거맛집  수제버거전문점  단체주문  단체도시락주문  버거맛집  롯데월드맛집  햄버거  햄버거스타그램,"#잠실맛집, #잠실역맛집, #송파맛집, #잠실맛집추천, #잠실수제버거, #수제버거, #수제버거맛집, #수제버거전문점, #단체주문, #단체도시락주문, #버거맛집, #롯데월드맛집, #햄버거, #햄버거스타그램",0.04043126684636119
33,shakeshackkr인증됨,쉐이크쉑 3대장   닭가슴 통살을 수비드 조리하여 겉 바 속 촉  치킨쉑  심플한 조합이지만 최고의 맛을 내는쉐이크쉑 대표 메뉴 쉑버거  하나만 맛보면 섭섭하지비프 패티 위에 버섯 패티를 더한 완벽한 조합의 쉑스택 지금 당장 쉐이크쉑에서 먹고 싶은 여러분들의 PICK은          댓글로 외쳐  ,,0.273688575575368
34,cheeseburgerlike, 신용산의봄 그 뭐냐 침스버거왔다 오늘원래부터 알고있던 버거집인데   좀 늦었다  신용산역 1번출구랑 가까워용주희누님이 칭찬하신 버거집 중 한 곳이기도 하다내가 시킨거는 베이컨침스버거 싱글세트거기에 버팔로윙까지 조졌다아직도 햄버거 먹을 때 윙 안먹는 사람 없지 버거에 절인양파랑 할라피뇨다진거랑 메이플소스랑베이컨이랑 치즈패티 이렇게 인데   피클은 삭제해버림메이플소스가 은근히 맛을 방해함 없는게 나을 거 같음다 적당히 괜찮고 맛있는데저거만 빼면 더 맛있을 것 같음 ㅇㅇ빵도 브리오슈번이라 촉촉하고 맛있음버팔로윙은 알싸하니 맛있다 ㅇㅇ그냥 흔히 맛있는 그 윙의 맛 그대로다다음에 오면 기본으로 되어있는 치즈버거 먹어야겠다그게 더 맛있을 거 같음  아 그리고 여기 가지튀김이 되게 유명하다던데피클이랑 가지 연근 이딴거 극혐하는 나는 눈길도 안줬다그래도 유명하다니까 좋아하면 먹어보길,#신용산의봄,0.0294422558573502
35,cafebarruheplatz, こんにちは  2023年最初の投稿です 皆様 出遅れてしまいましたが明けましておめでとうございます    今年もよろしくお願い致します  paypayクーポン大好評 配信中 第一弾は 1月21日までなのでお急ぎください    今後も配信していく予定ですのでお見逃しなく      小月ランチ 小月テイクアウト 清末ランチ 小月 清末 下関 下関グルメ 下関ランチ 下関ディナー  下関バー 下関カフェ巡り 山口居酒屋 下関カフェ  山口カフェ  下関居酒屋 山口ランチ 山口グルメ ループラ  ルーエプラッツ ハンバーガー バーガー バーガー屋 テイクアウト テイクアウトグルメ  humberger  テイクアウトランチ 햄버거 下関テイクアウト 山口テイクアウト,"#小月ランチ, #小月テイクアウト, #清末ランチ, #小月, #清末, #下関, #下関グルメ, #下関ランチ, #下関ディナー, #下関バー, #下関カフェ巡り, #山口居酒屋, #下関カフェ, #山口カフェ, #下関居酒屋, #山口ランチ, #山口グルメ, #ループラ, #ルーエプラッツ, #ハンバーガー, #バーガー, #バーガー屋, #テイクアウト, #テイクアウトグルメ, #humberger, #テイクアウトランチ, #햄버거, #下関テイクアウト, #山口テイクアウト",0.037321169396641096
36,banhada4444,순심이랑  본투비버거 하나만 먹어도 배불렁 ,#본투비버거,0.022185361808003318
37,etc_zine, 세계적인 스타 셰프 고든램지의  고든 램지 버거 가 캐주얼 콘셉트로 새롭게  고든 램지 스트리트 버거 를 아시아 최초로 국내에서 오픈합니다   고든 램지 스트리트 버거 는 지난 2020년 영국에서 첫 런칭한 브랜드로 기존  고든 램지 버거 보다 상대적으로 저렴한 1 2만원대 버거를 선보이는 매장입니다  이번에 아시아 최초로 한국에 오픈하는  고든 램지 스트리트 버거 에서는 한국인들을 위해 김치와 베이컨이 들어간  코리안 스매시 버거   소고기 패티를 활용한  O G R 버거   프라이드 치킨을 활용한  J F C  버거  등 7가지 버거와 감자튀김 그리고 음료 등을 판매할 예정입니다  오는 3월  현대백화점 무역센터점 지하 1층에서 만나보실 수 있습니다    gordonramsaystreetburger  추후 업데이트 되는 소식에 관해서는  ETC 앱을 통해 수시로 확인하여 알림드리도록 하겠습니다   플레이 스토어   앱 스토어에서  이티씨  검색 또는 인스타 프로필 링크를 통해  ETC  앱을 다운받으실 수 있습니다   다운로드 링크   https   etcko page link download,,0.07173958117354344
38,lycheeandfriends,제 새해소원은   아무리 먹어도 살 안찌게 해주세요  New year wish is   eat more without gaining weight       햄버거  자이언트햄버거  타워  수제버거  점심시간  오늘의메뉴  Hamburger  giantburger  tower  handmade lunch  menuoftoday  calories  diet  weight 리치  조비  리치앤프렌즈  LYCHEE  JOBI  LYCHEEANDFRIENDS,"#햄버거, #자이언트햄버거, #타워, #수제버거, #점심시간, #오늘의메뉴, #Hamburger, #giantburger, #tower, #handmade, #lunch, #menuoftoday, #calories, #diet, #weight, #리치, #조비, #리치앤프렌즈, #LYCHEE, #JOBI, #LYCHEEANDFRIENDS",0.1300020733982998
39,sollip_marie,Walking along Venice Beach you can meet the lovely smell If you looking for an American smash burger  this is it 바다앞 햄버거집   베니스비치를 따라 걷다보면 유독튀는 건물을 볼 수있다 패티가 진짜 남다르고 하우스소스가 이집에 또다른 맛 바다보며 햄버거먹기 가장 미국스러운 ,,0.019904623678208583
40,bro_burger_, 방이점 이용안내안녕하세요 브로버거입니다    금일 방이점 전체 대관으로 인해 워크인고객분들 이용불가한점 양해부탁드리며광명점은 정상영업으로 찾아뵙겠습니다오시는 발걸음에 참고부탁드립니다 감사합니다     브로버거  수제버거  수제버거맛집  햄버거  햄버거맛집  햄버거스타그램  버거스타그램  버거  버거맛집  방이동맛집  방이역맛집  방이동먹자골목맛집  방이동맛집추천  올림픽공원맛집  광명맛집  광명역맛집  광명맛집추천,"#브로버거, #수제버거, #수제버거맛집, #햄버거, #햄버거맛집, #햄버거스타그램, #버거스타그램, #버거, #버거맛집, #방이동맛집, #방이역맛집, #방이동먹자골목맛집, #방이동맛집추천, #올림픽공원맛집, #광명맛집, #광명역맛집, #광명맛집추천",0.027990877047480822
41,whdkdyb,왕왕 맛있었던  수제버거 맛집사진 보니까 또 먹고 싶다아  오리지널이랑 머쉬룸 두 개를 시켰는데 오리지널은 징짜 재료의 신선함이 느껴지는 fresh한 맛  머쉬룸은 소스가 인상깊고 자극적이라 또 생각나는 맛     베이커리에서 직접 만든 수제 번이라서 그런지 진짜 빵에서부터 맛있는게 느껴졌당    스몰플레이트도 많아서 엄청 고민했는데 역시 버거에는 감튀지   특히나 난 커틀러리가 너무 마음에 들었는데   칼질이 너무 부드럽게 잘 되서 햄버거를 흐뜨러트리지 않고 자를 수 있음   매장 분위기부터 식기까지 고급스러움을 빼고는 말할 수가 없는 곳  지축맛집  지축역맛집  써프수제버거  수제버거  수제버거맛집  고양이케아맛집  스타필드고양맛집  지축지구  스타필드고양  고양수제버거맛집  써퍼버거  SUF  햄버거  수제버거 맞팔 데일리 팔로우 좋아요 셀스타그램 일상 일상스타그램 소통 팔로우 아이폰 셀카 운동스타그램 취미스타그램,"#수제버거, #지축맛집, #지축역맛집, #써프수제버거, #수제버거, #수제버거맛집, #고양이케아맛집, #스타필드고양맛집, #지축지구, #스타필드고양, #고양수제버거맛집, #써퍼버거, #SUF, #햄버거, #수제버거, #맞팔, #데일리, #팔로우, #좋아요, #셀스타그램, #일상, #일상스타그램, #소통, #팔로우, #아이폰, #셀카, #운동스타그램, #취미스타그램",0.018867924528301886
42,burgerkingkorea인증됨,와퍼 3종 할인은 못 참지   1월 2 3주 차 할인킹  1 9 1 20  2개 사면 8 000원 와퍼  치즈와퍼  불고기와퍼제외매장  http   ilk kr jOqNaCL  버거킹  BURGERKING  행사  할인,"#버거킹, #BURGERKING, #행사, #할인",0.08252125233257308
43,pupaxx__, 협찬  파이어벨  firebell미국감성 그대로  독보적인 수제버거 존재감 뿜뿜내는 파이어벨에 다녀왔습니당ღ 주목해주세요 이미 서울  경기권에서 찐 맛집으로 유명한 수제버거 전문점  파이어벨  이 드디어 대전에 상륙했다고 해요 대전 신세계백화점 5층  한밭대식당 입구 들어가자마자 강렬한 빨간간판으로 시선강탈하는 𝕗𝕚𝕣𝕖𝕓𝕖𝕝𝕝 거기에 10가지나 되는 수제버거로 또 한번 제 눈을 사로잡아버렸죠 사진  설명이 잘 적혀있는 센스있던 메뉴판을 보고베스트 메뉴인  닥터레오 세트    치즈프라이  추가미국갬성을 온전히 느낄 수 있는  칠리킹 세트빠지면 안되는  코울슬로 까지 주문했답니당 _ 신선하고 두툼한 패티는 수제버거의 기본 𝕗𝕚𝕣𝕖𝕓𝕖𝕝𝕝의 수제버거들은 쫀득 폭신한 햄버거 번을 베이스로 참깨가 가득 뿌려져 있고  주문 즉시 패티를 직접 구워주셔서 따뜻함과 육즙을 더더욱 느낄 수 있었어요  그리고 세트메뉴 주문 시 치즈프라이 추가와 아삭 고소함 가득했던 코울슬로를 꼭 잊지말아주세요 _    미국식 정통 수제버거를 𝚏𝚒𝚛𝚎𝚋𝚎𝚕𝚕덕분에 제대로 뿌실 수 있었어요  제가 첫 한입 먹고 감탄을 금치 못했던  칠리킹 은 정말 완전 살앙이였어효   감사합니당 _     위치   대전 유성구 엑스포로 1 신세계 백화점 5층 한밭대식당 파이어벨  운영시간월 금 11 00 20 30   토  일 11 00 21 00,"#협찬, #파이어벨, #firebell미국감성",0.025710138917686087
44,_jung._.e__,맥도날드야 나는 이제 겨우 26살인데너랑 9년을 함께했네 이제 유니폼입을날 겨우3일 남았당이제진짜 마지막이라 생각하니까 조금 아쉽긴해    ㅋㅋㅋㅋㅋ 그래도 퇴사 후회는 안해ㅋ  난 단하루도 열심히 안한날이 없는것 같군유니폼입고 일할때만큼 다른일도 열정적으로 잘해내길 응원해줘 즐거웠다 다시는 유니폼 입지말자    안 녕    세상출근샷 엄청 많네  당황여기저기맥도날드에서 만난 인연은 다 소중해퇴사해도 나랑 연락해죠 여러분    20140429 알바로시작해서 절대안한다던 매니저까지 이제진짜진짜안해    이젠 손님으로 가야징  맥도날드 매니저 알바 햄버거,"#20140429, #맥도날드, #매니저, #알바, #햄버거",0.0215633423180593
45,zini.yummy, 협찬 수제로 만든 두툼한 소고기패티에 촉촉하고 육즙 가득한  서프버거  알찬 재료로 구성된 서프버거 주문과 동시에 조리되는 수제버거라서 어느정도는 시간이 걸리지만 정성가득한 햄버거이다  햄버거에서 가장 중요한 패티는 소고기로 육즙가득 촉촉 그자체이고 불맛이 살짝나서 더욱이 맛있게 느껴진다  이게 진짜 수제버거의 맛인가 싶은    번도 퍽퍽하지 않고 고소하고 부드러워서 그냥 단독으로 먹어도 맛있고 그릴에 고소하게 구워 더욱 담백하게 느껴진다 같이 시킨 치즈프라이는 소스범벅으로 감자는 바삭 느낌보다는 촉촉한데 개인적으로 소스가 많아서 너무너무 만족스러운 고소한맛  리얼찐치즈의 맛와구와구 먹고 콜라한번 싹 먹으면 개운하다  재료 하나하나 신경쓰고 신선함이 느껴져서 만족스러웠고 다음에 꼭 다시 방문할 예정     머쉬룸버거   10 8    오리지날버거   9 0    치즈프라이   6 5    탄산   3 0    위치   경기 고양시 덕양구 안진로 41 지축맛집  지축역맛집  써프수제버거  수제버거  수제버거맛집  고양이케아맛집  스타필드고양맛집  지축지구  스타필드고양  고양수제버거맛집  써퍼버거  SUF  햄버거  수제버거 먹팔  먹스타  맞팔  맞팔선팔환영  선팔하면맞팔  먹방  소통  좋아요  food  foodstagram  follow,"#협찬, #서프버거, #지축맛집, #지축역맛집, #써프수제버거, #수제버거, #수제버거맛집, #고양이케아맛집, #스타필드고양맛집, #지축지구, #스타필드고양, #고양수제버거맛집, #써퍼버거, #SUF, #햄버거, #수제버거, #먹팔, #먹스타, #맞팔, #맞팔선팔환영, #선팔하면맞팔, #먹방, #소통, #좋아요, #food, #foodstagram, #follow",0.03379639228695833
46,yeonwoo_jang3674,샵앤샵카페에서 일한지 두달친정에 일생길때마다 편의를 다 봐주시는이뿌니 사장님덕에 편하게 일하고 있어요  이모님 언제든지 미리 얘기만해주시면이모님편의는 봐드릴께요 이렇게 얘길해주시니저도 더 열심히 일하고 있어요카페만 하시다가샵앤샵으로 운영하면서 제가 투입이됐답니다소꼽놀이 좋아하는 저에게는카페일이 재밋어요 가까이 계시는분들커피ᆢ샐러드ㆍ햄버거ㆍxo핫도그 등등드시러 오세요    ㆍㆍㆍㆍㆍㆍ 일상 카페일상 당진가볼만한곳 당진카페 당진핫한카페 당진 송산면 커피는당진커피 카페스타그램 샐러드 햄버거 xo핫도그,"#일상, #카페일상, #당진가볼만한곳, #당진카페, #당진핫한카페, #당진, #송산면, #커피는당진커피, #카페스타그램, #샐러드, #햄버거, #xo핫도그",0.024880779597760732
47,mei_lan0908,오랜만에 만난 맛있는 미국스타일 수제버거 맛집 와프  몇 분이세요  1명이요  할 때  뭔가 재미있게 느껴집니다  의외라는 눈빛 3초  그리고는 너무도 편하게 맞이해 주셨네요     생각했던 것보다 좀 더 다이닝 플레이스 같았던 곳  여럿이서 오시는 분들이 더 많더라고요  테이블은 바 테이블 말고는 모두 2인 이상으로 앉을 수 있도록 되어 있었어요  테이블마다 약간의 거리감과 부드럽고 묵직한 우드톤의 가구들  차분하게 시간 보내기 좋았어요     패티  튀김류  소스 대부분 직접 만드신다고 하고  특히나 고기 자체를 직접 숙성해서 하신다고 하니 흔쾌히 선택한 곳이기도 해요  외식할 때는 기왕 먹을 거 맛있는 거 좋은 거 재미있는 거 먹자하는 마음  혼밥 하러 가도 나를 위해 내는 드문 시간이기에 항상 마음이 방방 거리고 있답니다     클래식 치킨버거  좀 더 매운 것 잘 못 먹는 제 기준에서 약간 매콤하고 적당히 자극적이라 오히려 더 좋았어요  맨날 쪙이를 위해서    별별 음식 다 가려 먹었던 게 엊그제 같은데  지금 먹는 이 버거는 그냥 버거가 아니라 자유의 버거죠     삼덕동은 골목골목이 좁은지라  주차할 공간을 찾기가 어려운데 운 좋게 찾을 수도 있습니다  후훗  가게 앞에는 주차가 불가능한 길이더라고요     화장실은 건물 경계 안 야외인데  아주 널 찍하고 깔끔했네요  누군가 열심히 가꿔가는 공간 탐구  오늘도 감사합니다     수제버거 와프  wafp_office,"#수제버거, #와프",0.03151565415716359
48,jjeju_luv,  햄덕이가추천하는 맥도날드 햄버거메뉴 추천   빅맥빅맥버거세트베이컨토마토디럭스맥치킨모짜렐라슈슈버거1955버거더블불고기버거 오늘의야식  햄버거  푸드스타그램  야식  오늘의점심 hamburg  hamburger  hamburguer,"#맥도날드, #빅맥빅맥버거세트베이컨토마토디럭스맥치킨모짜렐라슈슈버거1955버거더블불고기버거, #오늘의야식, #햄버거, #푸드스타그램, #야식, #오늘의점심, #hamburg, #hamburger, #hamburguer",0.08438731080240515
49,misu7171,息子君とランチ   北千住ランチ  息子君とデート サニーダイナー  グルメバーガー  ハンバーガーランチ  チーズバーガー コカコーラ  ポテト 먹스타그램  아들과데이트  햄버거  lunch  hamburger   sunnydiner,"#北千住ランチ, #息子君とデート, #サニーダイナー, #グルメバーガー, #ハンバーガーランチ, #チーズバーガー, #コカコーラ, #ポテト, #먹스타그램, #아들과데이트, #햄버거, #lunch, #hamburger🍔, #sunnydiner",0.026539498237611446
50,_im._.good_____, 햄버거 맛집 쉐이크쉑 버거 수유역 근처에 생긴 매장이 아주 넓고 깔끔한쉐이크쉑버거 입니다    쉑버거  쉑스택기본인 쉑버거는 수제버거 맛이 나더라구요 빵이 엄청 부드럽고 크기도 좋았어요 패티가 두툼하며 불맛도 나고 안에 들어있는야채들이 정말정말 신선했어요   아삭아삭육향이 가득한 패티와 치즈 양상추 토마토만으로 충분히 맛있었어요  쉑스택은 특이하게도 튀긴 버섯이 들어가요한입에 베어물기 조금 힘든 쉑스택       소스는 과하지않고 버섯과 치즈의 감칠맛이극대화된 상태로 패티 육즙을 타고 흘러요 아무래도 기본인 쉑버거 보다는 향 자체가 조금 더 진하게 느껴져요  포장이라 밀크쉐이크 녹아서 맛없을까바 못샀   느끼하고 짜다고 많이 들었는데생각보다 괜찮게 먹었어요     감사히 잘 먹었습니다  위치   서울 강북구 도봉로 315  수유동  에피소드 수유 838  1층 쉐이크쉑 수유점     햄버거 hamburg  burger  쉐이크쉑  shakeshack  brunch  beef  mushrooms  cheese  fresh  food  데이트  서울맛집  강북맛집  맞팔  フォローバック  相互フォロー  먹팔  맛집  수유  수유맛집  미아사거리맛집  길음맛집  쌍문맛집  번동맛집  우이동맛집  햄버거맛집  치즈  고기  맛있다,"#햄버거, #hamburg, #burger, #쉐이크쉑, #shakeshack, #brunch, #beef, #mushrooms, #cheese, #fresh, #food, #데이트, #서울맛집, #강북맛집, #맞팔, #フォローバック, #相互フォロー, #먹팔, #맛집, #수유, #수유맛집, #미아사거리맛집, #길음맛집, #쌍문맛집, #번동맛집, #우이동맛집, #햄버거맛집, #치즈, #고기, #맛있다",0.04499274310595065
51,sul._.gwang, 콘스델리  춘천시청점 해장에 치즈버거 좋아하는 사람  적당한 숙취엔 햄버거 해장이 생각보다 괜찮답니다   춘천 시청 쪽에서 하루 자고 가게 되었는데 외관이 갬성갬성해서 우연히 방문한 버거집       춘천에서는 맛집으로 유명한 수제버거집 인가봐요 11시에 갔는데도 사람이 꽤 있었고  배민 주문이 계속 들어오더라구요 그래서 그런지 음식은 살짝 늦게 나오지만 깔끔하고 미쿡스런 인테리어와 오픈주방 덕에 깨끗함이 보여 믿고 먹을 수 있는 버거집        치즈버거 고급진 맥도날드 치즈버거 ver 치즈버거에 케찹소스와 피클 들어가있는거 좋아하시는 분들은 누구나 정말 맛있게 먹을 수 있는 버거 ツ 오리지널파스트라미뉴욕식 파스트라미 샌드위치는 처음 먹어보는데  소고기 양지를 숙성 및 훈연해 만든 고기를 파스트라미라고 한데요 옐로우 머스타드 소스와 잘 어울려 든든하게 먹었고 특히 같이 나오는 수제 피클 쫀맛탱 ツ  근데 파스트라미가 살짝 많이 익혀진 것 같아 아숩   치즈버거 싱글    단품 6 900원  세트 9 900원  오리지널 파스트라미    단품 12 000원  세트 14 900원 주소   강원 춘천시 옥천길 3 콘스델리 춘천시청점  강원도  춘천  콘스델리,"#춘천시청점, #치즈버거, #오리지널파스트라미뉴욕식, #강원도, #춘천, #콘스델리",0.060543230354551114
52,k.junhyuk_94,  친하신 분께서  기프트콘 을 주셔서KFC에서 저녁식사를 해봤습니다     식사장소     kfc  안양일번가점  가격    기프트콘  타워버거 단품 6 100원             스프라이트  L  2 200원             갈릭스노잉블랙라벨치킨 1조각 3 500원   피드에 보이시는   햄버거 는몇주 전에 회사에서 퇴근을 하고나서개인용무로 인해서   안양역 에 왔을 무렵저녁식사로 먹었던 것입니다  피드 속의 상황을 설명드려보자면좀 더 예전에 친하신 형님께서 이벤트로 기프트콘 을 준다는 정보를 제게 알려주셨고 이벤트 제품들 중에서 원하는거 하나를빠르게 골라야 한다고 말씀하시기에   타워버거  단품 무료쿠폰을 받은 적이 있었어요  그렇게 오래간만에   안양일반가 에 있는  케이에프씨 에 다시 찾아가게 되면서알찬 식사 시간을 보내고도 왔는데 단품 햄버거만으로는 양이 부족할까봐 탄산음료 L 과 당시 감자튀김 대신신메뉴였던   갈릭스노잉블랙라벨치킨 을추가로 주문해서 나름 세트메뉴 느낌을 내봤습니다     다음으로 식사 당시주관적인 입맛으로 느낀 후기를 써볼까하는데 먼저 무료로 먹었던  타워버거 의 경우 맛은옛날 그대로 유지하면서도버거 양이 전체적으로 늘은 듯 했습니다  특히  닭가슴살 패티 가 옛날 대비 많이 커졌는데바삭한 튀김 옷맛을 선보여주더라고요  두번째로 버거 속에 들어간살짝 매콤한 소스의 맛과 담백한 맛이 함께 어울어져서식욕을 자극해주면서 부드러운 식감의  해쉬브라운 을 함께 먹으니든든한 한끼를 보장해주는 기분이 들었습니다    감자튀김 대신 먹었던  갈릭스노잉블랙라벨치킨 의 경우표면에 뿌려진 가루에 의해 BHC 뿌링클  치킨이 연상될 만한단짠 맛을 진하게 느꼈습니다  그리고 마늘 맛이 깊고 강하게 나타기도 하는데끝맛에서 조금 매운 맛이 오래남아서 여운을 느꼈으나 너무 자극적인 치킨 맛이기에 쉽게 물리게 되서많이 먹기도 어렵겠다고 생각 들었어요  그렇다보니 어느정도 맛이 보장되는  블랙라벨치킨 일지라도자주 사먹고 싶은 마음이 안들었기에만족스럽지 못한 신메뉴였습니다       먹스타  피드를 마무리지기 앞서서친하신 분 덕분에 몇년 만에 타워버거 를 먹게 되니 좋은 시간을 보냈었는데 과거에 먹었던 그 맛을 거의 유지한채로업그레이드 됀 맛이라고가격대의 버거에 걸맞는 퀄리티를 접하고 왔었군요  다만  갈릭스노잉 블랙라벨치킨 의 경우저만 그렇게 느낀지는 모르겠지만 너무 자극적인 맛이라 한번 쯤은 먹어도두번 이상 먹고 싶은 메뉴는아닌 것 같다고 생각도 들었습니다  그래도  KFC 가 예전과 비교해서퀄리티가 상향평준화 됐다는 느낌을 타워버거 를 통해서 다시 느꼈기에 언제가 될지는 몰라도 나중에 KFC 에서 식사 할 날이 찾아올 것이라 봐요       먹스타맞팔  먹스타그램맞팔  먹스타그램 먹부림 솔직후기  치킨버거 좋아요반사  좋반  선팔하면맞팔  맞팔,"#kfc’, ""#햄버거는몇주"", ""#안양역에"", ""#타워버거"", ""#안양일반가에"", ""#케이에프씨에"", ""#갈릭스노잉블랙라벨치킨을추가로"", ""#블랙라벨치킨일지라도자주"", ""#먹스타"", #먹스타맞팔, #먹스타그램맞팔, #먹스타그램, #먹부림, #솔직후기, #치킨버거, #좋아요반사, #좋반, #선팔하면맞팔, #맞팔",0.027990877047480822
53,livingjoa, 공구오픈 직접 만드는 DIY  수제 하트버거 밀키트  한입 베어무는순간   기절   좋은 재료로 속도 편해요  재미와 맛까지 다 챙겼다   육즙팡팡  이거 진짜 맛있어요   100  순쇠고기패티     수제 브리오슈번  이거진짜 빵이랑 고기가 대박 맛나요  수제 하트버거 밀키트 가져왔어요 빵이랑 패티만 조리하심 되구 나머지는 착착 올리기만 하면 끝   간단하니까 아이와 함께하기 좋아요 ㅎㅎ모양도 넘 이쁘죠  직접 해서 먹어봤는데  진짜 유명 수제버거집에서 먹는 맛이에요   소스도 진짜 진짜 맛있구   맛도 맥 날  저리가라예요 전부 개별포장으로 위생적이며넉넉하게 재료를 넣어 만들 수 있어요 버터도 드리는데 버터계의 명품 이즈니버터 넣어드려요 풍미가 아주 그냥 ㅎㅎ수제패티는 잡내 안나고 매달  성분안전검사를 진행하여누구나 안심하고 드실 수 있습니다 재료가 좋아야 속이 편합니다 재료가 좋아 콜라 없이도 드실 수 있으며아이들도 좋아할 만큼 자극적이지 않아요  사실 어른들이 더 좋아합니다  ㅎ 어떠신가요 댓글로  알림신청 하고 드셔보세요       지금바로 재료들 데려가세요          리빙조아  공구  햄버거  수제버거,"#공구오픈, #알림신청, #리빙조아, #공구, #햄버거, #수제버거",0.04146796599626788
54,nobrandburger.official,   짜잔   계묘년 이 시작된 기념으로 토끼 버거를 만들어 봤답니다   코을슬로치킨버거 의 바삭하고 커다란 치킨 패티가토끼 귀로 찰떡인 거 같죠  보기 좋은 버거가 맛도 좋은 법 나별빛이 얼마나 맛있는지 한번 먹어보겠습니다   귀여운 토끼가 없어지는 건 차마 볼 수 없으니한입에 와앙 하고 다 먹어버려야겠어요  노브랜드버거  NBB  NoBrandBurger 캐릭터  햄버거  캐릭터도시락  토끼해 2023년  새해  새해복  일상  일상스타그램,"#계묘년, #토끼, #코을슬로치킨버거, #노브랜드버거, #NBB, #NoBrandBurger, #캐릭터, #햄버거, #캐릭터도시락, #토끼해, #2023년, #새해, #새해복, #일상, #일상스타그램",0.12481857764876633
55,bro_burger_,월요일엔 바삭  하게  순살치킨  근접샷으로 보는 겉바속촉 순살치킨라인업  보기만해도 윤기 싹  돌면서 군침이 싹 특제 소스가 올라가 바삭  한 치킨과함께 조화롭게 딱  요기에 시 원한 맥주와 함께라면더할나위없이 좋더라죠   브로버거  수제버거  수제버거맛집  햄버거  햄버거맛집  햄버거스타그램  버거스타그램  버거  버거맛집  방이동맛집  방이역맛집  방이동먹자골목맛집  방이동맛집추천  올림픽공원맛집  광명맛집  광명역맛집  광명맛집추천,"#순살치킨, #브로버거, #수제버거, #수제버거맛집, #햄버거, #햄버거맛집, #햄버거스타그램, #버거스타그램, #버거, #버거맛집, #방이동맛집, #방이역맛집, #방이동먹자골목맛집, #방이동맛집추천, #올림픽공원맛집, #광명맛집, #광명역맛집, #광명맛집추천",0.027576197387518143
56,miso.chief,1  햄버거 시도2  미소의 헤드락 참교육참지않긔        ,,0.03172299398714493
57,limhj9781, 제품제공인스타  한우자조금관리위원회 에서 작년에보내주신 깁티로  롯데리아한우불고기콤보 햄버거와콜라  점심  맛있게 먹었습니다 이게 거이 만원이라늬  두배 맛있게 감사하는 마음으로 냠냠         한우패티 은근 매콤한 소스였어서깊은맛이 느껴지는  햄버거      너무 커서 짜를수가 없을만큼  야채그득  맛스타그램  버거러버  좋아요   미세먼지조심  헬요일화이팅  안과내원  ,"#제품제공인스타, #한우자조금관리위원회, #롯데리아한우불고기콤보, #햄버거와콜라, #점심, #맛있게, #한우패티, #햄버거, #\U0001faf6🏻너무, #야채그득, #맛스타그램, #버거러버, #좋아요💕, #미세먼지조심, #헬요일화이팅, #안과내원",0.041882645656230566
58,superduper.kr, 𝙎𝙐𝙋𝙀𝙍 𝘿𝙐𝙋𝙀𝙍  기막히게_좋은_시작 EVENT 슈퍼두퍼 Time 일상 속 슈퍼두퍼 에너지가 필요한 시간은 언제인가요    점심  슈퍼더블버거 먹고 더블 에너지 내뿜기    퇴근 후 저녁  친구들과 프렌치 프라이즈에 맥주 한모금 마시고 하루 스트레스 씻어내기 슈퍼두퍼 에너지가 필요한 순간을 댓글로 공유해주시면  추첨을 통해 5분에게  슈퍼두퍼 메뉴 교환권 을 드려요   이벤트 기간   1 9 1 15   발표  1 20 24시간 슈퍼두퍼_생각중  경품 안내  본 교환권은  버거 1종 베이컨 에그 온 버거 트러플 버거 중 택1   스위트 포테이토 프라이즈  쉐이크 1종 밀크 초코 스월 쉐이크 중 택1  로 교환 가능합니다  경품 재고 소진 시 3만 원 지류 상품권으로 대체,"#기막히게_좋은_시작, #EVENT⏰슈퍼두퍼, #슈퍼더블버거, #24시간, #슈퍼두퍼_생각중※",0.46361185983827496
59,burgerkingkorea인증됨,이번 주 치킨킹 폼 미쳤다 콜라 100원 실화  1 9 월  1 15 일  치킨킹 치킨킹BLT 단품 구매하면 콜라 100원 치킨킹 단품 6 400원  치킨킹 BLT 단품 7 400원행사 제외 매장   http   ilk kr UClWbDg 버거킹  BURGERKING  치킨킹  치킨킹BLT  치킨버거  신제품,"#버거킹, #BURGERKING, #치킨킹, #치킨킹BLT, #치킨버거, #신제품",0.09392494298154676
60,mmodernoven,올해 모던오븐은 이전을 앞두고 있습니다 양재 시민의 숲역 근방으로 이전합니다 역과도 가까워요 여러분과 더 많이 만나기 위해 매일 좋은 빵을 준비하고 즐거운 수업을 만들어 가겠습니다  진행되는 사항은 인스타그램으로 찬찬히 계속 알려드릴께요   햄버거  수제버거수업  수제버거클래스  버거번  제빵  제빵수업  수원베이킹  베이킹클래스  베이킹스타그램  베이킹수업  베이킹스튜디오  원데이베이킹클래스  수원베이킹클래스  제빵클래스,"#햄버거, #수제버거수업, #수제버거클래스, #버거번, #제빵, #제빵수업, #수원베이킹, #베이킹클래스, #베이킹스타그램, #베이킹수업, #베이킹스튜디오, #원데이베이킹클래스, #수원베이킹클래스, #제빵클래스",0.11901306240928883
61,eat._.333, 협찬  식스티즈 에서 더블치즈버거SET  파인더블버거SET  핫BBQ더블버거SET 푸파중  치즈버거가 단돈 3900원  갓성비 무엇  정통 아메리칸 수제 치즈 버거 원탑  소개 스타트  촉촉한 햄버거번과 감칠맛 나는 소고기 패티의 만남  그 사이에 짭짤한 치즈까지   빵 사이에 끼고 싶어요    소고기패티는 매일 아침 직접 만든다고    정성과 노력 절대 무시 못해요    햄버거집 인테리어 세상 미침  힙함  레트로함  핫함의 대명사  소품  메뉴판  컨셉 등 세심하게 신경 쓴 티가 팍팍  사진 찍을 맛도 나는 수제버거 맛집   저 순간 미국에서 햄버거 먹는줄 알았잖아요     버거는 무조건 세트 버거 감튀 음료 로  먹잘알이라면  버거는 더블버거로  감튀는 치즈감튀로  음료는 밀크쉐이크로 변경 필수인거 아시져  울 인님들은 먹똑순이 먹똑돌이니까 아실거라고 믿어요    요즘엔 감튀를 밀크쉐이크에 콕콕 찍어드신다면서요  저도 따라해봤습니다  단짠단짠   천국인가     한국ST 인앤아웃 고고   서울 마포구 와우산로23길 9 1층 더블치즈버거SET  7 900 파인더블버거SET  8 500 핫BBQ더블버거SET  8 900 감자튀김 치즈감자튀김 변경  1 600 음료수 밀크쉐이크  3 200 식스티즈  식스티즈버거  버거맛집  햄버거맛집  수제버거맛집  버거  햄버거  수제버거  맥주맛집  홍대맛집  홍대카페  홍대술집  홍대가볼만한곳  홍대입구역맛집,"#협찬, #식스티즈, #식스티즈버거, #버거맛집, #햄버거맛집, #수제버거맛집, #버거, #햄버거, #수제버거, #맥주맛집, #홍대맛집, #홍대카페, #홍대술집, #홍대가볼만한곳, #홍대입구역맛집",0.12813601492846777
62,kameta555,Castle Rock   新宿御苑 キャッスルロック CastleRock ハンバーガー BECバーガー プルドビーフバーガー ベーコン チーズ グルメバーガー コーラ フライドポテト コールスロー 美味しい 肉スタグラム 東京カフェ hamburger 햄버거 고기 콜라 치즈 감자 인기 카페 맛있다 먹방 맛집 음식 사진 찍스타그램 배고파 ,"#新宿御苑, #キャッスルロック, #CastleRock, #ハンバーガー, #BECバーガー, #プルドビーフバーガー, #ベーコン, #チーズ, #グルメバーガー, #コーラ, #フライドポテト, #コールスロー, #美味しい, #肉スタグラム, #東京カフェ, #hamburger, #햄버거, #고기, #콜라, #치즈, #감자, #인기, #카페, #맛있다, #먹방, #맛집, #음식, #사진, #찍스타그램, #배고파.",0.15384615384615385
63,yogiyo_official인증됨, IMNEW  신메뉴요기요치킨버거계의 펜트하우스  프리미엄 신상 버거 치킨킹의 등장 스파이시한 통닭다리살에고소 한 브리오쉬번이 만났으니 이 구역 신인상은 따놓은 당상 우리 같이 천천히 음미해보자 나 지금 되게 신나  ,"#IMNEW, #신메뉴요기요치킨버거계의",0.5556707443499896
64,i.poop.burgers, nojunkslumdunk   ipb슬럼덩크    저스트 치즈버거  Just Cheese Burger    6 900    5 98     재료  소고기 패티  치즈  그리고 캐러멜라이즈드 양파    ingredients  beef patty  cheese  and caramelized onion ______________________________________ 경기 안양시 동안구 평촌대로223번길 59 지하1층 ______________________________________  11 30 21 00  월요일 휴무  오픈키친  버거 제공 되기까지 20분 걸렸다  부드러은 번  퀄리티있는 패티  패티가 부드럽고 육습이 많다  패티 굽기 미디엄  삼삼한 패티  후추간은 완벽했다  캐러멜라이즈드 양파가 적당히 들어갔다  부드럽고 깔끔한버거______________________________________Although the quality of the burger was good and well made  due to the mildness of the patty  the burger didn t have much flavor to it  Nevertherless  everything else was good and well measured ______________________________________ ipb안양시  ipb    호계동맛집  안양맛집  범계역맛집  범계맛집  동안구맛집  버거  맛집탐방  맛집  햄버거  버거맛집  버거푸퍼  맛집추전  수제버거  수제버거맛집  햄버거맛집  먹스타그램  수제햄버거  맛스타그램  먹방  맛집스타그램  버거스타그램  인생버거  foodie  hamburger  foodstagram  burger  burgerpooper,"#ipb슬럼덩크).🍔, #ipb안양시, #ipb👍🏼, #호계동맛집, #안양맛집, #범계역맛집, #범계맛집, #동안구맛집, #버거, #맛집탐방, #맛집, #햄버거, #버거맛집, #버거푸퍼, #맛집추전, #수제버거, #수제버거맛집, #햄버거맛집, #먹스타그램, #수제햄버거, #맛스타그램, #먹방, #맛집스타그램, #버거스타그램, #인생버거, #foodie, #hamburger, #foodstagram, #burger, #burgerpooper",0.045200082935931994
65,bro_burger_,겉바속촉 순살  치킨 라인업 버거만큼이나 인기가 많은 치킨 사이드 브로머거 특유 염지 기법으로 비린맛 하나없이 촉촉  하게 순살 치킨으로특제 간장소스와 유자청의 만남으로단짠단짠 간장유자순살 치킨 과크리미란 마요소스와 아삭한 어니언스라이스로개운하게 입맛을 사로 잡는 어니언 마요순살 버거와 함께 또는 사이드만 단독으로  브로버거  수제버거  수제버거맛집  햄버거  햄버거맛집  햄버거스타그램  버거스타그램  버거  버거맛집  방이동맛집  방이역맛집  방이동먹자골목맛집  방이동맛집추천  올림픽공원맛집  광명맛집  광명역맛집  광명맛집추천,"#치킨, #브로버거, #수제버거, #수제버거맛집, #햄버거, #햄버거맛집, #햄버거스타그램, #버거스타그램, #버거, #버거맛집, #방이동맛집, #방이역맛집, #방이동먹자골목맛집, #방이동맛집추천, #올림픽공원맛집, #광명맛집, #광명역맛집, #광명맛집추천",0.052664316815260216
66,mellbrown_lounge,CCH 알루미늄트레이 원형 3size여러분이 사랑해주시는 악어친구가 새겨진CCH 알루미늄트레이원형이 재입고 되어 많은 분들의 관심을 받고 있습니다사이즈 문의가 많아 주말에 추가 촬영을 했어요촬영했던 기록 스토리에 대방출했었지요보시는 사이즈는 23size입니다기존 사이즈보다 앙증맞아1인용의 홈카페  브런치  간단한 스낵을 즐기실 수 있어요27사이즈도 스토어에 오시면 플레이팅 된 모습보실 수 있습니다저는 오후에 다시 놀러오겠습니다따뜻하지만 뿌연 월요일마음만은 청명하게 보내봅시다 고맙습니다      𝗆  𝖾  𝗅  𝗅  𝖻  𝗋  𝗈  𝗐  𝗇𝘬𝘪𝘵𝘤𝘩𝘦𝘯   𝘨𝘳𝘰𝘤𝘦𝘳𝘺    트레이 스텐트레이 알루미늄트레이 홈브런치 홈카페 홈베이킹 요리 나초 과카몰리 일상 캠핑 캠핑요리 카페창업 핫도그 서퍼비치  햄버거 버거맛집 카페용품 커피용품 베이커리카페 까눌레 디저트카페 요리스타그램  집밥 집밥스타그램  살림템,"#트레이, #스텐트레이, #알루미늄트레이, #홈브런치, #홈카페, #홈베이킹, #요리, #나초, #과카몰리, #일상, #캠핑, #캠핑요리, #카페창업, #핫도그, #서퍼비치, #햄버거, #버거맛집, #카페용품, #커피용품, #베이커리카페, #까눌레, #디저트카페, #요리스타그램, #집밥, #집밥스타그램, #살림템",0.03504043126684636
67,kate_burger.official, 오픈초기 포장지에 대한 고민이 많아서 뒤지고 뒤졌는데 고객님들이 좋아해주셔서 넘나 다행입니다  BURGER  글씨가 예쁘다고 좋아해주시네요 빨강  파랑 중에는 특히 파란색이 인기가 좋답니다 매일 직접 만드는 육즙 터지는 100  소고기 패티 탱글탱글 식감이 입안에서 터지는 100  수제 새우패티 폭신폭신 버터향 넘치는 부드러운 브리오쉬번 그리고 신선한 야채 가득한 리얼수제버거 햄버거에 사용되는 모든 패티는 100  수제로 만들고 있어요    회사  병원  학원 간식으로 꼭 주문해볼 가치가 있는 곳    잠실 데이트 맛집으로도 추천   케이트버거 올림픽로 35길 124 장미상가A동 B1 13호 02 2202 7667 월 토 10 30 21 00 잠실맛집  잠실역맛집  송파맛집  잠실맛집추천  잠실수제버거  수제버거  수제버거맛집  수제버거전문점  단체주문  단체도시락주문  버거맛집  롯데월드맛집  햄버거  햄버거스타그램,"#잠실맛집, #잠실역맛집, #송파맛집, #잠실맛집추천, #잠실수제버거, #수제버거, #수제버거맛집, #수제버거전문점, #단체주문, #단체도시락주문, #버거맛집, #롯데월드맛집, #햄버거, #햄버거스타그램",0.04250466514617458
68,ellie_shiny,  제주도 온줄     여기 또 왜이리 맛나쥬          햄버거 햄버거맛집 burger 가족스타그램 휴일 브런치 맛저 야식   campingfood 먹방 맛점 오토캠핑 먹부림 감성캠핑 onthetable  キャンフ   ノルテ ィスク  삼겹살 먹방 먹부림 신사동맛집 제주도  해운대맛집추천 부산맛집,"#햄버거, #햄버거맛집, #burger, #가족스타그램, #휴일, #브런치, #맛저, #야식.., #campingfood, #먹방, #맛점, #오토캠핑, #먹부림, #감성캠핑, #onthetable, #キャンプ, #ノルディスク, #삼겹살, #먹방, #먹부림, #신사동맛집, #제주도, #해운대맛집추천, #부산맛집",0.12067178104913955
69,namhaeorganic,축구구경갔다가 밥먹을때가없어서  햄버거  나쁘지않아  그냥그래   ,"#햄버거, #나쁘지않아, #그냥그래, #😩",0.10636533278042712
70,sang_jo_han,올해도 어김없이 시작된 전국 수제버거집 카페 투어 ㆍㆍㆍ 주말  나들이  드라이브  여행  즉흥여행  당일치기  당일치기여행  여행스타그램  여행사진  여행그램  안산  대부도  맛집투어  수제버거  햄버거  커피  카페  여유  힐링  배우  영화배우  연기  연기자  actor  actors  배우스타그램  신인배우  한상조  배우한상조  대부도여행,"#주말, #나들이, #드라이브, #여행, #즉흥여행, #당일치기, #당일치기여행, #여행스타그램, #여행사진, #여행그램, #안산, #대부도, #맛집투어, #수제버거, #햄버거, #커피, #카페, #여유, #힐링, #배우, #영화배우, #연기, #연기자, #actor, #actors, #배우스타그램, #신인배우, #한상조, #배우한상조, #대부도여행",0.08687538876218122
71,shihoil, 햄버거  당신에게 연결되었다 영혼까지 허기질 때는 맛있는 음식만이궁핍한 영혼을 구원해 줄 수 있습니다허기진 영혼들이 식사시간 머물다 가는 곳 연희동  링키지버거 입니다   링키지 버거  linkageburger 서울 서대문구 연희로11가길 53 1층 월 일   11 30   20 00  화요일 휴무  브레이크 타임   16 00 17 00   라스트 오더   19 30 주차는 근처 공영주차장 이용                머쉬룸 버거쇠고기 패티 육즙에 버섯의 쫄깃한 식감을 더하고트러플 향으로 무장한 머쉬룸 버거란 그저 사랑이죠번 빵 도 식감이 부드럽고  양파가 느끼함을 잡아줘요 연희 프라이즈감튀에 고기를 얹고 매콤한 소스와 렌치 소스를 얹어줘요햄버거와 함께 먹었을 때 영혼까지 채워주는 포만감이란 양이 많고  맛도 있어서 사이드까지 만족스러웠어요                이런 분에게 추천   수제버거 맛집을 찾고 있다면   데이트로 갈 맛집을 찾고 있다면 링키지버거는 문을 열기 전에는 연희동의 힙한 감성이문을 열고 들어가면  미국 LA에서 로컬들만 알아서트립 어드바이저에서 여행객들이 극찬한햄버거 맛집에 간 느낌이 들게 하는 곳이었어요 일단 오픈키친이라 내 버거가 어떻게 만들어지는지 지켜볼 수 있어 좋았고사장님이 일본 청춘영화 남주처럼 보였어요 배고파서 헛것을 보았을 수도 있지만  제 눈엔 그랬어요 실내에는 Bar와 4인용 테이블이 하나 있어요 Bar에서 식사하기에 좋고  조명은 따듯하고 아늑해요 벽면 포스터들은 햄버거집이란 것을 상기시켜주고소품들이 아메리칸 헤리티지를 잘 표현해 주고 있어요    무엇보다 햄버거의 맛은 극락이었어요 내 영혼에 기름칠을 해주고부족한 부분을 채워주는 맛이라고나 할까  맛과 분위기 둘 다 잡은 수제버거집이라햄버거 매장 브랜딩 교본을 만들 수 있다면좋은 사례로 넣어주고 싶던 곳  바쁘디 바쁜 현대사회  영혼이 허기질 때 링커지버거에서 머무세요   시호일은 머물기 좋은 공간을 큐레이션 합니다 카페  숙소  여행지  명소  팝업 등언제나 시호일과 함께 좋은 하루에 머무세요  shihoil 시호일_연희 시호일_맛집  linkageburger,"#연희동, #링키지버거, #시호일_연희, #시호일_맛집, #linkageburger",0.020319303338171262
72,muk._.zip,낮보다 밤에 더 먹고싶은  프랭크버거  부산맛집 김종국님이 전속모델로 나오는 수제버거 체인점 프랭크버거  정통 미국식 프리미엄 수제버거로 약간 쉑쉑버거같은 느낌의 수제버거 체인점   체인점이 많이 생겨서 번화가에서는 쉽게 찾을 수 있는데요  부산 부경대점에 다녀왔어요   수제버거치고는 가격도 저렴하고 패티가 그렇게 맛있다고 해서 한번 가봤습니다    수제버거이기 때문에 주문을 하면 햄버거가 나오기까지 15분 정도가 결렸어요  그래도 맛있으면 다 용서되죠 ㅎㅎㅎ  프랭크 버거 3 900원제일 기본인 프랭크버거를 주문했는데요  레귤러 사이즈가 무려 3 900원   라지는 4 900원   단품이긴 하지만 정말 저렴하지 않나요  제일 기본적인 메뉴를 주문해서 속이 엄청 푸짐하지는 않지만 패티의 육즙이 좔좔  그리고 정말 신선하더라구요 속에 들어가는 야채도 광고에 나오는 이미지랑 정말 똑같이 나오는데요  가격  맛 모두 만족했어요    감자튀김 2 000원감자튀김은 약간 두꺼운 편이라서 식감이 좋았어요  그래서 쉐이크랑 같이먹기 좋더라구요 ㅎㅎ 감자튀김의 케첩은 소주컵 같은 곳에 담아가서 먹으면 됩니다   특별하지는 않지만 기름기가 없고 감자 본연의 맛을 잘 살린 감자튀김   ,"#프랭크버거, #부산맛집⠀김종국님이, #프랭크, #감자튀김",0.07091022185361809
73,kek.hj, 햄버거 제품제공 햇살푸드 바로본 떡갈비3종  햇살푸드 바로본 떡갈비3종으로맛있게 햄버거 만들어 먹었어요 딸들이 햄버거 주문해 먹자고하길래 집에서 만들어 줬어요 바로본 떡갈비를 패티로  자투리채소들 넣어 만들었더니 근사한수제햄버거가 탄생 했네요  떡갈비의 육즙팡팡 고급짐에완전 매료당했어요     200회이상 치대기로 육즙이풍부한  바로본 떡갈비는요    국내산 돼지갈비에 아로니아를넣은 담백한 오리지널 맛과 고소한 견과를 넣은 견과맛 2종이며 비가열 제품으로 해동후기름을 두른팬에 조리후 맛있게드실수 있어요  그윽한 불향을 더해 맛과 풍미가뛰어난 직화떡갈비는 전자렌지에간편조리 가능해요  밥반찬 햄버거패티 술안주 간식등다양하게 먹을수 있고 80g씩개별포장으로 위생적이며한끼식사로 간편하게 즐길수 있어요      haetsalfood_official    바로본 햇살푸드 체험단 햇살푸드시스템 아로니아장터떡갈비 아로니아떡갈비 직화떡갈비 떡갈비맛집 집밥요리 집밥메뉴 집밥레시피 캠핑요리 캠핑요리추천 캠핑밀키트 햄버거 패티,"#제품제공, #햇살푸드📌바로본, #바로본, #햇살푸드, #체험단, #햇살푸드시스템, #아로니아장터떡갈비, #아로니아떡갈비, #직화떡갈비, #떡갈비맛집, #집밥요리, #집밥메뉴, #집밥레시피, #캠핑요리, #캠핑요리추천, #캠핑밀키트, #햄버거, #패티",0.04250466514617458
74,psik513, 내돈내산후기 내돈내산 맥도날드 mcdonalds_kr  주의 그냥 가볍게     쏘쏘 햄버거 롯데리아 kfc 맘스터치 버거킹 쉑쉑버거 파파이스 먹스타그램 먹그램 먹깨비 감자튀김 감튀 감자전 먹방 일요일 연휴 휴가 월요일 월요일시작 월요일아침 월요일싫어,"#내돈내산후기, #내돈내산, #맥도날드@mcdonalds_kr👉, #햄버거, #롯데리아, #kfc, #맘스터치, #버거킹, #쉑쉑버거, #파파이스, #먹스타그램, #먹그램, #먹깨비, #감자튀김, #감튀, #감자전, #먹방, #일요일, #연휴, #휴가, #월요일, #월요일시작, #월요일아침, #월요일싫어",0.09537632179141614
75,yummy.date, 협찬  홍대  풀리너마이트  fullinamite  당일사용하는 소스 패티를 직접만드는 정성스런 수제버거    얼어죽을연애따위  드라마속 촬영장소였던 분위기좋은 수제버거집  야외 테라스에서 수제버거를 즐길수 있는곳  영업시간이 길어서 점심 저녁 야식으로도 문제없는곳  재료소진으로 조기영업마감이 있을수도있어요 풀리너마이트 이름부터 독특해서 무슨뜻일까 궁금했는데 full Dynamite의 합성어로 요 맛있는 수제버거로 든든하게 한끼를 먹을수 있는 그런 의미라고 해요 단독주택을 개조하여 만든 상가로 예쁜 포토존이 곳곳에 있더라구요 우선 방문하자마자 보인곳은 넓은 마당에 야외테라스  블로그 리뷰보니까 따뜻한 날씨에는 분위기있게 야외에서 햄버거를 즐길수 있더라구요ㅠㅠ야외자리 예쁜데 넘아쉽더라구요 아쉬운마음으로 가게에 들어섰는데 왠걸   실내내부도 넘나 깔끔하고 화이트 블루 인테리어가 넘나 예뻤어요 게다가 셀프바에 앞접시마저 이쁜곳 수제버거 종류가 다양해서 무엇을 먹어야할지 고민했는데 메뉴판에 사진이 있어서 고르기 좀더 편하더라구용 음료종류 쉐이크 에이드 탄산 다양하게 있어서 취향에맞게 골라먹기 딱이에여   저희는 바비큐포크 해시룸을 주문했어요  바비큐포크는 큼직한목살이 들어있고 bbq의 진한풍미와 청양마요 소스가 느끼함을 잡아주니 물리지않게 먹을수 있었어요  해시룸은 바삭한 해시브라운과 버섯이 들어있어서 쫄깃한식감이 장난아니더라구용 햄버거가 느끼할수 있어서 사이드로 미트칠리 프라이를 주문했는데 직접만든 미트칠리소스가 매콤하니 조합이 딱이더라구용  주문한 버거는 옆에 표시가 되있어서 헷갈리지않게 바로 확인가능한 이 섬세한 센스  패티도 당일에 수제로 만든 패티라 그런지 왠지 더 맛잇고 육즙가득한 그런맛이었어요  홍대에서 맛있는 수제버거집을 찾는다면 요기로 달려가세욧          ,"#협찬, #홍대, #풀리너마이트🏷@fullinamite",0.07360563964337549
76,bro_burger_,두 툼한  핫크리스피버거 단면샷 겉바속촉 세상 두 툼한 통닭다리살이들어간 부 드럽고 촉촉함의 끝  브로버거 치킨버거 라인업중 하나 핫크리스피치킨버거 단면샷  보기만해도 흐르는 육즙과바삭한 튀김옷에 특제소스가 어우러져궁합이 어마어마 하더라죠  육즙 뜨 끈하게 브로버거에서 만나요   브로버거  수제버거  수제버거맛집  햄버거  햄버거맛집  햄버거스타그램  버거스타그램  버거  버거맛집  방이동맛집  방이역맛집  방이동먹자골목맛집  방이동맛집추천  올림픽공원맛집  광명맛집  광명역맛집  광명맛집추천,"#핫크리스피버거, #브로버거, #수제버거, #수제버거맛집, #햄버거, #햄버거맛집, #햄버거스타그램, #버거스타그램, #버거, #버거맛집, #방이동맛집, #방이역맛집, #방이동먹자골목맛집, #방이동맛집추천, #올림픽공원맛집, #광명맛집, #광명역맛집, #광명맛집추천",0.04291934480613726
77,eun_hwa_s2, 청년버거 현풍백년도깨비시장 현풍백년도깨비시장청년몰  수제버거 햄버거 조아하는 쪼꼬미와새로 생긴 햄버거집에 다녀왔지요 수제버거는 대부분 뚱땡이라  쪼꼬미는 기본시켰는데  이눔쟈슥 애미가 먹을 하와이안버거를  먹는다네요   매운맛 순한맛 택할수있더라구요혹시나 싶어 둘다 순한맛 하길 잘햇지  먹방 유튜브를 마니본 쪼꼬미는햄버거 사이에 감튀를 넣어먹어요 빵이 머랄까 잘굽은 느낌맛나요 겉바속촉 까지는 아닌데  맨빵 아니고 구븐빵  잘구운 빵속에 야채도 싱싱양파는 잘익혀줘서 쪼꼬미입에 똭  생양파는 한번씩 먹을때 걸러내는지라   새로운가게 먹는데진심인편 햄버거 38개월아기 대구 현풍테크노폴리스 1985년 수영 마라톤 헬스 자전거 철인3종 등산 순토 다이어트 요리 맛집 운동하는여자 육아그램 아들맘 황금돼지띠아기 먹스타그램 좋아요,"#청년버거, #현풍백년도깨비시장, #현풍백년도깨비시장청년몰, #수제버거🍔햄버거, #새로운가게, #먹는데진심인편, #햄버거, #38개월아기, #대구, #현풍테크노폴리스, #1985년, #수영, #마라톤, #헬스, #자전거, #철인3종, #등산, #순토, #다이어트, #요리, #맛집, #운동하는여자, #육아그램, #아들맘, #황금돼지띠아기, #먹스타그램, #좋아요",0.057847812564793696
78,burgerily_delish,  bigtwinsco    _ burgerily  burgerilydelish  burger  burgers  burgersandfries  hamburger  burgerlovers  burgerclub  burgertime  delicious  yummy  delish  ハンバーガー  햄버거  everydayisburgerday  umami  oishii  spain,"#burgerily, #burgerilydelish, #burger, #burgers, #burgersandfries, #hamburger, #burgerlovers, #burgerclub, #burgertime, #delicious, #yummy, #delish, #ハンバーガー, #햄버거, #everydayisburgerday, #umami, #oishii, #spain",0.02197802197802198
79,mukmazing,역대급 크기를 가진 대왕피자  한조각만 먹어도 배불러요   홍대 더핏짜꿈에만 그리던 상상이 이루어졌어요  피자와 햄버거를 한번에 먹을 수 있는 곳이에요  포카차야 스타일의 도우 위에 토핑이 푸짐하게 올라가있어요  비주얼만큼 맛도 엄청나요  미국 현지에서 먹은 피자보다 맛있음   시그니처 메뉴인 아메리칸버거피자는 맥주가 생각나는 맛이에요  체다치즈 소고기 야채 조합인데 넘치지도 않고 모자르지도 않은 정도를 딱 지킨 맛  그 외에도 다양한 종류의 피자가 있으니까 믿고 가보세요  더핏짜 서울 마포구 와우산로13길 19 1층 먹메이징_마포,"#홍대, #더핏짜꿈에만, #먹메이징_마포",0.03296703296703297
80,blue660c, 신상  버거맛집 천안  버거도프 마더버거  치즈버거   햄버거  천안맛집 나이키  나이키매니아,"#신상, #버거맛집, #천안, #버거도프, #마더버거, #치즈버거, #햄버거, #천안맛집, #나이키, #나이키매니아",0.024466099937798053
81,seoul.datecourse,혹시 여기 미쿡이세요        뷰 레전드 수제버거집 등장뷰  외관  인테리어까지 완전 미국 하이틴영화 그잡채 빵은 거들뿐 핵두꺼운 육즙가득 패티에나초에 칠리콘카르네 체다치즈소스면 이곳이 바로 천조국      최애 햄버거 갱신하러 가자  종로  자이온 서울시 종로구 돈화문로 4길 37 종로맛집  종로맛집추천  종로데이트  종로데이트코스  종로가볼만한곳  수제버거  서울수제버거  수제버거맛집  뷰맛집  서울맛집  맛집투어  서울여행  서울데이트  서울데이트코스  데이트  데이트코스  먹스타그램  맛집스타그램  서울맛집추천  서울맛집투어  맛집추천  맛집  맛집탐방  햄버거  햄버거맛집  서울햄버거맛집  치즈버거,"#종로, #자이온📍서울시, #종로맛집, #종로맛집추천, #종로데이트, #종로데이트코스, #종로가볼만한곳, #수제버거, #서울수제버거, #수제버거맛집, #뷰맛집, #서울맛집, #맛집투어, #서울여행, #서울데이트, #서울데이트코스, #데이트, #데이트코스, #먹스타그램, #맛집스타그램, #서울맛집추천, #서울맛집투어, #맛집추천, #맛집, #맛집탐방, #햄버거, #햄버거맛집, #서울햄버거맛집, #치즈버거",0.09122952519178934
82,bunka_y7,오늘 점심 수제버거로 해결 집 앞에 생긴 수제버거 가게  수제버거  햄버거  점심  점심메뉴  666버거  맛스타그램   맛팔  콜라  일상  일상스타그램  일상기록  일상소통  일상을여행으로  여니투어,"#수제버거, #햄버거, #점심, #점심메뉴, #666버거, #맛스타그램😋, #맛팔, #콜라, #일상, #일상스타그램, #일상기록, #일상소통, #일상을여행으로, #여니투어",0.025710138917686087
83,etc_zine, 롯데리아  lotteria_kr 가 콩단백을 이용하여 100  식물성 패티를 사용한  리아 미라클버거Ⅱ 를 출시합니다 지난 2020년  롯데리아는 업계 최초로 100  식물성 패티로 구성된 리아 미라클버거를 선보였으며 이번에 리뉴얼을 통해 풍미와 식감을 높이는 등 대체육 시장 트렌드를 반영해 제품 개선을 진행했습니다  이번에 새롭게 출시되는  리아 미라클버거Ⅱ 는 고기의 육즙과 고기조직을 오직 콩단백만 활용해 패티를 구현했으며 풍미 가득한 소이 어니언 소스  아삭한 식감의 토마토 등을 함께 담았습니다   제품 정보리아미라클 Ⅱ  단품 5 200원 세트 7 300원더블 리아미라클 Ⅱ  단품 6 700원 세트 8 600원  추후 업데이트되는 소식에 관해서는  ETC 앱을 통해 수시로 확인하여 알림 드리도록 하겠습니다   플레이 스토어   앱 스토어에서  이티씨  검색 또는 인스타 프로필 링크를 통해  ETC  앱을 다운받으실 수 있습니다   다운로드 링크   https   etcko page link download,,0.05370101596516691
84,choi_mupo,당면이 족발과   이렇게 어울리다니   완전 자주 먹고 있는 마왕 족발  간단한 분식과 햄버거  주말엔 편안하게     ,,0.02177068214804064
85,jeonjin0123, 고양 써프버거   협찬  솔직후기 올해의 첫 주말 다들 맛난거 먹고 즐기고 계시나요 운 좋게도 저희집 주변에 수제버거 맛집이 생겼더라구요    이때다 싶어 호다닥 댕겨온 써프버거 저희가 먹은 메뉴는 요   쉬림프버거 10 800통새우가 통째로 들어간 진짜 새우버거  일반 프렌차이즈 햄버거 가게는 새우 향만 나는 정도인데 여긴 큼직한 새우가 정말 많이 들어있어서 넘 맛났어요  어니언링도 같이있어서 새우의 느끼함을 잡아주는    재료를 아낌 없이 넣어주신 덕에 버거 하나로 든든한 한끼가 되더라구요   머시룸 버거 10 800소고기패티와 버섯라구소스의 조합은 말해모해   오늘의 저의 픽입니다   실제로 버섯이 들어있는 버섯 라구소스가 왜이렇게 햄버거랑 잘 어울리는지    촉촉하고 계란도 들어있어 든든하기까지 했어요소고기패티도 두툼해서 제대로 된 수제 버거 너낌 진짜 동네맛집이라 다른 버거맛도 한번씩 다 먹어보려구요   햄버거 집이라곤 믿기지 않을 세련되고 감각적인 인테리어 덕분에 데이트코스나 가족 모임에 딱인 장소였어요  햄버거 뿐만아니라 다양한 스몰플레이트로 간단한 하이볼과 함께 즐길 음식들이 많아서 친구들이랑도 좋을 것 같네유    재방문의사 만땅으로   동네에 이런 맛있는 수제버거 집이 생겨서 행복합니다아     써프세권     지축맛집  지축역맛집  써프수제버거  수제버거  수제버거맛집  고양이케아맛집  스타필드고양맛집  지축지구  스타필드고양  고양수제버거맛집  써퍼버거  SUF  햄버거  수제버거,"#협찬, #솔직후기, #지축맛집, #지축역맛집, #써프수제버거, #수제버거, #수제버거맛집, #고양이케아맛집, #스타필드고양맛집, #지축지구, #스타필드고양, #고양수제버거맛집, #써퍼버거, #SUF, #햄버거, #수제버거",0.06634874559402862
86,tara.lim.juhee, 한잔할수있는곳 문정와인 장지와인 햄버거소세지 안주만들기  와인안주 예쁜안주 소세지안주 미니햄버거 햄버거맛집 햄버거 비엔나소세지안주 와인안주ㆍㆍ요거넘귀엽쥬  홈스토랑  추천플레이팅 winetime  ㆍㆍ오늘예쁘게 만들어보아요  재료소세지체다치즈하얀치즈미니토마토치커리ㆍㆍ문의환영    와인강의 와인교육 와인컬럼리스트  와인클래스,"#한잔할수있는곳, #문정와인, #장지와인, #햄버거소세지, #안주만들기, #와인안주, #예쁜안주, #소세지안주, #미니햄버거, #햄버거맛집, #햄버거, #비엔나소세지안주, #와인안주ㆍㆍ요거넘귀엽쥬?, #홈스토랑, #추천플레이팅, #winetime🍷, #와인강의, #와인교육, #와인컬럼리스트, #와인클래스",0.023844080447854035
87,qbee.eat, 수제버거로 가장 추천 많고 입소문 제대로 난 곳  올리다버거지인들에게 수제버거로 맛집으로 추천 많이 받은 곳   시그니처 메뉴에 시즌에 따른 메뉴 있다는점이굉장히 독특한  그래서 계절별로 다 가보고픈 느낌 방문기준 눈이 내린듯한 크림소스 듬뿍인  설버거  주문크림소스 듬뿍이라 비주얼부터 시선 강탈 햄버거와 크림스프를 함께 먹는 듯한 느낌의 버거로크림소스 듬뿍이라 숟가락으로 떠먹기 필수  넉넉한 소스와 중간 중간 더해져있는 크루통이 뽀인트 대표메뉴  올리다버거 는 두툼한 패티위에영상에서 보시다시피 패티 위 녹은 치즈 취저  ㅠㅠㅠ해쉬브라운 들어있는 버거 처음 먹어보는데 맛냐쩌요비주얼은 미국ST 버거인데 하나도 느끼하지 않고담백해서 부담없이 맛있게 끝까지 먹을 수 있었어요   꿀팁좌석이 크게 많은 편은 아니라 자리 먼저 잡는 시스템이아닌 오는 순서대로 주문 받은 후 착석하셔야 해요 개인적으로 세트  버터갈릭 세트  무조건 하세요 필수 청년다방 갈릭소스에 시즈닝 가루가 걍 도른자 ㅠ집가는데도 감튀가 자꾸 생각나는 재질      ㅎㅅㅎ   시간   매일 12 00   21 00  일  월요일 휴무       브레이크타임 15 00   17 00   주소   제주 제주시 남성로 154 6  주차불가 갓길 주차 가능   인스타    ollydaburger  큐비잇_제주  제주도맛집  제주도밥집 제주도혼밥  제주도핫플  수제버거,"#올리다버거지인들에게, #큐비잇_제주, #제주도맛집, #제주도밥집, #제주도혼밥, #제주도핫플, #수제버거",0.17105535973460503
88,styleann90, 주말간식   모닝빵 사다가 미니버거 대량생산했어요 오빠네까지 모이니 1인2개 끝    미니햄버거 미니버거 집버거 햄버거 브런치 간식 집밥 홈쿡 홈스토랑 맛스타그램 주말 일상 소통,"#미니햄버거, #미니버거, #집버거, #햄버거, #브런치, #간식, #집밥, #홈쿡, #홈스토랑, #맛스타그램, #주말, #일상, #소통",0.027368857557536805
89,mushroom_is02,아이돌은 정말 신기해      좋테  좋튀  좋아요테러반사  좋아요그램  좋반  좋아요  좋아요반사  선팔맞팔환영  맞팔100  신림  가산디지털단지  건대  이대  스타그램  댓글환영  선팔하면맞팔해요  핵꿀잼  유머저장소  유머모음  대존잼  하나쨈  아이돌  직업  감튀  감자튀김  햄버거,"#좋테, #좋튀, #좋아요테러반사, #좋아요그램, #좋반, #좋아요, #좋아요반사, #선팔맞팔환영, #맞팔100, #신림, #가산디지털단지, #건대, #이대, #스타그램, #댓글환영, #선팔하면맞팔해요, #핵꿀잼, #유머저장소, #유머모음, #대존잼, #하나쨈, #아이돌, #직업, #감튀, #감자튀김, #햄버거",0.02819821687746216
90,book_outing, 오늘 아침은 간단하게  과일  샐러드여보님은  햄버거  노브랜드햄버거 노브랜드  치킨샐러드 먹고파서 사왔는데오늘따라 야채 상태가 별루인듯  그래도 치킨이랑 야채랑 먹으니깐 맛남 가격대비  야채신선도대비  양대비 따지면 노브랜드 샐러드만큼 먹기 좋은게 없음 어째뜬  딸기  블루베리  체리 맛있게 냠냠  오늘아침  오만떼가지그램,"#과일, #샐러드여보님은, #햄버거, #노브랜드햄버거-노브랜드, #치킨샐러드, #딸기, #블루베리, #체리, #오늘아침, #오만떼가지그램",0.022600041467965997
91,burgershophq,이번주가 완전 후딱 지나갔네요 벌써 일요일이라니     뉴질랜드 유명 베이커리카페 Sugar at Chelsea Bay 헤드쉐프 출신 사장님의 단짠단짠콜라보를 느껴보세요    위치  진천군 덕산읍 대하로 151  진천 G플레이스2차   기술전수창업 모집합니다 YouTube 채널  푸드비디오  검색하시면  저희 버거샵인더파크의 모습을 간략하게 보실 수 있어요 프로필 상단에 링크 있습니다  ,,0.030064275347294216
92,inform_moa,와   이건 생각지도 못했다 댓글로  밤비 를 적어주시면 더 힘내서 업로드하겠습니다   햄버거  원산지  미국  이탈리아  몽골  생활정보  생활꿀팁  웃긴사진  웃긴짤  알아두면유익한정보  밤비언니가알려주는생활꿀팁  밤비언니,"#햄버거, #원산지, #미국, #이탈리아, #몽골, #생활정보, #생활꿀팁, #웃긴사진, #웃긴짤, #알아두면유익한정보, #밤비언니가알려주는생활꿀팁, #밤비언니",0.03151565415716359
93,jung871105, 협찬우리가족 주말 외식으로 SUF수제햄버거먹부림 하고 왔어요    SUF의 버거는요  베이커리에서 만든 수제번과 숙성패티를조합하여 만들 었어요그래서 그런지 고기에 불향이 은은하게 나면서숙성패티가 너무 맛있었어요  쉬림프버거는 새우가 엄청나게 들어가있어씹을때마다 터지는 새우 육즙과 식감이 통통새우력의 끝판왕 쉬림프버거 였어요    또 다양한 스몰플레이트 메뉴들로버거 하나로 부족한 분들에게 같이 곁들여 먹기너무 좋을꺼 같아요  햄버거 집 많이 다녀봤는데 독보적으로 넓고모던하고 세련된 인테리어 여서가족외식이나 데이트 하러 오신 분들이 많았답니다   주차가능   아기의자    데이트 및 가족외식으로 GOOD   버거 맛집 인증  Thanks you s u f_burger SUF 경기 고양시 덕양구 안진로 41 월요일 휴무  050 71395 0269 오늘뭐먹지 요리스타그램 푸드스타그램 먹스타그램 맛스타그램 먹팔 おうちご飯 バーガー 지축맛집  지축역맛집  써프수제버거  수제버거  수제버거맛집  고양이케아맛집  스타필드고양맛집  지축지구  스타필드고양  고양수제버거맛집  써퍼버거  SUF  햄버거  수제버거,"#협찬우리가족, #오늘뭐먹지, #요리스타그램, #푸드스타그램, #먹스타그램, #맛스타그램, #먹팔, #おうちご飯, #バーガー, #지축맛집, #지축역맛집, #써프수제버거, #수제버거, #수제버거맛집, #고양이케아맛집, #스타필드고양맛집, #지축지구, #스타필드고양, #고양수제버거맛집, #써퍼버거, #SUF, #햄버거, #수제버거",0.04271200497615592
94,junkuepark, 텐핑거  텐핑거청담점  청담동팔자에 없는 청담동 열흘  햄버거 맛있는건 다 들어있네그래도   버거는  토니로마스 지,"#텐핑거, #텐핑거청담점, #청담동팔자에, #햄버거, #토니로마스",0.02591747874766743
95,delight_9_1_4_,더백푸드트럭 위치 서울 용산구 신흥로20길 45 1   영수증   더백버거_____10 800원 감자튀김  탄산음료 제로콜라 _____6 500원칠리치즈프라이_____10 800원멕시칸 그릴콘 마약 옥수수 _____4 000원         해방촌에 원데이수업을 들으러갔다가 주변맛집을 찾다가 방문하게된 수제버거맛집입니다 야경이 멋있다구 하는데 아침에 뷰도 만만치 않더라구요 뒤로 남산타워가 보이구 옆쪽아래로는 오밀조밀붙은 해방촌의 뷰를 볼 수 있습니다 방문했을 때 웨이팅이 있을뻔 했는데 테라스 자리는 햇빛이 강해서 추천은 안 해주셨지만 웨이팅이 없어서 테라스 자리로 안내 받았습니다  원래도 테라스 자리를 생각하고 간건데 햇빛이 강하다고 해서 망설였지만 다른자리는 웨이팅도 있어 테라스자리에 앉았습니당  햄버거는 패티는 진짜 맛있었는데 제가 토마토도 안 좋아하고 또 안 좋아하는 상추 비슷한 채소가 있더라구요ㅠㅠ 제가 편식이 막 심한편은 아닌줄알았는데 심한가봐요 그거 두개 빼면 패티랑 빵밖에 안남는 느낌이라 아쉬웠지만 패티가 넘 맛있었어요 그래도 토마토말고 상추같이 생긴 채소는 먹었습니다   감튀는 기본감튀랑 칠리치즈감튀도 먹었는데 칠리치즈 감튀소스가 진짜 맛있더라구요 좀 나트륨이 있는 느낌이였지만 또 이런 자극적인게 입에 촥 오잖아여 진짜 감튀먹으러 다시 가고 싶은 맛이였어요 멕시칸 그릴콘은 칼로 썰어서 먹으면 되는데 썰면서 옆으로 살짝씩 튀드라구요 조심하세요 근데 그거 튀어도 기분 안 나쁠정도로 넘 맛있었어요 마약옥수수인데 진짜 마약이에여 계속 주워먹게 되는 맛 꼭 사이드로 주문해 먹어야돼요 칠리치즈 프라이랑 멕시칸그릴콘 먹으러 또 가고 싶네요       더백푸드트럭  수제버거  더백버거  칠리치즈프라이  멕스칸그릴콘  마약옥수수  감자튀김  마약옥수수맛집  패티맛집  햄버거  수제버거맛집  칠리치즈프라이맛집  감자튀김맛집  먹방  맛집  맛스타그램  먹스타그램  먹방스타그램  맛집추천  먹방추천  해방촌  용산  먹팔  먹팔후댓글  일상  일상스타그램  사진스타그램  여행  여행스타그램  맛집리뷰,"#더백푸드트럭, #수제버거, #더백버거, #칠리치즈프라이, #멕스칸그릴콘, #마약옥수수, #감자튀김, #마약옥수수맛집, #패티맛집, #햄버거, #수제버거맛집, #칠리치즈프라이맛집, #감자튀김맛집, #먹방, #맛집, #맛스타그램, #먹스타그램, #먹방스타그램, #맛집추천, #먹방추천, #해방촌, #용산, #먹팔, #먹팔후댓글, #일상, #일상스타그램, #사진스타그램, #여행, #여행스타그램, #맛집리뷰",0.022185361808003318
96,pol_junee, D 77  오늘 N줄일기1  출근 전에 풀고 싶었는데 일어난 시간이 애매해서 방금 스터디함2  중국집 시켜먹자는 유혹 이겨내고 구내식당에서 점심해결3  뻥튀기 투게더 조합 누가 생각해냈냐 당장 노벨평화상 수여하셈4  대표님 분명 오늘 운동 가볍게 한다 했는데 심박수 198 해명좀요5  어제 산거 오늘 배송옴 ㄷㄷ 그리고 클까봐 걱정했는데 딱 내꺼6  햄버거는 못참지 ㅇㅇ 체력학원 다녀왔고 제로콜라니까 ㄱㅊ7  로또 당첨된거 ㄹㅇ 손떨린다   나 찾지 마세요 여러분들,,0.020526643168152604
97,gwimjjijji, 제주 판타스틱버거   제주특별자치도 서귀포시 표선면 토산중앙로15번길 6 영업시간  매일 10 00 18 30  주문한 메뉴 화이트킹인디언 커리 크림버거스위트 파마산 포테이토밀크쉐이크콜라표선에 조용한 동네에 위치한 이색적인 수제버거집가게의 위치 분위기 맛 이 모든게 완벽한 집으로 개인적으로 가장 좋아하는 수제버거집이다 버거종류는 딱 3종류로 재료 각각의 맛이 따로 놀지않고 조화로우며 메뉴들이 모두 이색적인 맛이난다 화이트킹 인디언 커리 크림버거 인디언 크림버거는 맛있는 인도 커리집의 버터커리맛이 나는데  이것이 햄버거를 촉촉하게 만들어주고 느끼하지않게 전체적인 맛을 잡아준다화이트킹 버거의 경우 시식전  크림소스를 햄버거에 부어주는 쇼를 해주시는데 비쥬얼때문에 맛이전에 이미 눈이 즐겁다 이 집이 좋은 이유중 하나는 밀크쉐이크가 있다는 것인데 일반적인 밀크쉐이크가 아닌 팬케이크 파우더 향이나는  외국향이 물씬나는 진한 밀크쉐이크 맛이니 꼭 시켜드시길 권한다맛이 호불호가 없고 가게가 넓어 아이가 있는집 혹은연인  가족분들이 와서 먹기에도 좋은 가게이다식후 가게 주변이 바다뷰의 한적한 제주 시골 동네이니  주변을 구경하고 가기에도 추천한다 판타스틱버거 제주판타스틱버거 제주수제버거 수제버거 햄버거 버거맛집 제주 제주도 제주맛집 제주관광 제주핫플 제주로컬 내돈내산 먹스타 먹방스타그램 맞팔 먹팔 핫플 핫플레이스 취미 데일리 instagramers,"#판타스틱버거, #제주판타스틱버거, #제주수제버거, #수제버거, #햄버거, #버거맛집, #제주, #제주도, #제주맛집, #제주관광, #제주핫플, #제주로컬, #내돈내산, #먹스타, #먹방스타그램, #맞팔, #먹팔, #핫플, #핫플레이스, #취미, #데일리, #instagramers",0.03151565415716359
98,osamuphot,小さなバーガーsmall barber ハンバーガー  パン  ポテト  サラダ  ハンバーグ  おしゃれ  おいしい  プレート  野菜  肉 hamburger  bread  frenchfries  salad  hamburg  fashionable delicious  lunch  vegetable  meet smile  dinner  ランチ  カフェ  cafe  source  햄버거  インスタ映え  wood  food,"#ハンバーガー, #パン, #ポテト, #サラダ, #ハンバーグ, #おしゃれ, #おいしい, #プレート, #野菜, #肉, #hamburger, #bread, #frenchfries, #salad, #hamburg, #fashionable, #delicious, #lunch, #vegetable, #meet, #smile, #dinner, #ランチ, #カフェ, #cafe, #source, #햄버거, #インスタ映え, #wood, #food",0.24652705784781256
99,linda__choa, 푸드렐라서포터즈4기 주말 느지막이 일어나 만들어먹은 핫치킨버거예요 요즘 통 요리해먹을 시간이 없었는데 주말이 되니 여유가 생기네요   foodrella official 아빠손 치킨텐더로 만든 치킨버거예요겉은 매콤한 튀김옷에 속은 단백하고 촉촉한 닭안심이라 버거 안에 넣으면 참 잘어울려요  로메인 모짜렐라치즈 토마토 아빠손치킨텐더 올리고 그 위에 양배추 채썰어 케찹 마요 버물버물해서 가득 올려줬어요  맨 위에는 루꼴라로 마무리 랩핑을 안해서 흘리면서 먹었지만 뚱샌은 이런 맛에 먹는거 아니겠어요  개인적으로 햄버거 우유 조합을 좋아해서 우유 한컵 클리어했어요 얼른 충전 가득하고 컴백해서 답방도 부지런히 가볼게요    푸드렐라  푸드렐라서포터즈4기  아빠손치킨텐더  엄마손치킨텐더  핫치킨버거  치킨버거  햄버거  수제버거  홈쿡  홈쿡스타그램  홈브런치  주말밥상  주말점심  치킨텐더  치킨텐더샌드위치  새댁요리  신혼스타그램,"#푸드렐라서포터즈4기, #푸드렐라, #푸드렐라서포터즈4기, #아빠손치킨텐더, #엄마손치킨텐더, #핫치킨버거, #치킨버거, #햄버거, #수제버거, #홈쿡, #홈쿡스타그램, #홈브런치, #주말밥상, #주말점심, #치킨텐더, #치킨텐더샌드위치, #새댁요리, #신혼스타그램",0.023429400787891356
100,ira_gomam,아침부터 햄버거 마싯지요 포장해놓고 안먹은 햄버거는 오븐에 살짝데울동안고구마도 튀기고 그냥먹음 서운하니까치즈에 우유만 섞어 짜지않게 체다치스소스 부어먹기아침부터 칼로리무슨일이니 ㅋㅋㅋㅋ애들은 계란삶아달래서 계란이랑 튀긴고구마아 웬일로 안싸우고 노는 고남매들 곧 싸우는소리가 들리겠죠날씨도 흐릿흐릿한게 딩굴딩굴 소파와 붙어있어야겠어요즐거운 주말보내셔요  모닝햄버거,#모닝햄버거,0.09164420485175202
101,wo_olso,부지런한 사람만 먹을 수 있다는 맥모닝   맥도날드  맥모닝   베이컨 에그 맥모닝 세트  4 300부드러운 번과 치즈 그리고 포글포슬한 계란   짭쪼름한 베이컨그리고 겉바속촉 해시브라운 조합은아침을 보내기에 완벽한 한끼입니다  부지런한 사람만 먹을 수 있다는맥모닝 오늘 처음먹어봤는데요  앞으로 더 부지런하게 살아야겠습니다     왜냐하면  너무 맛있거든요      햄버거  아침식사  맥모닝세트  베이컨  커피  아침  아침식단  식단  식단일기  선팔  맞팔  소통  데일리  겨울  미라클모닝  한끼  먹방  먹팔  먹스타맞팔  먹방스타그램  food  instagood  like  좋아요  좋아요반사  맛집  맛스타그램  맛있다,"#맥도날드, #맥모닝, #햄버거, #아침식사, #맥모닝세트, #베이컨, #커피, #아침, #아침식단, #식단, #식단일기, #선팔, #맞팔, #소통, #데일리, #겨울, #미라클모닝, #한끼, #먹방, #먹팔, #먹스타맞팔, #먹방스타그램, #food, #instagood, #like, #좋아요, #좋아요반사, #맛집, #맛스타그램, #맛있다",0.023222060957910014
102,traveler_so, The Burger Company ｱｯﾌﾟﾙｺﾞﾙｺﾞﾝｿﾞｰﾗﾊﾞｰｶﾞｰ とっぴんぐ ﾊﾟﾃｨ theburgercompanyこのポテト好き     ｱｯﾌﾟﾙｺﾞﾙｺﾞﾝｿﾞｰﾗ癖になるタイプバーガー  yum yum                           foodstagram cafestagram 햄버거 burger burgerlover hamburger 京都ランチ 関西グルメ ハンバーガー ハンバーガー好きな人と繋がりたい 카페스타그램 retrip_cafe カフェスタグラム 食べスタグラム 飯テロ グルメ好きな人と繋がりたい カフェ部 京都カフェ 京都ハンバーガー 京都グルメ サンドイッチ coffee 좋아요그램 일상스타그램,"#theburgercompanyこのポテト好き︎︎︎☺︎ｱｯﾌﾟﾙｺﾞﾙｺﾞﾝｿﾞｰﾗ癖になるタイプバーガー🤤🍔yum-yum＊＊＊＊＊＊＊＊＊＊＊＊＊＊＊＊＊＊＊＊＊＊＊＊.., #foodstagram, #cafestagram, #햄버거, #burger, #burgerlover, #hamburger, #京都ランチ, #関西グルメ, #ハンバーガー, #ハンバーガー好きな人と繋がりたい, #카페스타그램, #retrip_cafe, #カフェスタグラム, #食べスタグラム, #飯テロ, #グルメ好きな人と繋がりたい, #カフェ部, #京都カフェ, #京都ハンバーガー, #京都グルメ, #サンドイッチ, #coffee, #좋아요그램, #일상스타그램",0.04499274310595065
103,food.tomorrow,  강남역  번패티번 이곳은 햄버거계의 소프트 아이스크림  너무 부드러워서 버거를 마셔버렸어요  여기는 번을 직접 만들어서 번 패티 번  번이 완전 퐁실하면서 부드러워서 진짜 최고다  번까지 직접 만드니 이게 찐수제버거지 과카몰리 버거는 아보카도 좋아하시는 분들은 무조건 시키세요  속재료 완전 신선하고 과카몰리랑 너무 잘 어울린다  재료 안아끼고 팡팡 넣어주셔서 가성비가 좋다고 느껴질 정도 트러플 버거 이거 완전 요물이다  트러플 러버인 나는 흡입해버린 메뉴  버거에서 트러플 향이 확 나고 부드러운 버거 식감이랑 트러플 향이랑 찰떡이라서 호불호 없이 먹을 수 있다 플래터는 2만원 안되는 가격에 그린샐러드  어니언링  소시지  치즈프라이  아메리칸윙  소스가 나온다  완전 혜자로운 조합  특히 어니언링이랑 그린샐러드가 최애였다  샐러드 드레싱도 너무 맛있고 어니언링 바삭바삭 그 자체 강남역 수제버거집으로 강추하고 싶은 곳  매장도 넓고 예뻐서 데이트 장소로도 추천한다  사진은 못 찍었지만 여기 루프탑도 너무 예뻐서 날 따뜻해졌을 때 가면 딱일 듯   낼먹_강남  낼먹_신논현  낼먹_서초   과카몰리 버거 10 300원  트러플 머쉬룸 버거 10 300원  플래터 19 800원    매일 11 00   21 30,"#강남역, #번패티번, #낼먹_강남, #낼먹_신논현, #낼먹_서초",0.04582210242587601
104,dodo_hada_,엄마는아파도아이밥은챙겨야한다 ㅎ 제주흑돼지함박스테이크 로  햄버거    패티 로 활용해보았습니다 식감좋은 흑돼지패티랑 치즈랑 로메인과 그린샐러드의 만남이것이 기분좋은  맛남 이죠맛있으믄 혼자다먹는 예비고딩  혼자다먹는걸로 맛있다는걸 대신답해줍디다   제주흑돼지  함박스테이크는그냥 함박스테이크 정식으로만들어한끼니로 먹어도되고햄버거패티  볶음밥  스파게티  피자 등 고기가 들어가는곳 어디에나고유의 감칠맛을 뽐내줍니다 절찬공구중  방학엔뭐먹지 도도추천  방학메뉴  jmt  맛스타그램,"#제주흑돼지함박스테이크, #햄버거, #패티, #맛남, #예비고딩, #혼자다먹는걸로, #맛있다는걸, #제주흑돼지, #함박스테이크는그냥, #절찬공구중, #방학엔뭐먹지, #도도추천, #방학메뉴, #jmt, #맛스타그램",0.033589052456976985
105,otempura.chan,      神戸赤ふじ  kobe_akafuji  美味しいハンバーグを求めて赤ふじさんへ 高級感あふれる店内つなぎなしの100 神戸牛と特選和牛を使った肉肉しいハンバーグ 自分専用の鉄板で 一口づつ焼く新感覚のスタイル𓂅𓐍 黒毛和牛赤ふじハンバーグステーキ  Ｍ  170g 1 870円 税込 を注文しました  薬味は5種類から選べてどれも美味しかったです 個人的にジャポネソースが好みかな  目の前の釜で炊かれるこだわりのご飯は炊きたてでおかわりもできるご飯の炊ける香りも食欲をそそります 炊きたてのご飯をそのままいただいた後に   〆のご飯を3種類から選ぶます  ガーリックライス ひつまぶし 卵かけご飯  私は目の前で出汁をとるひつまぶしをチョイス ちいさなハンバーグがついてきてご飯の上にのせてお出汁をかけていただきます 薬味とハンバーグとお出汁   美味しくない訳がない    パフォーマンスもお店の方の気遣いもとても良いお店でした   次は牛タン食べてみたいです ご馳走様でした           神戸赤ふじ 神戸グルメ 神戸牛ハンバーグ 神戸デート 三ノ宮ディナー 神戸ビーフ 神戸ランチ 肉スタグラム 元町ディナー 肉スタグラマー  関西グルメ グルメスタグラム 飯テロ 兵庫ランチ ハンバーグ部 肉 ハンバーグ専門店  赤ふじ おかわり自由 釜のご飯 神戸旅行 kobe グルメ 햄버거 일본여행 神戸グルメ  神戸観光   神戸好きな人と繋がりたい  japantravel  kobebeef  ,"#神戸赤ふじ, #神戸グルメ, #神戸牛ハンバーグ, #神戸デート, #三ノ宮ディナー, #神戸ビーフ, #神戸ランチ, #肉スタグラム, #元町ディナー, #肉スタグラマー, #関西グルメ, #グルメスタグラム, #飯テロ, #兵庫ランチ, #ハンバーグ部, #肉, #ハンバーグ専門店, #赤ふじ, #おかわり自由, #釜のご飯, #神戸旅行, #kobe, #グルメ, #햄버거, #일본여행, #神戸グルメ, #神戸観光, #神戸好きな人と繋がりたい, #japantravel, #kobebeef",0.07256894049346879
106,esquire.korea,고든램지 스트리트 버거가 올해 초 국내 상륙합니다  고든램지 스트리트 버거는 고든램지 버거보다 가격이 저렴하고 보다 캐주얼한 분위기가 특징인데요  영국을 벗어난 해외 첫 매장이자 아시아  국내 1호 매장은 현대백화점 무역센터점 지하 1층에서 만나볼 수 있습니다    고든램지  고든램지버거  고든램지스트리트버거  햄버거  에스콰이어  ESQUIREKOREA Editor 김장군 Photo  gordonramsaystreetburger,"#고든램지, #고든램지버거, #고든램지스트리트버거, #햄버거, #에스콰이어, #ESQUIREKOREA-Editor",0.7530582624922247
107,cooktracha,버거맛집 어디   햄버거   burger    양배추  수제버거  cabbage 영상 양배추 한 통을 사놨는데점점 시들어 갈때 딱 좋은 버거  레시피 입니다 돼지고기 간 것 한 팩만 사세요  4000 5000원  ground pork   1초 꿀 tip  주재료는 양배추와 고기 뿐  햄버거 빵  없으면 패쑤  패티를 스테이크로 먹어도 ok  저는 빵을 냉동 보관 하며   먹고  있어요  패티는 두툼하게 해보세요  별거 없쥬     1인칭 시점 맛 평가  저 패티 두께 보이시나요 고기를 씹는 즐거움에 아삭한 양배추 맛이 느껴져요   등심 햄과 치즈  상추  간간히 느껴지는   머스타드  마요네즈와   환상의 조화 입니당  존맛탱   포테이토에는   허니머스타드 시즈닝 오늘의 버거는      행복한 주말 보내세요   홈쿡  쿡스타그램  쿡  맛스타그램  온더테이블  브런치  집밥스타그램  먹팔  먹팔맞팔  먹스타맞팔 오늘뭐먹지  버거  hamburger  cooking  yummy  brunch 홈스토랑  간식,"#햄버거, #burger, #양배추, #수제버거, #cabbage, #홈쿡, #쿡스타그램, #쿡, #맛스타그램, #온더테이블, #브런치, #집밥스타그램, #먹팔, #먹팔맞팔, #먹스타맞팔, #오늘뭐먹지, #버거, #hamburger, #cooking, #yummy, #brunch, #홈스토랑, #간식",0.050590918515446816
108,burgerily_delish,  hyoeskobe   _ burgerily  burgerilydelish  burger  burgers  burgersandfries  hamburger  burgerlovers  burgerclub  burgertime  delicious  yummy  delish  ハンバーガー  햄버거  everydayisburgerday  umami  oishii  kobe  kobeshi  hyogo  hyogoprefecture  japan,"#burgerily, #burgerilydelish, #burger, #burgers, #burgersandfries, #hamburger, #burgerlovers, #burgerclub, #burgertime, #delicious, #yummy, #delish, #ハンバーガー, #햄버거, #everydayisburgerday, #umami, #oishii, #kobe, #kobeshi, #hyogo, #hyogoprefecture, #japan",0.02882023636740618
109,muk_hyojae.1203, 남양주의 축복입니다   다들 하루 빨리 영접해야함   남양주     오렌지블루스  파스타와 햄버거에 진심인 사장님이 운영하시는 가게가 있어다녀왔습니다  꾸덕한 로제파스타 위에 초고도비만 통새우를넣어 씹을 때마다 입에서 새우가 팡팡터지는게 너무 좋아요  빵보다 훨씬 큰 패티의 햄버거도 너무 인상깊었는데 뚱뚱한치킨패티에 메이플시럽을 뿌려먹으라 하셔서 좀 이상했는데 미국식 전통버거라 그런지 단짠단짠이 기가막혔습니다   프랜차이즈라 어느 지역에서도 만나보실 수 있는 가게였어요양식 찐 하게 느껴보시고 싶으시다면 이 가게 강추드릴게요    경기 남양주시 다산순환로 220 다산리코빌파크뷰 1층 140호 141호 먹효재_남양주 남양주  남양주맛집  남양주데이트  남양주맛집추천,"#오렌지블루스, #먹효재_남양주, #남양주, #남양주맛집, #남양주데이트, #남양주맛집추천",0.3456354965788928
110,hayato.nose,久しぶりの ハンバーグ 洋食 hamburg  エビフライ  海老フライ ミックスグリル コスパ最高  ボリューム満点  美味しいもの好きな人と繋がりたい  グルメ好きな人と繋がりたい  食べるの好きな人と繋がりたい  ご当地グルメ  ソウルフード b級グルメ  食レポ 飯テロ  ランチ 昼ごはん 関西グルメ  東大阪グルメ  絶品 食べ歩き 햄버거  いただきます  ごちそうさまでした ごはん記録  煮込みハンバーグ  肉汁 グルメスタグラム  手作り,"#ハンバーグ, #洋食, #hamburg, #エビフライ, #海老フライ, #ミックスグリル, #コスパ最高, #ボリューム満点, #美味しいもの好きな人と繋がりたい, #グルメ好きな人と繋がりたい, #食べるの好きな人と繋がりたい, #ご当地グルメ, #ソウルフード, #b級グルメ, #食レポ, #飯テロ, #ランチ, #昼ごはん, #関西グルメ, #東大阪グルメ, #絶品, #食べ歩き, #햄버거, #いただきます, #ごちそうさまでした, #ごはん記録, #煮込みハンバーグ, #肉汁, #グルメスタグラム, #手作り",0.052664316815260216
111,yangjeong_baseball,즐거운 토요일간식은 수제 버거   선수들 정말 맛있게 금새 뚝딱입니다    양정초 야구부는선수들의 먹거리를 중요하게생각합니다  4학년 3학년 2학년 1학년입단 문의주세요  입단문의는주형광 감독님께   01093862828 양정초등학교야구부  양정초등학교  주형광감독님 김민제코치님 이서윤코치님 엘리트야구  4학년  3학년  야구선수모집  부산진구  야구부  롯데자이언츠  체계적인훈련  양정초  엘리트야구  부산  진구  코치님  지도  2022  2023  2023년 토끼해  검은토끼의해  토끼  토끼띠 타격  선수  햄버거  수제버거  AGENT,"#양정초등학교야구부, #양정초등학교, #주형광감독님, #김민제코치님, #이서윤코치님, #엘리트야구, #4학년, #3학년, #야구선수모집, #부산진구, #야구부, #롯데자이언츠, #체계적인훈련, #양정초, #엘리트야구, #부산, #진구, #코치님, #지도, #2022, #2023, #2023년, #토끼해, #검은토끼의해, #토끼, #토끼띠, #타격, #선수, #햄버거, #수제버거, #AGENT",0.019697283848227245
112,2tsfreeing,버거킹도 있고 써브웨이도 있지만맥날은 없는 희한한 오창 맥도날드 빅맥,"#맥도날드, #빅맥",0.020941322828115283
113,honeyzamuzam__,가성비가 진짜 괜찮긴 함    가성비  직장인  직장인스타그램  점심  점심식사  햄버거  유머계정  유머모음  유머스타그램  유머글  유머짤  이슈,"#가성비, #직장인, #직장인스타그램, #점심, #점심식사, #햄버거, #유머계정, #유머모음, #유머스타그램, #유머글, #유머짤, #이슈",0.02882023636740618
114,hhow94,압구정 선데이버거클럽  협찬 굿데이 투 다이 19 900 크림 치즈 버거  더블  15 500 치킨 플레이터 25 000 칠리 치즈 프라이즈 8 300 미쿡 감성 압구정 수제버거 선데이버거 클럽  선데이 버거는 종종 방문하는 매장인데 이날은 신메뉴인 크림치즈버거를 먹어봤다  굿데이 투 다이처럼 헤비한 비주얼이잔 먹기에는 생각보다 헤비하지 않았고 적은 양이 아니니 양이 많은 분들에게 추천한다  양이 적은 분들은 싱글버거나 기본 버거들가 밸런스도 좋고 적당해서 그걸로 시키는게 좋을 거 같다  분위기도 괜찮고 여기 사장님 마인드도 좋아서 정감이 가는 곳이다  압구정에서 두툼한 수제버거를 먹고 싶다면 선데이버거클럽을 추천한다  선데이버거클럽  압구정맛집  도산공원맛집  수제버거,"#선데이버거클럽, #압구정맛집, #도산공원맛집, #수제버거",0.08335061165249845
115,popcorn.humor_, 맥도날드    팝콘  ㅋㅋ  웃음  오늘하루  유머  예능  존잼  릴리쨈  유머그램  재미그램  스타그램  좋반  좋반사  좋아요  좋아요반사  선팔하면맞팔  가로수길  30대여자  햄버거  유머저장소  오늘의유머  신논현  대학로  맘스타그램  돈스타그램  육아스타그램  서울숲  럽스타그램,"#맥도날드, #팝콘, #ㅋㅋ, #웃음, #오늘하루, #유머, #예능, #존잼, #릴리쨈, #유머그램, #재미그램, #스타그램, #좋반, #좋반사, #좋아요, #좋아요반사, #선팔하면맞팔, #가로수길, #30대여자, #햄버거, #유머저장소, #오늘의유머, #신논현, #대학로, #맘스타그램, #돈스타그램, #육아스타그램, #서울숲, #럽스타그램",0.05224963715529753
116,kate_burger.official, 내 사랑 쪽파에그스크램블 버거 제가 제일 좋아하는 버거예요 전 스크램블의 부드러움이 패티의 겉바속촉을 감싸주는 이 조합이 너무나 사랑스럽습니다  매일 직접 만드는 육즙 터지는 100  소고기 패티 탱글탱글 식감이 입안에서 터지는 100  수제 새우패티 폭신폭신 버터향 넘치는 부드러운 브리오쉬번 그리고 신선한 야채 가득한 리얼수제버거 햄버거에 사용되는 모든 패티는 100  수제로 만들고 있어요   케이트버거 올림픽로 35길 124 장미상가A동 B1 13호 02 2202 7667 월 토 10 30 21 00 잠실맛집  잠실역맛집  송파맛집  잠실맛집추천  잠실수제버거  수제버거  수제버거맛집  수제버거전문점  단체주문  단체도시락주문  버거맛집  롯데월드맛집  햄버거  햄버거스타그램,"#잠실맛집, #잠실역맛집, #송파맛집, #잠실맛집추천, #잠실수제버거, #수제버거, #수제버거맛집, #수제버거전문점, #단체주문, #단체도시락주문, #버거맛집, #롯데월드맛집, #햄버거, #햄버거스타그램",0.041882645656230566
117,zipo_food, 협찬  지축 써프버거 S U F  삼원지 사람들 다 모이세요      수제버거 맛집 발견했어요 저는 s u f 오리지널 버거와 쉬림프버거를 먹어봤는데용 쉬림프는 불맛이 나면서 어니언링이 들어가있는게 너무 맛있었어용    하지만  첫도전은 오리지널 버거 강추드려용 사장님이 인테리어에 신경쓰신게 느껴지는 분위기 맛집이기도 했네용  다들 스타필드랑 가까우니 버거가 땡기신다면 방문 추천드려요   지포_삼송,"#협찬, #지포_삼송",0.02550279908770475
118,eat._.333, 협찬  니꾸킹버거 에서 머쉬룸크림버거  로제버거  쓰리라차갈릭버거  치킨  감자튀김  코우슬로 푸파중  트렌디함의 끝판왕  더티버거 너무 좋잖아요   와구와구 먹는 맛 최고  빵은 촉촉 패티는 짭짤 소스는 듬뿍  이거이거 맛이 없을 수가 없는데요   세트메뉴도 있어서 버거 치킨 감튀 코우슬로까지 한 번에 즐기기 아 쌉가능  다 먹고싶을땐 아묻따 세트로 ㄱㄱ  세트구성 야무지다    수비드를 이용해 미디움 소고기 패티를 만들어 내고 라드를 이용해 튀겨내어 탄생한 니꾸니꾸킹버거  시간과 정성이 듬뿍 담긴 버거인만큼 맛도 넘나 완벽   인테리어도 힙 그 잡채  독보적인 색감과 소품들로 아기자기하면서도 힙스러움을 강조  입이 즐거울 뿐만 아니라 눈도 즐거운 수제버거 맛집   번외로 협찬촬영을 한 후엔 따뜻한 음식은 사실상 꿈도 못꾸는데  사장님께서 촬영 끝나자마자 따뜻한 버거를 내어주심   감동  사진은 찍지 말라고 하셨지만    사장님의 친절함은 모두가 알아야합니다  당장 돈쭐내러 출동    연남동이래 돈쭐내러 가자 서울 마포구 동교로34길 17 1층 202호 커플세트 햄버거2 감자튀김150g 치킨4pc 코우슬로 음료2   34 000 니꾸킹버거  햄버거맛집  버거맛집  수제버거맛집  수제버거  햄버거  버거  연남동맛집  연남동카페  연남맛집  홍대맛집  홍대가볼만한곳  연남동,"#협찬, #니꾸킹버거, #햄버거맛집, #버거맛집, #수제버거맛집, #수제버거, #햄버거, #버거, #연남동맛집, #연남동카페, #연남맛집, #홍대맛집, #홍대가볼만한곳, #연남동",0.14036906489736678
119,h_a__jjang,두꺼운 소고기패티 좋아요아삭한 양상추에치즈가 더해진 수제버거존맛탱구리           미국버거  수제버거  수제버거맛집  대구맛집  대구햄버거  대구혼밥  햄버거  패스트푸드  포테이토  감자튀김  칠곡맛집  동천동맛집  칠곡3지구맛집  대구여행  대구핫플  대구신상맛집  존맛  존맛탱  존맛탱구리,"#미국버거, #수제버거, #수제버거맛집, #대구맛집, #대구햄버거, #대구혼밥, #햄버거, #패스트푸드, #포테이토, #감자튀김, #칠곡맛집, #동천동맛집, #칠곡3지구맛집, #대구여행, #대구핫플, #대구신상맛집, #존맛, #존맛탱, #존맛탱구리",0.03317437279701431
120,nanahonomoka,カールスジュニア自由が丘で朝からモンスターバーガー パティとチーズ3枚 ベーコン6枚です 高さはないけど横に広いんだよね どうしてカールスジュニアのチーズは美味しいんだろう マックもそうだけど濃厚なんだよね 良い意味で口にまとわりつくよね リロケーションしてからドリンクバー取りに行くのに1度外に出てまた店内に入るっていうめんどくさいシステムになってちょっとやだな   _    ハンバーガー  ハンバーガー大好き  ハンバーガー好きな人と繋がりたい  햄버거  ハンバーガー部  ハンバーガー女子  ハンバーガー巡り  ハンバーガー好きと繋がりたい  ハンバーガー男子  東京グルメ  東京カフェ  東京ハンバーガー  カールスジュニア,"#ハンバーガー, #ハンバーガー大好き, #ハンバーガー好きな人と繋がりたい, #햄버거, #ハンバーガー部, #ハンバーガー女子, #ハンバーガー巡り, #ハンバーガー好きと繋がりたい, #ハンバーガー男子, #東京グルメ, #東京カフェ, #東京ハンバーガー, #カールスジュニア",0.038357868546547796
121,bro_burger_,머쉬룸 폭탄   트러플 머쉬룸버거  이렇게 아낌없이 들어간 머쉬룸버거오직 브로버거에서만 만날수있는거 아시죠오   진짜 아낌  없이 팍팍   넣어 머쉬룸으로산을 이룬 트러플 머쉬룸버거 슬라이스 양송이 버섯과 볶은 느타리버섯으로풍미가득하면서    트러플오일로 마무리 찐 한 버섯 풍미는 브로버거에서   브로버거  수제버거  수제버거맛집  햄버거  햄버거맛집  햄버거스타그램  버거스타그램  버거  버거맛집  방이동맛집  방이역맛집  방이동먹자골목맛집  방이동맛집추천  올림픽공원맛집  광명맛집  광명역맛집  광명맛집추천,"#트러플, #브로버거, #수제버거, #수제버거맛집, #햄버거, #햄버거맛집, #햄버거스타그램, #버거스타그램, #버거, #버거맛집, #방이동맛집, #방이역맛집, #방이동먹자골목맛집, #방이동맛집추천, #올림픽공원맛집, #광명맛집, #광명역맛집, #광명맛집추천",0.04955421936554012
122,hyob_muk,육즙 줄줄 흘러내리는 명품패티로 유명한  톰바그  협찬 비주얼부터 맛까지 어나더레벨  톰바그에 대표버거인 톰스테이크바그는 두툼한 고기패티에 풍미가득 전분이 전혀 들어가지않은  100  수제고기패티라 진한 고기 맛이 풍부하며  육즙 콸콸 폭포수처럼 흐르고 촉촉해서 입에서 그냥 녹아버려요  불향과함께 육향이 ദ ദ ᐡ        ᐡ    시그니처 소스까지 조화롭게 맛을 한층 더 올려주더라구여999통새우바그는 통통한 새우가 가득한패티의 탱글한 식감에 반하게되요 직접 만드신 로제소스가 자극적이거나 느끼하지도 않고 감칠맛에 잘 어울렸어요바닐라쉐이크는 목 넘김도 부드럽고 진득하며 깊은 맛이나고 달달함도 적당한게 계속 흡입하게되요   짭조름한 어니언치즈베이컨 감튀브라운 이거 밀크쉐이크에 찍어먹기 강츄𖤐 다먹고나면 친절하신 직원분께서 셀렉션 아이스크림도 주시는데 입가심까지 완벽  운정역에서 도보 10분 가게 앞쪽에 주차공간도 있어 접근성이 좋으니 파주 들리시면 꼭 방문해보세요     경기 파주시 운정로 39 102호 11 00  21 00  화요일 정기휴무  20 30 라스트오더 톰스테이크바그   15 900 999로제통새우바그   18 900 어니언 치즈 베이컨 감튀브라운  11 900 바닐라쉐이크  4 900 운정역맛집  햄버거맛집  수제버거  수제버거맛집  파주맛집  파주데이트  파주핫플  일산맛집  일산핫플  일산데이트  운정역데이트  헤이리마을맛집  운정맛집  햄버거  경기도맛집  버거,"#톰바그, #운정역맛집, #햄버거맛집, #수제버거, #수제버거맛집, #파주맛집, #파주데이트, #파주핫플, #일산맛집, #일산핫플, #일산데이트, #운정역데이트, #헤이리마을맛집, #운정맛집, #햄버거, #경기도맛집, #버거",0.23056189093924945
123,burgerily_delish,  hotbunnydiner   _ burgerily  burgerilydelish  burger  burgers  burgersandfries  hamburger  burgerlovers  burgerclub  burgertime  delicious  yummy  delish  ハンバーガー  햄버거  everydayisburgerday  umami  oishii  toyota  aichi  japan,"#burgerily, #burgerilydelish, #burger, #burgers, #burgersandfries, #hamburger, #burgerlovers, #burgerclub, #burgertime, #delicious, #yummy, #delish, #ハンバーガー, #햄버거, #everydayisburgerday, #umami, #oishii, #toyota, #aichi, #japan",0.019697283848227245
124,sungjong_kang, 첫줄총대장님과 함께    미스터샤크  철산동  나라참치  뭉쳐야  본다  저녁식사  아저씨들  모임  미스터샤크김민수멀티짐  멤버  유도인  참치회  좋아요  소통해요  일상소통  일상공유  맞팔  맞팔선팔환영  선팔후댓글  역시  난  사이다  다음에는  햄버거  투어  그다음에는  또  뭔가있을거야,"#첫줄총대장님과, #미스터샤크, #철산동, #나라참치, #뭉쳐야, #본다, #저녁식사, #아저씨들, #모임, #미스터샤크김민수멀티짐, #멤버, #유도인, #참치회, #좋아요, #소통해요, #일상소통, #일상공유, #맞팔, #맞팔선팔환영, #선팔후댓글, #역시, #난, #사이다, #다음에는, #햄버거, #투어, #그다음에는, #또, #뭔가있을거야",0.02902757619738752
125,pol_junee, D 78  오늘 N줄일기1  출근 전에 일찍 일어나서 타임어택으로 스터디 탐랩찍음2  어제 일기쓰고 고민하다 걍 모고 신청했음 재규형 가보자 3  그냥 햄버거 두 개 먹을걸  스낵랩은 양 넘 작다ㅠ4  XL 마지막 1개 남은거 재빨리 득템하는 그 짜릿함이란  5  제발 간식으로 떡볶이좀 그만줘   맵고 짜고 살찌고 최악6  오늘 삼겹살 먹으러 가기로 해서 빡운동함 나시핏 어떤데7  헬짱들이라서 그냥 술 없이 고기만 냅다 들이붓고 폭식함8  집 오니까 조던 도착했다  역시 실물이 더 예쁨 최고야  ,,0.02177068214804064
