ID,Post_num,Followers
z.e.o.m,236.0,8603.0
foodgangster_fgg,128.0,3360.0
bboong_bbang_2,741.0,6928.0
dhrkspths,2178.0,27000.0
a_a_bl0s2om,606.0,1020.0
yeony_matzipsa,223.0,8787.0
cookat.magazine,5861.0,1311000.0
wooo_new,395.0,19000.0
matport_,379.0,44000.0
sun_star520,538.0,251.0
kysnara_,124.0,1264.0
carl_bizarre_foodventures,2352.0,663.0
friendlyleung,5877.0,1717.0
eun_y_park,152.0,333.0
helth_bruni,23.0,256.0
a_stamoon,9.0,53.0
e.cla.tant__bob,235.0,146.0
what___we__eat,190.0,26.0
joshell,113.0,658.0
zzam583,137.0,65.0
food_developer_raymond10,0.0,0.0
tooooo__eat,1017.0,2662.0
jndara_tasty,57.0,48.0
naturalchicken420,7.0,50.0
woonkim_official,168.0,485.0
honeyfunny_cook,753.0,881.0
mukjasa._.03,255.0,1793.0
rkqdyd96,194.0,1117.0
jangjieun437,764.0,740.0
haina__kim,574.0,800.0
hireme.plz,67.0,245.0
j.nghwan,381.0,273.0
minchelin__guide,508.0,925.0
dorimin_kk,1051.0,1428.0
raphael.hj,64.0,30.0
vorah_de,104.0,3355.0
masitdda_o,93.0,1001.0
sop99275,10.0,0.0
danbaek_hanbom,387.0,588.0
soddong_00,436.0,270.0
lee.jun.sang,101.0,78.0
han.dong.min,1457.0,344.0
everyday.chickenday,537.0,782.0
seahzzang,1659.0,7177.0
pit_a_pat_story_,597.0,3302.0
smi__le94,965.0,4666.0
eun_kyung929,853.0,533.0
yeonrm,872.0,1445.0
_98685269,5.0,5.0
hello.hangoon,871.0,938.0
meokksta,1196.0,305.0
kokoeee93,694.0,138.0
hongdaemon,291.0,660.0
mukja.bom,21.0,1320.0
bluefree1004,2855.0,2132.0
francken_sinwol,17.0,34.0
tasty_diet_247,43.0,20.0
lovesym1004,2516.0,1570.0
qtg_x,7.0,37.0
kk__w__,24.0,530.0
momong_09,54.0,17.0
mukguu_,43.0,3507.0
tj_juri._.513,244.0,2721.0
mwonday,162.0,55.0
love.like.food,3.0,0.0
grace_605,267.0,785.0
evergreen515,3370.0,1321.0
heart_eunju,83.0,608.0
the_rem_d,2395.0,1005.0
korea_cafe_01,49.0,2365.0
fun_inseoul,182.0,1243.0
wagu_wagu_22,8.0,191.0
studio_mildo,392.0,5195.0
yelinkoo,3756.0,3923.0
purple__table,44.0,569.0
soot__yang,1125.0,1196.0
khs0901041314,1337.0,1588.0
riris_kj,352.0,294.0
soodaeng_ing,52.0,93.0
chickenmaru_boryeong,233.0,808.0
sixchicken6_6,618.0,391.0
hong_hong_90,375.0,113.0
hjm10291,1965.0,1377.0
yoonstar_food,22.0,94.0
lhj860402,237.0,197.0
kkunmil,5.0,12.0
curumi_,145.0,228.0
crescendog01,417.0,1946.0
seongeun0114,1259.0,736.0
mufffine,311.0,5460.0
meow_ricchi,25.0,113.0
chani58ya,1223.0,1654.0
skaxo2950,129.0,720.0
car01049107654,716.0,617.0
o_ssu_55,325.0,651.0
yumyum__story_,629.0,336.0
dleee789,99.0,198.0
lee_dong_hoon1981,3449.0,5357.0
jinju_pi9,493.0,943.0
jmtmjo1999,418.0,947.0
s2_dailyfood,0.0,0.0
jellysoda_,221.0,191.0
f_diary95,33.0,806.0
heejin_nikoniko,540.0,95.0
seonhyi9049,30.0,8.0
fedcook_hhj,548.0,1533.0
gimdongju30,36.0,6.0
chpark75,36.0,7.0
_h___s2___mi_,899.0,2523.0
jwan_lee.09,203.0,462.0
kisu.eat,386.0,22000.0
minbong2486,36.0,2.0
riskertv,188.0,133.0
lovekimkong,907.0,1084.0
kaeul15,646.0,956.0
beombeer_us,61.0,1177.0
daily_yori_,8.0,13.0
naju_beerhouse,6.0,49.0
mukpiggram,103.0,863.0
uujay_,54.0,162.0
bia_sori9383,383.0,156.0
edmondfugler0170139,78.0,0.0
uniribbon_uni_seo,7379.0,4131.0
dany_sports___,441.0,361.0
run.1217,262.0,2054.0
ccocco153,30.0,15.0
donsanam_,350.0,10000.0
cmsoonkr,36.0,11.0
hyeongryeol.jo,0.0,0.0
sangmin_jjin,36.0,12.0
mk6838mk,2628.0,2747.0
issuki81,36.0,9.0
bysorh,36.0,21.0
balloonfriends_toon,120.0,1268.0
jiji.o00o,3.0,12.0
nahoseon,45.0,20.0
chaei_dolphin,786.0,6833.0
___foodtour,495.0,48000.0
flux1995,102.0,814.0
kimju1657,347.0,145.0
beatles1356,131.0,74.0
suu.nn7,65.0,1474.0
lee_hee_94,123.0,455.0
elmarpension,140.0,119.0
sjonnuri_middle,7.0,6.0
z._eonyy,5.0,1.0
pey202200,27.0,22.0
yong_daily_,35.0,75.0
kko.bi1225,727.0,348.0
bongachi,1635.0,339.0
ji.____won,86.0,102.0
say__chacha,241.0,221.0
dekoz,1452.0,201.0
eumsikenjoy,30.0,73.0
momstouch_seokdong,116.0,379.0
kimstar.sasu,360.0,345.0
a1004109,45.0,18.0
yongsun76,1062.0,1093.0
rlatjdxor0612,45.0,12.0
hanii_jun2,2218.0,586.0
eoieo1001,45.0,100.0
pi___g,151.0,3542.0
jiho0824,2613.0,4528.0
ljhljhmom86,547.0,233.0
wook_____l,32.0,473.0
mukkott_list,32.0,863.0
bom.yul_mom,1207.0,5282.0
peanut_rw,32.0,41.0
s_soldy_,450.0,1210.0
0rbbang,785.0,3230.0
friendly_hoya,2594.0,2022.0
man._.do__,11.0,32.0
s.oo_s2_,46.0,30.0
belenperlas,104.0,2033.0
youms77,861.0,302.0
yoonjjeongss__,2196.0,1101.0
joewhite5420,2808.0,5895.0
wlsdn1777,23.0,66.0
minaalperin,77.0,2.0
jang_ej523,8.0,68.0
yangju_myeongga_chicken,4.0,30.0
jinhojinho2015,352.0,257.0
todays._.danvi,4.0,6.0
twigidak,46.0,653.0
moonchelin.chef,1239.0,28000.0
min_ji_taste,189.0,1375.0
teeyou66,67.0,73.0
jang_music,927.0,143.0
ttchicken_purple_gguggu,87.0,50.0
beo_m__,661.0,1327.0
otschicken_official,240.0,1604.0
ong_nongnyong,46.0,1009.0
dlssud911,55.0,223.0
gaebobjangsu.tacone,687.0,2153.0
naa.nya_,225.0,350.0
sso_eul_taste,234.0,4718.0
0nullnu0,819.0,6901.0
ch_ooha_taste,260.0,3587.0
yo_onchae_taste,320.0,4127.0
mephisto_pub,13.0,502.0
chae_yul_taste,417.0,3523.0
rr_aon_taste,250.0,2303.0
na_siiver_taste,266.0,1795.0
syh0079,22.0,210.0
chae_ah_taste,266.0,2791.0
jji_siiver_taste,324.0,2761.0
taerin_taste,312.0,2623.0
hyobin_taste,324.0,2485.0
babequechikin_official,36.0,54.0
muk_saebyeok,330.0,2698.0
muk_danbi,270.0,2932.0
bodle._.love,71.0,224.0
muk_hyeonji,259.0,2768.0
muk_soomin,305.0,2774.0
muk_minyeong,350.0,3604.0
muk_sohui,356.0,3816.0
muk_minnnji,331.0,3056.0
so_sik_life,389.0,702.0
muk_sseulgi,329.0,3688.0
muk_sumin,342.0,3428.0
muk_ssuumi,354.0,3520.0
zzaq21,132.0,2057.0
0zzine__idus8,1441.0,1463.0
meatkit_special_list,88.0,95.0
taishi_ci78,1815.0,266.0
masitakini,11.0,457.0
muk_ahyeon,336.0,3520.0
djo_onp,359.0,359.0
soyi0603,10.0,63.0
ted_comic,7461.0,57000.0
_l.o.v.e.y.u.l_,5.0,2.0
modernvape_,9311.0,11000.0
langdy_english,192.0,9691.0
nal_s9,231.0,665.0
chiu_on,529.0,71.0
eumapping,136.0,293.0
bluehyeon,93.0,77.0
mic.hellechapman42,92.0,36.0
myungmomukg,20.0,207.0
sokchogram,649.0,15000.0
dong_hee__98,165.0,5287.0
hello_happy6060,71.0,15.0
rtest.s001,383.0,280.0
ansan_elec_chicken,297.0,422.0
chickenssam,256.0,910.0
ace_g_ii,22.0,19.0
jooeuna,8314.0,3739.0
hyuck.ing_work.ing,120.0,57.0
vivianbon00,277.0,126.0
so___mong,117.0,2103.0
wjddms9187,35.0,188.0
jjunana93,624.0,410.0
bb_food.90,120.0,96.0
namhaeorganic,1718.0,8393.0
cooktracha,226.0,1450.0
heeseon__choi,1217.0,3593.0
yum2_yom2,80.0,588.0
naedak_official,38.0,176.0
jihyeon._.2011,2.0,17.0
channelj,1558.0,3520.0
bbq_offi,139.0,15000.0
hmj88088,66.0,957.0
all.about.20s,18000.0,429000.0
jumodukeombain,96.0,16.0
h.baek.04,277.0,117.0
babeq8000,82.0,55.0
bibiananzhai,219.0,118.0
yamigani,507.0,772.0
official_ippo,21.0,518.0
tupacaef532,9.0,1.0
illu_cafeteria,1042.0,4032.0
wanggiyomi,348.0,87.0
love__hj486,1900.0,226.0
lyn264,733.0,76.0
geumdukchun,0.0,0.0
hanna_sewang,2187.0,474.0
ibbeunmom,55.0,93.0
yeonmi9842,1169.0,695.0
nvjenny,5215.0,2717.0
chickenman_kiyoung,59.0,2194.0
park_riha,83.0,9512.0
mommy_banchan,265.0,52.0
yogocham_official,40.0,4161.0
ddchicken_official,516.0,1842.0
horigarden,4460.0,385.0
bhc_chicken_official,402.0,37000.0
j_______hye_,949.0,692.0
galileevan,954.0,337.0
capjjang_humor,183.0,1290.0
mkc0545591112,344.0,1391.0
5m_0gam_,4327.0,5734.0
meok_sajin,9.0,119.0
11jjs,4863.0,4949.0
aeiherumuh_ye,248.0,308.0
snwhmz,279.0,3855.0
60gye_dongyang,362.0,167.0
cookie_ming_,22.0,5.0
norangtongdak486,648.0,14000.0
cheolin7_cw,71.0,68.0
mrpizzalove,1562.0,29000.0
shingun85,2743.0,723.0
vodeullee4,943.0,2979.0
gwag_91,0.0,0.0
brunchbean_,304.0,3692.0
39_diet_,75.0,61.0
nene_gogang2511,2872.0,793.0
sys6457,1254.0,2159.0
noyucan68,3.0,51.0
jungeoli29,4.0,0.0
mj.cant.stop.eating,14.0,17.0
soleilnsun,5.0,1.0
tomeatsseoul,471.0,2515.0
kim_suho_55,7.0,1053.0
_syndrome___,0.0,0.0
ansoyeon336,4.0,1.0
sy486512__,1701.0,1407.0
hoolala_official,764.0,103000.0
fearlessclaymore,223.0,330.0
reissu_official,126.0,155.0
fightforvanzant,761.0,2856.0
happyinforforu,4.0,15.0
kiminae8106,68.0,67.0
woo_5208,64.0,34.0
abyss_taptap,35.0,714.0
munkyoung7384,617.0,5509.0
matthiashaase1973,147.0,112.0
arnlaugwranran,0.0,0.0
millef_aracely_asia436,15.0,3.0
iamnaturalchicken,71.0,104.0
mida__daily,473.0,1983.0
food_onesnap,46.0,1.0
trabbk,165.0,962.0
kanghi0812,33.0,1.0
rofellros,1624.0,1516.0
kimheejinz2018,33.0,7.0
jy6550,33.0,7.0
kbjeong7,33.0,7.0
nuseol,33.0,23.0
nenechicken.shizuoka,231.0,528.0
khj2046819,114.0,18.0
busan_mukking,254.0,63.0
kiyoung2_ganeung,1.0,55.0
youll_lee,1030.0,373.0
ryan_mbox,95.0,103.0
namjuyeon885,85.0,75.0
dong_seok78,1372.0,10000.0
milebaci422,463.0,166.0
chipoleon_korea_univ,98.0,179.0
Î∞è,0.0,0.0
big_dumpling82,387.0,778.0
zz_muk2,442.0,7366.0
galimforest,241.0,76.0
heeju3067,168.0,45.0
lovely_arh,349.0,250.0
akgi_bari,41.0,697.0
k20037,33.0,7.0
hyejin.heo,33.0,0.0
jssh0527,33.0,2.0
khlim71,33.0,19.0
yunjiyeon866,33.0,4.0
khszza2019,33.0,2.0
leejs523,33.0,3.0
judo1126,33.0,3.0
i_willdiveintoyou,99.0,604.0
24x79_,78.0,28.0
danmilovepocha_amemura,25.0,5746.0
eunji9526,10.0,99.0
moonroof2,1784.0,1526.0
junio24_green,4.0,9.0
naanalnary,3259.0,343.0
gudoro_gwangju,18.0,142.0
hkchan_s,275.0,201.0
nenechicken_official,831.0,11000.0
gpwjd4793,59.0,803.0
danmired_shinsaibashi,277.0,1751.0
js2dak,443.0,4113.0
7r__rin,459.0,1486.0
dmatlrtkwls03,30.0,21.0
osushiyacafe_sushiyoshi,700.0,2943.0
p.affection_bean,69.0,137.0
leekyung94,95.0,1038.0
haaaam_yumm,63.0,979.0
jungang.dakgangjeong,91.0,805.0
ralra_ralran,356.0,5048.0
klein_camp_,116.0,1142.0
heeda_iphone_snap,50.0,77.0
kwwa_official,394.0,1955.0
bbong1371,296.0,287.0
cheung_na_koreanrestaurant,164.0,380.0
_m2_ymym,14.0,4.0
23x81_,0.0,0.0
won_gangjung,15.0,94.0
youbee223300,3063.0,5461.0
matzip_go,33.0,428.0
eating_dm,13.0,217.0
93o315,3163.0,2379.0
vinu_muklife,11.0,607.0
eunsil7913,171.0,202.0
sooyjooh,225.0,940.0
yakodak_gangdong,30.0,63.0
_bbasha__,524.0,250.0
_ram_rammy,1098.0,365.0
sushi__gram,194.0,124.0
dure_pack,238.0,126.0
y___y__h___,801.0,108.0
lee.y.r80,287.0,219.0
insaeng_domae,22.0,57.0
bullstopokki,603.0,3627.0
jimseungsu,924.0,1206.0
insaeng_domae1,25.0,69.0
u_rin1115,707.0,617.0
insaeng_domae0,37.0,25.0
min_kyung0325,1503.0,5287.0
c._.min_n,42.0,44.0
bizhows,374.0,9367.0
insaeng_domae2,20.0,70.0
insaeng_domae3,25.0,41.0
cccv.official,128.0,2358.0
gdwinproz,1160.0,1229.0
bab_tongmon,183.0,69.0
misakiakazawa,210.0,130.0
macaroni486,1044.0,2209.0
cafe_seonbiflower,566.0,1414.0
niconico.rin_chan,32.0,21.0
dr.jibbob,107.0,62.0
xxmami916,1811.0,1608.0
sujin.tnwls,53.0,839.0
bullader_official,94.0,90.0
miniiliving,993.0,19000.0
soonsoo_it.s_cheoingu,87.0,652.0
lucky2u_kr,161.0,236.0
dackjang_beer,43.0,176.0
muckzam.zam,1111.0,50000.0
gamachi_official,183.0,13000.0
entry_jeong,2187.0,2869.0
iris_reca,178.0,659.0
weekjong,1461.0,12000.0
daily_mealee89,463.0,258.0
boseong_green.tea,12.0,0.0
maron.ela,0.0,0.0
loveoldthing,16.0,6.0
roki_ma23_222222,3.0,30.0
hakko_mom,1246.0,34000.0
ddochi9326,78.0,29.0
unike807,126.0,149.0
deliciousday365,107.0,67.0
dajin919_,12000.0,5987.0
kim89q,561.0,849.0
sos_0822,6175.0,4784.0
suchanglee2019,7669.0,8863.0
m1_sso,178.0,161.0
mobin.inc20,117.0,75.0
yess3133,631.0,1289.0
moo_n102909,4.0,64.0
___mm217___,8.0,3.0
sevengrams__,68.0,3443.0
hungry_jjanggu,4.0,3.0
_mijin__s2,211.0,584.0
kkkkkkkd_y,8.0,355.0
lee_ruda1,608.0,1401.0
jnhuikim0320__,842.0,788.0
food.makes.woman,77.0,1003.0
kxexxj___,2928.0,4163.0
alachi_3231715,17.0,139.0
kimtaehee4867,647.0,325.0
herolee0408,13.0,191.0
star_t_15,8.0,2.0
hyun_mi_0117,2295.0,438.0
new.spring77,4346.0,2161.0
nam_0574,4.0,2.0
j__daily_w,50.0,59.0
romantico_food,28.0,855.0
rephoter,182.0,2644.0
water_plzzz,20.0,51.0
mat_eat_dang,27.0,64.0
kimgabsu.mobin48,104.0,59.0
iam.jmmmmm,60.0,0.0
aram_030,232.0,275.0
soo_feely_04_,595.0,1063.0
geniek._.luv,128.0,20.0
nurida.yul,1106.0,1303.0
mowglimj,565.0,270.0
joyfooood,143.0,22.0
lovely_un2,118.0,6938.0
kys_1217,725.0,303.0
qkrxthwjd,1449.0,854.0
papaf_arm,2.0,25.0
k_youngeui,43.0,23.0
effervescent_daffodil,3.0,0.0
sasunnygs2,362.0,1175.0
baebully_sh,151.0,962.0
doidoi_eat,49.0,29.0
bissilent_heon,25.0,96.0
baeboorgae,8.0,389.0
qakjaehyeon,13000.0,5252.0
namamugi321,328.0,22.0
79you,2910.0,2821.0
imkjh578,89.0,2777.0
evetest1,544.0,75.0
oneul_do_eat,557.0,2420.0
nz_originy,2683.0,875.0
kimbi_160430,145.0,302.0
parkyoon_ha,172.0,956.0
weonjongmin7,524.0,1750.0
i__luv_juha,1516.0,1009.0
jj_asty,1.0,5.0
juyum._.e,6.0,289.0
yeonggeun7430,234.0,293.0
oik_k,2410.0,1679.0
danmiterrace_shinsaibashi,302.0,3427.0
1.double2.9,334.0,214.0
masonlloll,105.0,19.0
ahyunny,2812.0,662.0
gongbok_menu,247.0,2563.0
luxury496593,669.0,931.0
food_of_loopy,109.0,7338.0
hskim2311,35.0,23.0
sunhyoung_817,986.0,457.0
speedforever05,3294.0,1490.0
hkhoboeats,219.0,408.0
purple_c_h_a,140.0,40.0
skyborip,791.0,763.0
_alcoholstagram_,8.0,2.0
93idaily,346.0,1157.0
shino00135,286.0,286.0
annie.cho0223,1171.0,1094.0
foodsun79,36.0,203.0
kyeongchelin_food,199.0,886.0
simmansu0820,952.0,490.0
seok_yummy,274.0,196.0
i_m_banjjacki,1116.0,1072.0
anapudang,5055.0,1599.0
ssaranghae_u,2472.0,71000.0
yangjeongsuk1,1145.0,2293.0
hyenniezz,847.0,164.0
kokuma72,5457.0,520.0
ujujuj_1,8.0,11.0
ipark101,1722.0,435.0
luv_pppppz,205.0,6797.0
julieday__,147.0,46.0
mukmukzoa,17.0,1036.0
yumyum_goooooood,10.0,14.0
yxmmyxx,177.0,393.0
moriarty.j.t,118.0,137.0
tae_hyun__chaos,2828.0,5030.0
felix.kimsungmai,32.0,122.0
ksapys12,115.0,1059.0
eat.y.vely,34.0,3414.0
wonvely_foodie,1675.0,2201.0
francken.co.kr,72.0,1716.0
favoritefolder,1158.0,825.0
rabbit10002,24000.0,2380.0
go_sh95,178.0,180.0
ssoyamm__,560.0,3208.0
run3202,508.0,174.0
ggemme86,759.0,85.0
nari8207,974.0,649.0
cayeongmi9,492.0,6060.0
sung_jineee,821.0,896.0
mukxxo,434.0,6102.0
gae_mukk,264.0,212.0
te8900te,10000.0,3376.0
park_chani,1100.0,3776.0
lovely_jinny0826,320.0,150.0
luv.myeun,363.0,1335.0
_zzong_h,2340.0,507.0
ddoong_jinew,323.0,423.0
bbo_ddo7160,171.0,193.0
shrimp_s2,43.0,2189.0
a_yoon.mm,300.0,49.0
buyoung_,12000.0,13000.0
jlnsook7,64.0,29.0
a_local_flood,50.0,40.0
sssuunnnnnn,473.0,654.0
sinsadong.pocha.hk,97.0,1345.0
hoonchef2017,338.0,1033.0
amajungkr,510.0,910.0
hyejinni24,3094.0,1502.0
zorini.yorini,52.0,374.0
angocat_0070,157.0,2170.0
kenkun_shu,345.0,239.0
ssseul_l,609.0,667.0
9697s_2,621.0,131.0
jeanieseong,128.0,144.0
darling__o,58.0,310.0
abura_soba,621.0,599.0
95_fds,27.0,2.0
sojuanju_zzang,49.0,457.0
bongseopkwak,2522.0,2035.0
soolmaat__3.3,6.0,68.0
bwolf_buybuy,411.0,842.0
buunyan666,113.0,250.0
burger.bboy,55.0,4614.0
soyoen1989,18.0,191.0
nhlee0112,38.0,39.0
o.n.l.y_f.o.o.d,341.0,1842.0
jjunnnnnn_e,146.0,162.0
anhoalero,3276.0,5279.0
g_dasarang,209.0,291.0
jeju_seunggyun_oh,831.0,1720.0
goodmemoriessd,6852.0,2217.0
suneee_life,31.0,547.0
kzzang1014,1469.0,621.0
dkdldhels,2387.0,17000.0
god_jung_woo86,169.0,203.0
pyj8174,598.0,144.0
nh313,275.0,520.0
ahfflqmepsja,2701.0,39000.0
serorong2,784.0,128.0
ss__minn2,550.0,591.0
limhj9781,2531.0,4379.0
mamip0nda,2250.0,345.0
kt_dulgi,567.0,679.0
inysforev,134.0,264.0
jewtia1977,932.0,862.0
hit_mall,1888.0,6598.0
travel_with_choonsik,28.0,171.0
imhear01,55.0,364.0
ssso.yammy,625.0,5081.0
178.91cm,59.0,946.0
yabawee74gmail.com9,150.0,47.0
hyoungwoostagram,737.0,386.0
yun211303,2179.0,1304.0
gmmom1004,874.0,429.0
bins.food.diary,29.0,524.0
dudtls_9_6,64.0,10.0
sukjoochang,26.0,43.0
rim_muk.log,917.0,10000.0
omuk_food,15000.0,991000.0
ggandoli2073,97.0,43.0
023sunny,2581.0,782.0
harehareashita,5673.0,579.0
ddang_e83,277.0,2340.0
kh__0227,326.0,344.0
dkdrrh20,55.0,144.0
cbmyyy,1110.0,394.0
ed_marten,198.0,529.0
sunggu6610,314.0,338.0
0trivia0,780.0,3303.0
nan._.hannah,7.0,8.0
eunkyu_lee_87,843.0,3359.0
__kimvely,765.0,920.0
mj___1226,1189.0,9877.0
jini_stagram,467.0,1591.0
900r00m,1049.0,738.0
byeongeunlee,190.0,408.0
oreoooreoo,20000.0,2266.0
kseojin0704,955.0,199.0
88_sonyeo,137.0,812.0
nubutable_,21.0,2.0
mer_nocturno,105.0,6.0
jinsung_mom,502.0,3605.0
pegopa_pegopa,899.0,119.0
japkoreng,91.0,324.0
hanju0805,384.0,567.0
nasuna_jpn,9.0,4.0
h.i.__yam,10.0,2.0
_however_me,22.0,46.0
sumin.shining,308.0,785.0
aram7681,2325.0,284.0
yeogbaldalgbal,27.0,162.0
bbq_smart_,401.0,70.0
odrihetban,2379.0,8028.0
joong_hana,3856.0,15000.0
dodoandjojo_seouldeli,266.0,2794.0
mu0x_n,13.0,210.0
foodorphin_,261.0,24000.0
w.w__x2,811.0,2911.0
yummy_discovery,88.0,946.0
pdingtons,903.0,89.0
k_mama_jina,3152.0,3847.0
maasi._.cha,142.0,10000.0
mizi__beauty,37.0,589.0
kkzoo4268,370.0,594.0
kimmiyoung5128,653.0,84.0
eunkim__,2529.0,105000.0
_yong_yongstagram,1537.0,558.0
sut.oo,134.0,163.0
kansakaba_bonsu,12.0,115.0
tea_huni,24.0,2.0
jeongyujin0904,242.0,200.0
__youngmi___,1516.0,1427.0
hidongchicken_gusan,12.0,55.0
rysaak,6.0,10.0
ik_8508,431.0,1091.0
doeat__official,41.0,75.0
gibum_shin,400.0,222.0
catcaptain2342,687.0,1246.0
yang.chuljin,412.0,434.0
chaechae__z,341.0,999.0
sin_ho9,1733.0,1688.0
ardeur._.13,1995.0,14000.0
park.yooah_,73.0,315.0
rhdqngkqtlekwpqkf,147.0,22.0
kiyungabrielsung,429.0,812.0
wldks__125,144.0,20.0
97_food_,25.0,110.0
leehayoung81,430.0,1856.0
golf_bubu_,120.0,2915.0
hosigi9282,16.0,11.0
ck_the_homebanghi9797,9.0,6.0
pollll12q,33.0,4.0
_handpotter,201.0,501.0
h._.ite_k,265.0,1042.0
77sbong,118.0,64.0
sekkami81,185.0,107.0
sillyyy_food,768.0,885.0
jiniinjini,317.0,2819.0
kysk_kim,1925.0,740.0
cha_ni_kku_0120,5667.0,2601.0
10moobaby_yamooyamoo,53.0,10.0
muk_hayun,304.0,3535.0
muk_yunseo,258.0,2203.0
muk_seohyeon,288.0,4026.0
muk_jiu,274.0,4224.0
s__candoit,3770.0,1556.0
muk_minseo,260.0,4328.0
muk_chaea,319.0,4637.0
muk_seoyeon,408.0,4318.0
muk_onyu,509.0,4559.0
muk_seoyun,390.0,4110.0
muk_eunju,341.0,4305.0
hyein.kim.0619,892.0,685.0
pys971228,20.0,308.0
lhl_5552,1012.0,947.0
emart_gwangsan,1176.0,1359.0
parkjihye777,11000.0,1664.0
bomnalchicken,22.0,194.0
_masitdang,780.0,16000.0
yun___g,537.0,560.0
park_kyungsun,4653.0,383.0
lee__chingiz,113.0,578.0
michellee3,36000.0,2722.0
rainbowbeer_kimpo,12.0,48.0
doldam_chicken,1813.0,2809.0
mugi_1357911,49.0,18.0
ig7374733,26.0,15.0
sammmm3_4,43.0,570.0
jeon_younger,286.0,327.0
delper_lee,66.0,67.0
bella_seon89,581.0,660.0
sb_giant,347.0,55.0
hun_9214,133.0,406.0
mumukzi,592.0,10000.0
camping_family7,188.0,242.0
mystic_choi_,429.0,5398.0
maengjyy,7418.0,1855.0
2haneul_,228.0,10000.0
dear_nk_xx,59.0,941.0
an_so_in,142.0,60.0
superseyah,2119.0,422.0
chickenboss_,1499.0,1308.0
pig_mom_cook,186.0,1281.0
muck_daily_review,126.0,2127.0
hamseungyeon,122.0,124.0
barun_jeongeupss,249.0,384.0
barun_suncheongy,437.0,418.0
jjat123,88.0,322.0
joyy_table,137.0,612.0
fevernova16,408.0,688.0
jerry921098,479.0,1200.0
ahleum1220,337.0,67.0
min___health,40.0,283.0
ktkht6476,651.0,780.0
drinker100,1553.0,2616.0
yeocho_yum,21.0,16.0
eat_gh,913.0,191.0
0_0virus,407.0,4350.0
mybhcchicken,38.0,1135.0
shin_hyunbi3,21.0,8.0
korearudals123,1098.0,476.0
jh_son920703,749.0,2566.0
yt_54321,944.0,6920.0
guy.jeon,88.0,147.0
bongsik2ya,127.0,4044.0
jeong_love30,6.0,54.0
00yl.co,47.0,735.0
moon.son9111,1834.0,1410.0
ssy.12071207,41.0,1039.0
maddogspizzapasta_official,844.0,1769.0
h_s_t_food,175.0,1713.0
solar_story_00,3778.0,3134.0
slow_mingrr,4.0,57.0
24x89_,78.0,81.0
___zun__ki,616.0,369.0
eat_ing.diary,284.0,3378.0
hazeldiary527,1249.0,1369.0
y.bo_s,1257.0,1872.0
pearl_river_july,19.0,261.0
haeddeulmom,1525.0,760.0
choi_c_y,895.0,612.0
j_____0624,196.0,13000.0
star_stream_00,408.0,1082.0
lee_hk79,949.0,1158.0
today_homecook,4.0,277.0
20x63_,138.0,67.0
shsm0708,99.0,377.0
bosuni_homecook,264.0,3696.0
lion_jungjung,5396.0,751.0
mellbrown_lounge,1152.0,10000.0
16x48_,198.0,70.0
ga_onna,106.0,47.0
evelyn___lhn,461.0,718.0
dkckckckckckck,195.0,34.0
yj_11_24,106.0,142.0
gyurin____closet,201.0,23.0
foodan_a,15.0,3.0
ohboram316,147.0,336.0
dameokja_go,808.0,1135.0
kavacle_,310.0,534.0
hangjin620,1679.0,20000.0
buriburi_sokcho,42.0,199.0
mukkkkkkkkkkkja,19.0,373.0
1lee4hong,250.0,55.0
jo_seungwan,1794.0,132.0
weeklywooks,1711.0,5714.0
muk.day_,43.0,3769.0
calgaryjsc,1064.0,1819.0
king_bat_ne12,37.0,46.0
kmbrrrlee,3312.0,3970.0
ritespicekitchen,42.0,167.0
re.tion,784.0,401.0
ye_kyoung_0715,277.0,1427.0
l__m.h0723,1762.0,3534.0
mylay1971994,10000.0,5955.0
pepsi3216,622.0,379.0
chloe.park.39501,5117.0,581.0
moosanghoon,11000.0,18000.0
myungmyung07,198.0,131.0
nuzes_99,6775.0,6429.0
youngjin_88,802.0,1683.0
weon1920,329.0,509.0
wow.__.wow1004,76.0,176.0
saang0108,11000.0,6553.0
mukdd_o,29.0,1910.0
ogado_bbq,24.0,346.0
littlecurlyhair_,349.0,675.0
cyangirl1976,2832.0,848.0
john._.mattang,250.0,78.0
dlghen1,10.0,3.0
_irene_eats,135.0,98.0
tongtonghagun,2606.0,1238.0
koi.corner,493.0,1561.0
theseoulstationcanada,6.0,12.0
leecuinem,21.0,180.0
feedmethatnow,1948.0,2083.0
leed1_3,43.0,2.0
n52b30,2631.0,1915.0
rainb_ow1234567,43.0,9.0
joonko._.gram,27.0,139.0
jeemyung.raw,469.0,1480.0
mkchan7777777,632.0,825.0
hyeran7512__,9325.0,2328.0
j_o_vial06,11.0,13.0
ks_jang81,1279.0,351.0
chanifulworld,332.0,161.0
c_seyoung,2179.0,1454.0
ung323,13.0,245.0
foodsexer.zip,250.0,683.0
_____2878____,1720.0,532.0
milk._.hopie,14.0,351.0
1990.kjj,644.0,806.0
_baw_daily,453.0,177.0
e0e_400,288.0,853.0
yum.___.gram,81.0,880.0
saranghea5910,490.0,446.0
shine_soo0807,14.0,35.0
vjieunvv,272.0,339.0
velymantic,951.0,2802.0
lucky._.y1212,37.0,215.0
dontworrybechef,92.0,65.0
euni.euni22,802.0,196.0
reo____1025,43.0,378.0
gohaejin7,1791.0,1023.0
stylejeeyoon,2144.0,1071.0
goldrang_green,384.0,76.0
woohye0nii,2538.0,2085.0
proplay79,367.0,136.0
8282korean,15000.0,1239.0
jju._.ri,4046.0,30000.0
zi90oo,3269.0,15000.0
dotteria,6288.0,3032.0
navy._.bom,289.0,229.0
alachi_kyungsan,3.0,34.0
and_nbeauty,3927.0,969.0
miseong93,258.0,312.0
awsoondae_yangsan_jeungsan,4085.0,2179.0
tjdlf92,8.0,74.0
ssongjiyam,3686.0,269000.0
roo_kie_j,25.0,6.0
burgereunburger_suyu,14.0,20.0
saltc1234,71.0,3.0
donggeun2chicken,1298.0,1154.0
jejufree,1956.0,1804.0
sang_hun88,557.0,465.0
ye_rrrrrrrrrram_diet_,1895.0,222.0
coojiyeonkim,13000.0,6005.0
iio.oill,8.0,158.0
man_ul1,255.0,3942.0
yu__seung_joo,1007.0,423.0
tigeraltaica,740.0,750.0
daldal.h_85,1035.0,452.0
thinkme.happybank,11.0,3.0
jeong__y_02,12.0,10.0
yjkang0514,3328.0,1218.0
__hyelyn__,3858.0,4568.0
eunii___,990.0,776.0
keunjiny,62.0,284.0
shinlove2022,62.0,26.0
katsudadam,48.0,155.0
vorite_k,33.0,50.0
dw_eric_lee,231.0,371.0
love_love_1312,1205.0,528.0
hyoja_hani,1239.0,2932.0
kjk_727,686.0,633.0
soulflowerss55,1016.0,2699.0
irene_sunhyechoi,412.0,349.0
sshwan11,703.0,2138.0
m.j_1117,830.0,844.0
minmire9,604.0,1182.0
soreum9,21000.0,2579.0
getonbus,377.0,44.0
platshop_captain,1736.0,2673.0
tlauwls,58.0,736.0
mmmmnmmnmnb,218.0,608.0
jihyeonsojufairy,349.0,995.0
leisure_king,1328.0,2196.0
deok_87,112.0,263.0
twinkle_yuni,1836.0,1688.0
byungjo.kwon,6570.0,1906.0
_chiqueen_cb,182.0,124.0
gimkarin4,324.0,74.0
life_.hong._,26.0,390.0
ayo._.table,290.0,3890.0
gentleman_papa,7722.0,1683.0
ddok_sunii,707.0,1838.0
seokho_jjang,1052.0,1001.0
foodiebusan,512.0,2384.0
muckabonda,9.0,0.0
kook.kku,84.0,603.0
nomenai_gourmet,17.0,39.0
hyunky_k,96.0,73.0
eung_chicken,1022.0,3587.0
bourbon.kim,40.0,156.0
soo1025_,1422.0,507.0
d_bora.34,900.0,882.0
jjeju_luv,2954.0,94000.0
alchemist.wonjae,25.0,15.0
btshim,253.0,479.0
kim_jang_kyun,636.0,902.0
ela_foodie,640.0,3181.0
yummy_yangming,77.0,305.0
__meraki_p,161.0,207.0
table_rin,42.0,117.0
metreemanoffical,120.0,91.0
kim_minchul_84,630.0,1208.0
ccc___mom,764.0,893.0
ena_druwa,738.0,1532.0
babzoaaa,870.0,65.0
kikipoint_22,4961.0,8017.0
eonestar0709,101.0,143.0
gwanghyeog.coe,92.0,300.0
gang2yaho,28.0,362.0
mukmuk.zi,14.0,343.0
hs2901k_gram,535.0,4224.0
glasya_labolas.0p,7.0,9.0
happycook0815,745.0,531.0
ssol_ping,14.0,133.0
joohee.park.81,2030.0,7168.0
poohaha_09,5870.0,3159.0
hyejiwow,5829.0,1302.0
bambi_b2412,2218.0,961.0
dduckdack,32.0,34.0
guhyun0901_,204.0,2920.0
abcd0724,552.0,190.0
5neul.bab,2625.0,67000.0
ddonghagk,132.0,240.0
ijeonghyeon784,226.0,148.0
food._.go_,22.0,481.0
bbudacssi,19.0,108.0
sdsj5639,330.0,71.0
uugi_0125,58.0,206.0
ksnn_couple,5.0,3.0
allgang0830,187.0,219.0
joomi_kong,433.0,88.0
tulpy,2075.0,1511.0
ssobubbly,768.0,5058.0
raongena14,842.0,898.0
dda.hoon,67.0,35.0
jir20088,2.0,14.0
hosigi_nammun,12.0,67.0
a.mei1231,42.0,489.0
propose2u,2365.0,272.0
best_to_eat_s2,1264.0,5443.0
soyeoning_s3,22.0,15.0
yeongjun8411,68.0,515.0
91_0614,100.0,454.0
enbs46,366.0,107.0
chigusa1126,162.0,339.0
broncmusic,157.0,473.0
he.rani10,2585.0,1405.0
jjengja_1980,1562.0,253.0
da_mukza_young,56.0,1170.0
house__zin,80.0,200.0
it_soo5,0.0,0.0
nocooo371,10.0,64.0
_zez_e__,87.0,1317.0
i._.am_min,47.0,77.0
bobby150701,68.0,21.0
limjs1989,2243.0,2069.0
tong_dark00,147.0,13.0
behappy_eat,107.0,2972.0
jysoodain,775.0,11000.0
soondae_gb,992.0,236.0
hwan117575,1509.0,5269.0
amhaengeosa_,145.0,52.0
sn8535,400.0,607.0
wooo._.1122,26.0,13.0
ohmydaeng_official,28.0,70.0
anna__3848,283.0,155.0
10.08__graphics,5.0,10.0
jisooeats,16.0,135.0
byulbam3779,514.0,394.0
youdabubu,65.0,1411.0
reve_mordern,51.0,233.0
dldudwn475,675.0,207.0
eunjeong.111,208.0,395.0
baboeun48,77.0,58.0
me_cooking_,1295.0,332.0
s2jively,1965.0,9850.0
jeongdjfl._.04,81.0,94.0
pocha_sungji,13.0,24.0
zziny_06_19,51.0,381.0
wikitree,14000.0,240000.0
lyra_hj,492.0,336.0
hyunji.i.i,115.0,417.0
chively_00,311.0,10.0
old_fashioned129,20.0,43.0
chocoli_hee,1728.0,1050.0
elliesinwonderland,7577.0,1177.0
angelbarbie99,1551.0,391.0
chicken220908,13.0,8.0
jun________a,1937.0,6049.0
r_reviewer,177.0,570.0
sangmyoung0331,1474.0,380.0
kyumin.ohan,1153.0,5103.0
everyday_smarteat,2284.0,1677.0
smile._.0114,1935.0,2525.0
sweet_lovely_me_0_0,29.0,1125.0
guljak_suwon,109.0,53.0
sanjeongmacga,61.0,2468.0
sinsadong.bathhouse.hk,561.0,2791.0
luce__ella,154.0,747.0
food.andeverythingnice,164.0,887.0
frogsoupp,1859.0,3397.0
beyondkimchee,1423.0,18000.0
herena1024,3.0,1.0
koreaholic255,167.0,20000.0
oyeonghyi3040,1627.0,1655.0
all_about_yamyam,390.0,48.0
daily.all_,5520.0,113000.0
mj__jbb,620.0,1239.0
hyun_zu_486,50.0,214.0
atelierarco2022,136.0,277.0
heeseon_89,364.0,86.0
tosemf1224,2798.0,519.0
naeil_buteo,14.0,1333.0
gagabossjinho,18.0,1.0
jinhyuk_song,64.0,356.0
hangsangsyalrom,707.0,322.0
dream_one2,32.0,1018.0
selfmade_orange___,1042.0,1307.0
zzen_cook,216.0,1961.0
beautiful_yuri,3949.0,270000.0
shacop_jj,1726.0,470.0
jjc_pink,769.0,584.0
popsongmelon,10.0,56.0
yoon_101_101,1812.0,1611.0
byonghak2222,888.0,1093.0
bts13_84,1309.0,456.0
db_gym,277.0,313.0
yumyummy_xx_,81.0,858.0
han_gae724,1180.0,391.0
bro_burger_,1137.0,3767.0
papachicken_honten,13.0,94.0
yanae_03.09,74.0,93.0
sosohan_0204,153.0,2838.0
zzizzidakbal,222.0,261.0
ciiy2981,11.0,7.0
nuguna_banhandak,72.0,6956.0
jason.j.oh,1950.0,9627.0
1am.rane,2533.0,10000.0
sh_ung0810,26.0,5.0
comma_pc_xp,45.0,101.0
richfox0210,722.0,136.0
gogum,1955.0,1144.0
giwa_tenjinbashi,111.0,1779.0
maria_0226,143.0,29.0
je._guri,26.0,474.0
yott__ttagarm,182.0,109.0
mill.a829,39.0,7.0
okcplus,25.0,82.0
food._.emong,351.0,1773.0
muk._.totoro,311.0,1780.0
hyeokmattang,282.0,1871.0
ssi_yeon_taste,249.0,1847.0
xxangmattang,337.0,1921.0
eun_ju_taste,256.0,1842.0
mi_jji_taste,312.0,2155.0
jji_inmattang,232.0,1769.0
wildguy87,274.0,299.0
mini_matzip_,275.0,1770.0
yun_ha_taste,258.0,1787.0
ar_i_taste,248.0,2145.0
raonni._.matzip,271.0,2048.0
ro_a_taste,237.0,1790.0
mat_choochoo_zip,289.0,1757.0
ar_matzip,251.0,1458.0
i_seo_taste,276.0,3552.0
yeee_on_taste,280.0,4230.0
ss_eungyu_taste,279.0,3757.0
moleymoley333,1454.0,592.0
jiujiu._.matzip,246.0,1524.0
yeee_na_taste,259.0,3509.0
venividivici2107,62.0,140.0
ganleyachenal,49.0,4.0
tasty_we_house,2123.0,8785.0
bbongou,4227.0,36000.0
hyunkyoung09,2582.0,1012.0
huntae_kim,1035.0,332.0
seongryongmomo,5111.0,3709.0
seonnyang,78.0,139.0
uranbhewb._.92348,2.0,3.0
in.love.young,267.0,218.0
l_ji_hye,851.0,1194.0
_kang_so_yeon,674.0,1457.0
sseul_ja_,855.0,2887.0
amaranth036893,8.0,7.0
lotteria_paju_boss,109.0,124.0
d.record.16,14000.0,1293.0
hoeatcha_,89.0,5073.0
jung_mi5959,17.0,1012.0
halalala01,394.0,2024.0
icheonmattori,69.0,8.0
hyeongeun.b,43.0,126.0
eatbbini,161.0,72.0
arn.gdo,1195.0,394.0
bab_baxa,233.0,5344.0
foodman892,159.0,5.0
janiskim46,40.0,59.0
bebiewoo_2019,222.0,863.0
hwani03010,11.0,951.0
dieter.table,529.0,750.0
isac_mill,583.0,3684.0
kkubeurakko_mg,15.0,60.0
goodtoday1081,11.0,1004.0
hee_ya_ne,191.0,17000.0
brambly.kidult,76.0,352.0
brambly.shop,91.0,537.0
__rififi__,1261.0,185.0
muk.__.rim,419.0,3481.0
dema2003____,2064.0,3430.0
yamm__hh,511.0,2068.0
tkdzma1103,1540.0,9930.0
keppw89by,138.0,161.0
hejin_aaa,721.0,655.0
jinseoksta,73.0,1338.0
fancy_food_space,247.0,806.0
ox_narongrit,147.0,189.0
sokcho_emart,1533.0,3654.0
barun_gimje,161.0,529.0
mo11mi_15mj,14.0,44.0
sijunkimkorea,656.0,689.0
je____bb,525.0,1130.0
hun891218,4.0,28.0
hosub22chicken,351.0,179.0
jjongcook_food,654.0,158.0
hungry_jittari,167.0,1918.0
eho_wldi_,72.0,5.0
muk.muk__,731.0,59.0
zz00487,2.0,1.0
mr.ramen_wj,84.0,1202.0
feverup_x4,9.0,11.0
moon_sangsuk,521.0,925.0
crocod_kim,22.0,8.0
cilanchoi,621.0,301.0
reading_camper,561.0,9286.0
vvip0119,790.0,542.0
pigiin_c,4636.0,1026.0
daylightnightlight,181.0,689.0
sanghee0726,897.0,865.0
theybne2,42.0,39.0
insung_like,4091.0,2494.0
shakeshackkr,1662.0,233000.0
happyho_10.3,206.0,98.0
zltm4867,82.0,68.0
skillmake8,459.0,502.0
2natg,2.0,5.0
jooov71,54.0,15.0
hi_isverywell,73.0,172.0
heuheu_booboo,20.0,30.0
jinsyubal,328.0,180.0
kino4zi,508.0,99.0
mukbbang22,1134.0,6071.0
lhanhn1,115.0,24.0
opus.l_moohyun,1183.0,1271.0
jun030297,9448.0,6425.0
chigasato,2228.0,404.0
popochon_house,55.0,585.0
pigkcal,117.0,5.0
teax_khong_,17000.0,5962.0
olympus_hestia,3458.0,1419.0
muksabba,74.0,2714.0
_mukjini,37.0,774.0
young_cook1202,15.0,153.0
moonlight_chicken,608.0,1490.0
jongjong_diary,4.0,0.0
mukdosa_eu,18.0,63.0
boal_lov,743.0,816.0
aeganjang_,7.0,56.0
iama.bigpig,101.0,346.0
ayy_cook,14.0,466.0
eja.mobin41,119.0,19.0
nail_monstera,854.0,480.0
tjr000,5112.0,1589.0
kss332174,56.0,67.0
jin_11xx,3583.0,9509.0
0_shady_nar__cotics_08,2450.0,3795.0
dodo_lemon,965.0,351.0
iseo1129__,1776.0,1695.0
meat.fighter,302.0,1813.0
cheeeezy.tan,66.0,129.0
ilmare0326,334.0,44.0
ppinkdolphin,1214.0,232.0
becky_dyllis,650.0,36.0
cidykim0826,11000.0,7025.0
eunj3404,167.0,436.0
tgc_brand2,106.0,126.0
olf.6809__,1282.0,1209.0
sjppp21,8.0,307.0
_.joye,50.0,119.0
dney.home,97.0,141.0
happy_kip,40.0,1463.0
xxaa32xx,10.0,9.0
pudigom92,317.0,124.0
delivery_25h,1.0,3.0
osiorcha,1.0,5.0
cej1007,4383.0,3194.0
coesyup,198.0,154.0
dididididi__20000,7985.0,390.0
kirikirirgv,260.0,6857.0
mohalaohana,5353.0,1226.0
go.pa.nam_,785.0,1976.0
anxietyandkimbap,291.0,4209.0
ez.square,20.0,13.0
two_maritokki,40.0,57.0
yu_sun82,678.0,420.0
yunchanhong90,8.0,0.0
director_seo,97.0,268.0
alcoholover_minsu,250.0,371.0
mobin.inc17,115.0,66.0
ody6634,90.0,127.0
busaneat,43.0,329.0
kim_sueun,5744.0,8070.0
ingchicken_yeokgok,3.0,4.0
ichi__yori,39.0,489.0
niki4_foodview,68.0,253.0
meo_sunil_2go,54.0,261.0
dada_papa_1206,42.0,106.0
sj_0201,1314.0,1256.0
oneminute_review,1.0,5498.0
_zuu_ni_time_,138.0,74.0
by_back_,484.0,1296.0
jlee_gina,2748.0,434.0
alice_d.c_0310,20.0,56.0
pius.sultigma,12.0,17.0
nyamnyam0020,204.0,48.0
miso_smile_mart,1064.0,14000.0
yeeguob,87.0,258.0
htoguan__ppm29,2559.0,3997.0
u.bi_n,93.0,238.0
chomo_jeongeup,161.0,396.0
yongkyu28,160.0,136.0
schoene_dichter,1372.0,703.0
jeins_union,64.0,297.0
jesustobe,1868.0,307.0
muk_ssong,48.0,438.0
hgangmu,63.0,610.0
hanjisoo486,200.0,59.0
yjy1920,535.0,261.0
zzoco_mi_iii,12.0,130.0
ay_kim1229,1224.0,1494.0
ysh3903,406.0,411.0
rrrrr.0107,337.0,1367.0
ibo1078701,152.0,226.0
whoops129,4.0,7.0
belit_a1,1484.0,4527.0
wonchef87,346.0,142.0
eaten_gold,96.0,1268.0
hyeon5225,173.0,1901.0
donggeun_yuunha,537.0,252.0
tastyfood_kikoapple,2765.0,2138.0
kxxn_n,1241.0,676.0
hcchoi0114,367.0,202.0
miog4865,1708.0,543.0
jp.jpstudio,202.0,277.0
kimseonmee1,119.0,206.0
youyou_table,17.0,32.0
taiwan_wanle,522.0,2284.0
jswbwodnxbskqo19eje3,5296.0,6110.0
mong_nii,1000.0,1024.0
jel___ly0113,16.0,86.0
minji_5545,7904.0,8412.0
820_mg,42.0,640.0
potato_tomato__full,1340.0,132.0
kmkkmk78800,3.0,0.0
jung0413,1081.0,1207.0
swoomazing13814,1195.0,3001.0
keigoon_run,95.0,1464.0
s00_je0ng_e,65.0,4.0
eun_jjin_79,472.0,3004.0
cindys_pigstagram,17.0,20.0
kangeunyeong3316,5032.0,2448.0
sumni_y,1247.0,6496.0
roman_tracker,502.0,391.0
jyp_my_name,317.0,1790.0
eunyee_4life,570.0,518.0
sooba_iii,61.0,174.0
hjlee9726,383.0,1165.0
yu0909asdf,591.0,7.0
chae_9412,55.0,5.0
dddolmang,532.0,207.0
seungmida,201.0,203.0
im_seoul_,1617.0,4306.0
mukyummyyan,37.0,462.0
sunnz__1,130.0,99.0
zuzuww6337,8309.0,597.0
skarlet221,1661.0,5413.0
insta_sonido,1167.0,88.0
bebe_rin2,3008.0,4906.0
eat.loveluv,41.0,3659.0
passionson82,45.0,96.0
lee___jae,108.0,309.0
sweety_angrybird,723.0,809.0
tgim_goom,602.0,214.0
mukkssal,691.0,4548.0
stellar1177,212.0,93.0
sunffower25_____,556.0,641.0
172.7cmm,43.0,64.0
salimjangbibbal,33.0,14.0
hyun_kyung_ae,25.0,299.0
pupu_0823,24.0,46.0
ehtk3000,805.0,322.0
delicious_food_in_kor,24.0,55.0
aritaum_savezonenowon,580.0,2943.0
cooking_rkrn,24.0,49.0
m_hyang1004,114.0,656.0
beergle_sommelier,795.0,541.0
love.ly.yun,2161.0,750.0
dong.e_table,14.0,681.0
ratsmik7,50.0,204.0
calm__days_,3716.0,1026.0
inggongto,301.0,743.0
peach._.2,441.0,854.0
liwondowonluv,7215.0,3207.0
songilgeun,152.0,23.0
jini__0655,2150.0,2089.0
della_kyh,12.0,299.0
donchicken_tojigeumgo,43.0,86.0
diar.y_99,205.0,86.0
1992.1984.2016,78.0,14.0
taegyun6346,413.0,10000.0
matziptamtam,40.0,3504.0
cherryhanee,1208.0,13000.0
jin_mingming91,166.0,293.0
whigon_life,1370.0,997.0
jungmin.park8889,2692.0,450.0
byungsik._.v,2250.0,622.0
daily_good_tip,537.0,10000.0
yunkwan_na,623.0,847.0
lhk77180920,240.0,658.0
yes_alcohol_,92.0,2052.0
u_cherry_xx,2032.0,527.0
y.___cook___.e,1467.0,198.0
miipo.insta,723.0,416.0
ria._.v,2179.0,2487.0
beginbg,88.0,209.0
soodisdream,602.0,304.0
sonathsk,1978.0,237.0
muksunsaeng,621.0,105000.0
sallynimnoob,954.0,553.0
immnnottappigg,9.0,0.0
delicious_food337,36.0,822.0
mat_jjim,233.0,459.0
hari__vely,316.0,3649.0
ajujoa_gj,31.0,11.0
hungrysooo,5.0,1.0
super_korean,50000.0,6663.0
k.sejin79,1415.0,806.0
fff_dong,88.0,1284.0
nelpanjee,61.0,41.0
binzul1013,382.0,95.0
moana._.89,525.0,638.0
jua_951102,558.0,59.0
whj5998,58.0,405.0
fryer_jd,182.0,1448.0
hii_like_,178.0,271.0
_lightb,15000.0,1027.0
wz_fit,1275.0,954.0
hadodo7891,325.0,957.0
cookingssg,80.0,407.0
cjh_solbong,362.0,199.0
kkukku_sammanli,464.0,467.0
muck_log,81.0,1019.0
ma_chef97,254.0,1014.0
kouji.yokoy,676.0,981.0
kk_da_na,203.0,519.0
kys77077,84.0,238.0
meanzlisme,77.0,23.0
toki._.79,498.0,4396.0
luna.baeeee,677.0,351.0
yoribubu,473.0,174.0
lunch.song,34.0,33.0
misikgram,1125.0,413.0
crystal__73,75.0,28.0
dear__jiya,3284.0,3593.0
gomsoon_c,66.0,109.0
gi__chan06,33.0,13.0
choin_sol,2504.0,425.0
melb_instar,3017.0,15000.0
ggo.ggo.go,395.0,442.0
gimtaehyeong4629,1459.0,46.0
j.gyus,3081.0,3989.0
eutteum0138,1096.0,1250.0
m1_ae_,2127.0,293000.0
byeolmildang,12.0,13.0
sujin_4473,4768.0,21000.0
food_eu_gram,340.0,11000.0
e_wjdwo,389.0,361.0
jeong.jeongpil,243.0,337.0
twinkle__sujung,1573.0,1973.0
ssu_yeon_park,90.0,22.0
muckza202,187.0,995.0
ss0uu0gg,16.0,8.0
gyeongnam3831,1311.0,8067.0
toreore_official,798.0,24000.0
hengiun,68.0,12.0
sirius_jeong,345.0,138.0
save_now_,3622.0,141000.0
jini.love,2556.0,11000.0
j1line,106.0,48.0
hahi2775,1434.0,4127.0
yada.yadaa,994.0,2020.0
like_soju,35.0,426.0
icunhyi51,149.0,81.0
snowdrop0527,299.0,229.0
lha__cardoso,2481.0,5118.0
ssunny.80,1388.0,262.0
gwol_dong.chicken,4.0,19.0
binholic_0925,9218.0,22000.0
seokmi_j,36.0,15.0
nepheshx,36.0,6.0
cdong7917,30.0,12.0
unhyung123,36.0,29.0
mrho1602,36.0,10.0
cky1433,36.0,29.0
jinkyung840727,1756.0,657.0
tobey.chen0531,1690.0,4150.0
matsushima_9,55.0,576.0
k_luvit,222.0,1070.0
lee_seun_min_0121,7.0,34.0
carloronquillo,2665.0,4862.0
ggeun.lee,132.0,206.0
muk_naeun,252.0,3985.0
muk_raon,236.0,3960.0
muk__hannah,231.0,4062.0
muk_chae_yul,236.0,3937.0
muk_yoonchae,235.0,4202.0
younger8.3,481.0,266.0
jung_ban,5733.0,4646.0
muk_chooha,235.0,5803.0
muk_soeul,322.0,1989.0
umman040,198.0,3990.0
i_like_birds47,209.0,1459.0
santanis._.87,1845.0,3104.0
cursorthesolly,223.0,1595.0
uumman_0830,220.0,1651.0
worobejchikowkarl,189.0,1424.0
boss.cool.vanya,220.0,1577.0
piotrek.grobel3438,218.0,1715.0
zac.l1965,255.0,1591.0
rami_pale,219.0,1717.0
jikddddg2,452.0,352.0
nil_cypreste,269.0,1636.0
charming_diete_offical,134.0,1204.0
fenice_design,335.0,3424.0
rndudkwon,84.0,34.0
ulkattgq_118379,0.0,0.0
gurae_gnom,79.0,197.0
crownhof_official,139.0,4327.0
dkchicken_daeyeon,3.0,14.0
chomchom_gyeongju,21.0,82.0
richouen.narafamily,83.0,293.0
se___si,152.0,649.0
egon_chicken_2302,0.0,91.0
matgong_,796.0,1100.0
paulmama_banchan,334.0,14.0
namjuyeon700,89.0,83.0
kil_jun_young,542.0,157.0
dangchiddaeng.official,396.0,7032.0
oze_yumyum,338.0,70.0
mukburimgram,34.0,266.0
foodie_holahola,307.0,11000.0
d.h_studio__,57.0,187.0
round_ping,0.0,0.0
play.mac,45.0,62.0
77ktk,158.0,552.0
kokobbokki_gyeongju,124.0,1325.0
open_js0601,25.0,250.0
oicmagazine,10.0,3.0
dosiyoon_mom,369.0,2021.0
zidori_chicken,321.0,902.0
aabeatriz6708,2691.0,5265.0
96__young_,45.0,24.0
jihae106,45.0,16.0
youngjin.an.505,45.0,12.0
_yyyyy_kim,45.0,237.0
kimhoisalbob,654.0,183.0
kazen28,45.0,31.0
tower_1326,1163.0,103.0
inssa_humor,6326.0,71000.0
abcdefghijklmnopqrsstu6,144.0,33.0
cdrw0002,494.0,975.0
subangsa_official,10.0,2.0
janbeers0547320017,620.0,1103.0
park_gwanjung,14.0,249.0
olo76557823,350.0,26.0
ood_pome,101.0,771.0
yunsyummy,51.0,311.0
love180714,100.0,1156.0
rangvelly_seoa,594.0,14000.0
0namuya0,223.0,200.0
snowmantoon,51.0,342.0
boor_chicken,580.0,7190.0
yunul58,21.0,13.0
hyojung.han.142,86.0,36.0
forgato_official,238.0,5193.0
food_ono,25.0,2635.0
for_rest_magoknaru,21.0,200.0
lifegooditem,477.0,99000.0
eom_daily,5.0,0.0
min.sung.0404,864.0,8823.0
chickenmaru_official,494.0,5567.0
mjpil,721.0,535.0
sunjeung7471,87.0,306.0
matjarang_food,429.0,2487.0
kmj_chicken,47.0,28.0
inharu_official,35.0,41.0
bhc_bsr,470.0,8226.0
janghyunju798,156.0,71.0
imyourenergee_,302.0,1054.0
mat_gozip,320.0,18000.0
gee_manager,929.0,5330.0
lover_k_my,832.0,1258.0
josephlee04087,118.0,1905.0
gimyumi836,744.0,357.0
jjuyouluv,536.0,526.0
yatap7444,108.0,174.0
abcde123459396,10.0,8.0
hair_coco77,212.0,197.0
muk_kkon_dae,303.0,368.0
alzn.o0,14.0,8.0
foodely___,252.0,4171.0
hk_sn__,1074.0,1357.0
121_nahyun,156.0,205.0
pub_1897,101.0,535.0
1897_cooperative,2.0,19.0
enjoy_room33,4852.0,9959.0
jjindakk,51.0,161.0
kkomieonni,478.0,1340.0
gorosang_2,35.0,295.0
samsungmobilekorea,1133.0,2991.0
psj_21,1442.0,427.0
beau_s.yoo,778.0,2331.0
pigvely_10,11.0,8.0
icr_04_s.g,159.0,66.0
ssadari_chicken_n_bunsik,78.0,1483.0
angg.ppang,78.0,830.0
minzy_zzz,17000.0,6041.0
seum7814,599.0,1904.0
hyonga123,11000.0,3462.0
ilhwan_lee,2067.0,554.0
mh._.muk,33.0,94.0
yeonhui04,50.0,243.0
chicken_dra,25.0,350.0
jangbizida,576.0,154.0
seung.y09,447.0,6026.0
su_j__94,65.0,288.0
bono_0.food,0.0,0.0
barunchicken_official,132.0,6603.0
jeonjeongweon57,2656.0,1432.0
allnight_hh,2.0,341.0
hamyunfood_smartstore,7.0,183.0
miitotolala,13000.0,5403.0
100.5pang,257.0,68.0
eating_nia,145.0,492.0
gosisaeng_bap,188.0,1150.0
goodpeople_9,348.0,847.0
mss2mk,2092.0,57000.0
moms38_table,271.0,3102.0
_roy_mommy,343.0,299.0
aeb_murketer,1843.0,15000.0
seunhyun.j,263.0,783.0
da_kkkung,23.0,718.0
katedockweiler,197.0,130.0
ddunddu_niiiiii,110.0,283.0
goodsamsun,3855.0,5845.0
chic.ken_k,4.0,24.0
love_uns2,1143.0,5674.0
yeoni_0425,2645.0,81000.0
bbong_gu.chuu,2220.0,655.0
tesera.hansik,537.0,371.0
smilechicken_,314.0,1079.0
dani.sogood,80.0,1071.0
daniel711974,162.0,148.0
j_s_2_s_j,88.0,125.0
etc_zine,7402.0,65000.0
gimminjeong02,122.0,3892.0
ggari68,60.0,18.0
jangmonim_chicken,283.0,1417.0
jju_woong_jeju,30.0,157.0
mom_love_pig,1154.0,897.0
hywalla1210,40.0,80.0
vip_jins,85.0,445.0
the_nikki_lab,214.0,117.0
bigstar_pizza7440,155.0,466.0
runner_heum,445.0,860.0
dd0___dd0,105.0,1293.0
joyeolyn,1356.0,716.0
food1_jg,783.0,420.0
popeyes.kr,25.0,3604.0
hwrak_official,59.0,867.0
chickenfarmers_official,50.0,309.0
jhlee20021004,456.0,249.0
yousilkitchen,761.0,624.0
bidangilsun,511.0,134.0
mh_itok,19.0,0.0
rini.yooni,3465.0,6656.0
sjfncceo,297.0,334.0
remax_sakim,1161.0,1166.0
villafrancesca_merlot,223.0,301.0
seungwoo_francis_paik_,600.0,661.0
manwolhouse,1894.0,772.0
p___jaewon,716.0,3069.0
hungrybongni,5358.0,24000.0
hn_bebe,31.0,87.0
js1993_guy,496.0,38.0
p.young_ho,427.0,252.0
mobin.inc10,119.0,62.0
muk.h14,12.0,525.0
yeo______b_kangn,241.0,29.0
happy_yun_0_0,5369.0,2922.0
eat_zzangcooking,421.0,878.0
ksp_sj,681.0,599.0
dangchiddaeng.yeokbuk,4.0,21.0
sarakim74,2236.0,2955.0
goat__golfer,23.0,308.0
bang_su_yeong,495.0,273.0
inhyeok_je__ong,1133.0,1349.0
sometimesieatnicethings,20.0,50.0
lucyhowlter,909.0,116.0
akoping_story,316.0,104.0
hangidon98,5016.0,4875.0
hh39028,2375.0,1316.0
yellowkies7991,272.0,8.0
ijinkan_itaewon,8.0,14.0
daedong_pohang,6.0,132.0
yoonhs926,2329.0,1847.0
tag______tang,10000.0,5778.0
sunghyun1535,119.0,137.0
parkkanice,6379.0,2552.0
julia.nomz,291.0,958.0
bohsal,174.0,1089.0
oungradiant35,711.0,754.0
winterberrybear,430.0,2503.0
taehee_daily_life,111.0,107.0
79hakunamatata,3181.0,1679.0
ddan__dd,420.0,348.0
cantinhodosabor22,53.0,261.0
silvergun97,597.0,284.0
witty_k_cooking,252.0,1596.0
wolleylife,149.0,852.0
kmk_leaders,317.0,941.0
1225cute,277.0,179.0
jh_babsta,81.0,53.0
yumyumdiary__,88.0,1411.0
ldb_901129,490.0,179.0
zzang_e_punch,161.0,255.0
sanghun5663,2.0,50.0
heelee._.89,499.0,366.0
dear_diary_0811,4.0,1.0
jihyes_receipt,42.0,592.0
hjk_table,251.0,54.0
yesjjutv,87.0,244.0
lspangelee,1054.0,8870.0
rooda1004,213.0,399.0
love_ttox2,147.0,116.0
mori_haru_02,8.0,276.0
wooribob_diary,51.0,748.0
_eat_daily_,372.0,4534.0
aura__chicken,14.0,38.0
ahreum_jjoo,1720.0,1819.0
munjeongsug475,201.0,165.0
josoosang,583.0,563.0
jiya____jan.5,7703.0,4917.0
jin_soo103,26.0,6.0
hyejada125,1770.0,643.0
coffood__,93.0,347.0
dawon._.0318,1.0,99.0
meokeultende_of_dongjae,161.0,69.0
icando_eat_diet,116.0,20.0
cooking_yun04,29.0,194.0
seoul_saedaek,28.0,142.0
miya77yy,137.0,279.0
im._nan,16.0,8.0
yolier.lim,232.0,107.0
sungwhancho7,2027.0,1787.0
eun_8909,1613.0,1246.0
kkbaa__016,9.0,3.0
jolee20208,869.0,844.0
mukzza999,43.0,1022.0
juhee2020,307.0,77.0
dony___j,191.0,311.0
louis190302,874.0,539.0
nampo_outdark,108.0,1073.0
ddonggle78,0.0,0.0
hyeon7538,877.0,370.0
60_ggoggo,1.0,7.0
bumjin_ahn,304.0,1283.0
jhywcs12,23.0,48.0
jomo_oan,1032.0,1835.0
chipmunk7778,464.0,103.0
hongyoungjoo87,926.0,81.0
m.m_zl,12.0,65.0
stomach_endoscope,3949.0,1322.0
nolgoo,831.0,212.0
kimtaelee_092,39.0,41.0
