Contents,Like,ID,Tags
 협찬 교촌의 또다른 역작 블랙시크릿콤보입니다 치킨 브랜드 최강자인 교촌에서 역대급 신메뉴를출시했어요  교촌 시그니처인 허니콤보  레드콤보 교촌콤보의 맛있는 맛만 쏘옥 합쳐버린 치킨이에요 사장님귀는 당나귀에도 PPL로 나왔던데 다들 얼마나 맛있게 드시던지   저도 모르게 홀린듯이 배민 어플을 키고 주문해버렸잖아요      허니콤보의 달달함  교촌콤보의 짭짤함  레드콤보의매콤함에 오향까지 합쳤더니 중독성 갑이잖아요  맛있는 맛만 모아놨는데 맛이 없을리가 있나요  포테이토앤칩스 달달짭짤하니 완전 맥주안주로찰떡이에요  점보팩이라 양도 어마어마 ㄷㄷ  블랙시크릿콤보  23 000  포테이토앤칩스 점보팩  6 000 교촌 kyochon_official  교촌  교촌치킨  블랙시크릿치킨  치킨  chicken  신메뉴  치킨추천  야식  야식추천  치킨맛집  안산맛집  안산중앙동맛집  안산고잔동맛집  foodporn,777.0,muck_mimi,"['#협찬', '#교촌', '#교촌치킨', '#블랙시크릿치킨', '#치킨', '#chicken', '#신메뉴', '#치킨추천', '#야식', '#야식추천', '#치킨맛집', '#안산맛집', '#안산중앙동맛집', '#안산고잔동맛집', '#foodporn']"
치킨성애자들 주목 치킨덕후로서 브랜드별 인생치킨 선별하여주문했을때 실패 없을 메뉴들을 알려드립니다    치킨  치킨추천  치킨매니아  치킨맛집  치킨먹방  치킨스타그램  치킨치킨  치킨   치킨이닭  치킨은사랑입니다  치킨은언제나옳다  치킨배달  치킨은  치킨그램  치킨이닭  치킨집  치킨은살안쪄요  치킨먹는날 1   교촌치킨 블랙시크릿교촌치킨의 또하나의 역작  배달비때문에 괘씸해서 한때 불매를 했지만  대체품이 없어 어쩔수 없이 다시 먹는중  요즘 치킨은 이거만 먹음  동양의 비법양념을 담은 오향찬란 치킨이라 함  산초가루 뿌려먹으면 한마리 다먹을 수 있음  확실히 동양적인 맛 2   교촌치킨허니콤보교촌의 역작 중 하나  단짠단짠의 정점  솔직히 국내 치킨 메뉴 탑3라고 생각함 달달한 맛이 처음에 왔다가 짠맛이 확 와서 조화가 장난아님  교촌을 끊을 수 없는 이유 3   60계치킨 간지반고추반여기도 단짠단짠  하지만 60계만의 개성을 담은 맛임  간지치킨으로 단짠단짠을 내주고  고추치킨으로매콤함을 잡음 4   푸라닭 블랙마요고급치킨 푸라닭의 인기메뉴  5   처갓집 슈프림양념근본치킨인 처갓집의 필살기  양념치킨에 슈프림 소스를 마구마구 뿌려줌  6   네네치킨 스노윙반 양념반유재석이 한때 광고모델이었던 네네치킨  한때 여기만 먹었음  스노윙치킨에 양념 소스 찍어먹으면 한마리 다먹음 7   치킨플러스 꿀잼치킨신진 치킨가게인것 같은데 달콤한 맛을 사로잡음  젊은 연령층을 타겟팅 한듯  단거 좋아하면 시도해볼 만 함 8   지코바치킨 순살양념 치밥지코바 역시 근본  튀기지 않은 숯불치킨에 비법소스를 버무려져 먹으면 한마리 뚝딱  여기에 밥비벼먹으면 밥 두공기 가능 9  bhc  뿌링클 뿌링클은 너무 유명해서   설명은 생략하겠음 ,69.0,food1manga,"['#치킨', '#치킨추천', '#치킨매니아', '#치킨맛집', '#치킨먹방', '#치킨스타그램', '#치킨치킨', '#치킨🍗', '#치킨이닭', '#치킨은사랑입니다', '#치킨은언제나옳다', '#치킨배달', '#치킨은', '#치킨그램', '#치킨이닭', '#치킨집', '#치킨은살안쪄요', '#치킨먹는날', '#교촌치킨', '#교촌치킨허니콤보교촌의', '#60계치킨', '#푸라닭', '#처갓집', '#네네치킨', '#치킨플러스', '#지코바치킨', '#bhc', '#뿌링클']"
 참스큐도두점재주도의 날씨는 참 변덕이 심한 듯 하네요맑았던 어제와 달리 꽤나 우중충 합니다  마치 오늘 저녁을 고르는 내 모습과도 흡사하네요치킨이 먹고 싶다가도 회가 먹고 싶기도 하고   그래서 찾았습니다  배가 들어오는 집 참스큐 도두점 입니다 도두항에 위치한 이 프렌차이즈 치킨집은 타 치킨집과 매우 다릅니다  테이블마다 비닐이 붙어 있는게 흡사 횟집이연상 되네요 네 맞습니다  여기 자연산 회와 치킨을 무리없이 함께 파는 그런 가게 라고 하네요방문 전 유선으로 참돔 코스를 주문하였습니다 소라  전복  톳 등 해산물을 시작으로 기름장 내음 가득한 산낙지와 새콤한 맛 좋은 골뱅이소면 그리고 문어숙회가 나오고 나면 자연산 참돔 등장 합니다 두툼하고 썰어주신 회에촉촉한 초밥과 쌈장 그리고 김과 함께 싸먹는게 꽤나 맛들어집니다  문어와 횟감을 조금 튀겨 달라고 부탁드렸습니다 꽤나 담백하고 겉바속촉한 식감이 참 좋네요마지막으로 치킨 반마리와 지리가 나옵니다 사실 치킨을 더 주문 하고 싶었지만 여기 회 코스에 치킨을 더 주문 한다는 건 인원을 더 부르거나 굉장한 대식가라는 점이겠죠 회를 파는 치킨집 재미나기도 하지만 그 구성과코스 가격도 좋아 만족도가 매우 높았습니다 또 와야겠습니다  믿기 어렵겠지만 소주를 함께 하지 못했거등요 내입맛이그래  참돔코스새트 120 000원 후라이드 치킨 15 000원 상호명  참스큐 도두점 주소  제주 제주시 도두일동 2616 13 문의  064 727 9888 제주도맛집  도두항맛집  횟집 치킨  참돔  문어숙회  산낙지 지리  배가들어오는집  자연산 맛집  춘스푼제주도  춘스푼참스큐 참스큐,325.0,choon_spoon,"['#참스큐도두점재주도의', '#내입맛이그래', '#제주도맛집', '#도두항맛집', '#횟집', '#치킨', '#참돔', '#문어숙회', '#산낙지', '#지리', '#배가들어오는집', '#자연산', '#맛집', '#춘스푼제주도', '#춘스푼참스큐', '#참스큐']"
   협찬  소떡소떡 밀어내고 이제는 치떡 시대야식 하면 가장 먼저 생각나는 치킨과 떡볶이가만났다구요  이건 도대체 안먹을수가 없는 조합이에여 _ 부산시장 스타일의 꾸덕하고 감칠맛 가득한 소스에동글동글한 구슬떡   치킨을 소스에 찍어먹어도 맛있고 그냥 숟가락으로 떡만 퍼먹어도 세상 행복 왕새우치킨은 바삭바삭한 튀김옷 안에 탱글한 새우가 있어서 누가 먹어도 좋아할 맛과 식감이에여    치킨매니아   치킨맛집  떡볶이맛집  치킨추천  떡볶이추천  배달맛집,237.0,yeony_matzipsa,"['#치킨맛집', '#떡볶이맛집', '#치킨추천', '#떡볶이추천', '#배달맛집']"
헐    지가 잠들어놓고    좋아요  맞팔  선팔 환영      예능  웃긴  유머  유머스타그램  웃긴짤  예능레전드  개꿀잼  꿀잼  짤방  레전드  오늘의유머  이슈  현웃  개웃  좋반  좋아요반사  맞팔해요  맞팔환영  팔로우미  치킨  포장,41.0,fjejvheba,"['#좋아요', '#맞팔', '#선팔', '#예능', '#웃긴', '#유머', '#유머스타그램', '#웃긴짤', '#예능레전드', '#개꿀잼', '#꿀잼', '#짤방', '#레전드', '#오늘의유머', '#이슈', '#현웃', '#개웃', '#좋반', '#좋아요반사', '#맞팔해요', '#맞팔환영', '#팔로우미', '#치킨', '#포장']"
저럴거면 순살을 먹지    개그  육아소통  웃긴썰  의정부  노원  태릉  종로  군자  쨈둘  공감짤  일상공유  선팔  맞팔  선팔해요  좋튀  좋테  좋반  소통  팔로우  댓글환영  좋아요  좋아요그램  일상스타그램  이슈  일상  일상그램  일상소통  치킨  아까워  난리,55.0,happy_heaven22,"['#개그', '#육아소통', '#웃긴썰', '#의정부', '#노원', '#태릉', '#종로', '#군자', '#쨈둘', '#공감짤', '#일상공유', '#선팔', '#맞팔', '#선팔해요', '#좋튀', '#좋테', '#좋반', '#소통', '#팔로우', '#댓글환영', '#좋아요', '#좋아요그램', '#일상스타그램', '#이슈', '#일상', '#일상그램', '#일상소통', '#치킨', '#아까워', '#난리']"
           잘먹는 아가씨가 선택한    카리분당정자카페점  위치  경기 성남시 분당구 정자일로 230 동양파라곤3단지 지하 1층 101호 시간  월 금 11 00   21 00 break 15 17  문의  031 781 3388잘먹아  가 소개하는 정자 찐찐찐찐찐찐       맛집         여기는 퇴근후에 처음으로   방문한 내돈내산  카레 집이에요  남자친구가 처음에 카레 먹으러 가자했을땐 별 큰 기대를 안했었어요  카레가 다 똑같지 모  하면서 근데 과거의 잘먹아 반성합니다     카레의 신세계를 맛보게해준 집이에요  알고보니까 카레장인들이 만드는 카레집이었더구만유     카리에 근무하고있는 인도현지요리사들은 모두 인도현지 5star호텔에서 10년이상 근무한 경력이 있대요 후 먹기도 전에 이런 글 보니까 괜히 더 기대되고  근데 막상 음식나오는것 보니 기대 이상이었어요   오늘 잘먹아    는요   Kari 커플코스  파고라  카리콥샐러드  탄두리치킨  램팔락고스트커리  바스마티라이스  블루베리라씨  플레인라씨  56 000원요렇게 먹어봤는데요  가격은 저렴하진 않지만 그래도 음식을 먹고나니 의미있는 날에 한번쯤 또 와볼법한 느낌이 들었어요  그만큼 음식에 정성이 많이 들어간게 느껴졌답니다 특히 양고기가 들어간 커리에 난을 쭈욱 찢어서 찍어먹을때의 그 식감과 고소함  그리고 적당히 단맛이 나면서도 담백한 맛이 느껴졌는데 이때 알았죠  왜 사람들이 인도음식점을 찾는지 말이에요 꼭 또 이런거 나만 몰랐지 나만   휴휴  탄두리치킨도 적지않은 크기  양이어서 둘이먹기 좋았고요 바스마티라이스는 태어나서 처음먹어봤는데 인도 현지 쌀이라고해요  얇고 길쭉한 흰쌀 한입  맛있는 램 커리 한입  넘나뤼 만족쓰    라씨도 처음 먹어봤는데 막상 받고나니 요거트인것 같더라고요  빨대로 쭉쭉 먹었는데 뭔가 기분탓인가   잘먹아  건강해질것만 같았어요 _  키키   의식의 흐름대로 적다보니 글이 너무 길어졌네요ㅋㅋ 그만큼 쓸말이 많았다구욧  기대를 안하고 갔어서 그런지 뭔가 훨씬 기대 이상이었던 카리      인님들도 꼬옥  한번 방문해서 인도카레의 정수를 느껴보세요     카레  커리  바스마티라이스  카레라이스  인도카레  카리  카리분당정자카페점  kari  치킨  탄두리치킨  샐러드  난  인도난  버터난  인도커리  정자카레  정자맛집  먹스타  좋반  선팔  맞팔  먹팔  먹팔맞팔  먹팔해요  먹스타그램  좋아요    잘먹아_정자  잘먹는아가씨  ,43.0,food.makes.woman,"['#맛집', '#카레', '#카레', '#커리', '#바스마티라이스', '#카레라이스', '#인도카레', '#카리', '#카리분당정자카페점', '#kari', '#치킨', '#탄두리치킨', '#샐러드', '#난', '#인도난', '#버터난', '#인도커리', '#정자카레', '#정자맛집', '#먹스타', '#좋반', '#선팔', '#맞팔', '#먹팔', '#먹팔맞팔', '#먹팔해요', '#먹스타그램', '#좋아요', '#잘먹아_정자', '#잘먹는아가씨👧🏻']"
늦은 송년회 사진 밀린 사진도 많았고귀찮았기도 하고 게임에 빠져서기도 하고  방어회 양념치킨 치킨 방어 회 chicken sashimi 수촌마을맛집,45.0,basasdoli,"['#방어회', '#양념치킨', '#치킨', '#방어', '#회', '#chicken', '#sashimi', '#수촌마을맛집']"
 오늘 의  야식 치킨더홈  치킨    저녁 먹고 치킨이 먹고 싶어 바로 주문했네요  배는 부르지만 신기하게도 치킨 먹을 배는 따로 있나봐요  매콤 바삭 쫄깃 너무 맛있네요    청양고추 쏭쏭  고추핫치킨단짠 조합이 최고인  간장치킨 둘다 포기할수 없는 맛이네요  치킨은 왜이렇게 자꾸 땡길까요 인친님들도 야식 땡기시나요  전 겨울엔 특히 더 땡기네요  매일 과식에 야식을 먹다보니 위가 고생이 많은거 같아요  인친님들 오늘도 고생 많으셨어요  편안하고 따뜻한 밤 보내세요    먹방 맛스타그램  먹스타  koreanfood koreanchicken  chicken food foodie  foodporn  yummy delicious  spicychicken spicy soysauce 좋아요 소통 먹팔 맞팔 먹팔맞팔  latenightsnack 무항생제치킨 무항생제 데일리 daily,60.0,jinyjinyjjang,"['#오늘', '#야식', '#치킨더홈', '#치킨', '#고추핫치킨단짠', '#간장치킨', '#먹방', '#맛스타그램', '#먹스타', '#koreanfood', '#koreanchicken', '#chicken', '#food', '#foodie', '#foodporn', '#yummy', '#delicious', '#spicychicken', '#spicy', '#soysauce', '#좋아요', '#소통', '#먹팔', '#맞팔', '#먹팔맞팔', '#latenightsnack', '#무항생제치킨', '#무항생제', '#데일리', '#daily']"
오늘은 가볍게 백세주 두병 클리어  제가 어떤 안주에 마셨을까요  짐작은가시겠지만바로그거 국순당 백세주 오늘의  안주 참치  참치회  고기  소고기  삼겹살  조개구이  초밥  스시  아구찜  해물탕  치킨  햄버거  떡볶이이 중 하나,149.0,younghwa_cha,"['#짐작은가시겠지만바로그거', '#국순당', '#백세주', '#오늘의', '#안주', '#참치', '#참치회', '#고기', '#소고기', '#삼겹살', '#조개구이', '#초밥', '#스시', '#아구찜', '#해물탕', '#치킨', '#햄버거', '#떡볶이이']"
  엘든링하면서 치키니 kurong79                  엘든링  게임  치킨  순살만공격  먹스타그램  koreanfood  일상  food  foodstagram  저녁메뉴  부산서핑  송정서핑  다대포서핑  서핑  서퍼  취미  surf  surfer  surfing  surfinglife  longboard  longboardsurf  longboardsurfer  longboardsurfing,60.0,premium_gomnyang,"['#엘든링', '#게임', '#치킨', '#순살만공격', '#먹스타그램', '#koreanfood', '#일상', '#food', '#foodstagram', '#저녁메뉴', '#부산서핑', '#송정서핑', '#다대포서핑', '#서핑', '#서퍼', '#취미', '#surf', '#surfer', '#surfing', '#surfinglife', '#longboard', '#longboardsurf', '#longboardsurfer', '#longboardsurfing']"
김씨 아저씨가 쏜다고 해서 가마치 통닭 여기 오뎅탕도      가마치  가마치통닭 옛날통닭  통닭  치킨  오뎅탕 치맥  평일일상  일상  daily 맛저    ,72.0,_happy__soo,"['#가마치', '#가마치통닭', '#옛날통닭', '#통닭', '#치킨', '#오뎅탕', '#치맥', '#평일일상', '#일상', '#daily', '#맛저', '#❤️']"
  피자나라 치킨공주 태평점  _ 내돈내산   페퍼로니 피치세트 L  _ 20 900won  치킨 염지를 엄청 잘하셨더라구요  소스 없이도 간이 딱 맞아서 너무 맛있었어요  피자도  도우가 너무 맛있어서 갈릭소스나아이올리 소스에 찍어 먹으면 끝이에요 끝   그런데 치킨이 바삭바삭하니  염지도 잘되서 한 동안 꽂혀서 엄청 시켜 먹다가조금 치킨 맛이 변했더라구요  염지가 덜 되서 전보다 덜하달까요 그래서 요즘은 덜 시켜먹게 된 곳이에요     ᵒ         ᵒ                     먹스타  먹스타그램  먹부림  야식  야식스타그램  피자  치킨  치킨스타그램  피자맛집  피자나라치킨공주  배달음식  먹팔  먹팔맞팔  좋반  맞팔  소통  먹스타그램 ,41.0,baebae_plate,"['#내돈내산].🍕페퍼로니', '#먹스타', '#먹스타그램', '#먹부림', '#야식', '#야식스타그램', '#피자', '#치킨', '#치킨스타그램', '#피자맛집', '#피자나라치킨공주', '#배달음식', '#먹팔', '#먹팔맞팔', '#좋반', '#맞팔', '#소통', '#먹스타그램🍴']"
Hergün aynı lezzet farklı konuklar          korea_cafe_01  korea  adana  koreyemek  kpop  bts  blackpink  yemek  içecek  bubble  bubbletea  tavuk  kimchi  kimbap  rabbokki  merkez  istanbul  한국음식  떡볶이  치킨  라볶이  로제  카페  음식,45.0,korea_cafe_01,"['#korea_cafe_01', '#korea', '#adana', '#koreyemek', '#kpop', '#bts', '#blackpink', '#yemek', '#içecek', '#bubble', '#bubbletea', '#tavuk', '#kimchi', '#kimbap', '#rabbokki', '#merkez', '#istanbul', '#한국음식', '#떡볶이', '#치킨', '#라볶이', '#로제', '#카페', '#음식']"
Biz adanalıyık Allah ın adamıyık bici bici yer şalgam içerik KoreA kafede kimbap yer bubble içerik     korea_cafe_01  korea  adana  koreyemek  kpop  bts  blackpink  yemek  içecek  bubble  bubbletea  tavuk  kimchi  kimbap  rabbokki  merkez  istanbul  한국음식  떡볶이  치킨  라볶이  로제  카페  음식,79.0,korea_cafe_01,"['#korea_cafe_01', '#korea', '#adana', '#koreyemek', '#kpop', '#bts', '#blackpink', '#yemek', '#içecek', '#bubble', '#bubbletea', '#tavuk', '#kimchi', '#kimbap', '#rabbokki', '#merkez', '#istanbul', '#한국음식', '#떡볶이', '#치킨', '#라볶이', '#로제', '#카페', '#음식']"
어제 이모저모           먹기만  수원신동 브런치카페37 5 김성민커피 파스타 스테이크 샐러드 피자 닭발 골뱅이무침 치킨 케익 딸기 커피 미친수다    10시간의흔적  집에갈생각없던애들  230109 건또모임 잘먹고잘놀고  직딩 휴가찬스 먹스타 맛스타 맛집 jgs_food,84.0,goldline_84,"['#먹기만😜', '#수원신동', '#브런치카페37.5', '#김성민커피', '#파스타', '#스테이크', '#샐러드', '#피자', '#닭발', '#골뱅이무침', '#치킨', '#케익', '#딸기', '#커피', '#미친수다', '#10시간의흔적🙊', '#집에갈생각없던애들🤣', '#230109', '#건또모임', '#잘먹고잘놀고', '#직딩', '#휴가찬스', '#먹스타', '#맛스타', '#맛집', '#jgs_food']"
오랜만에 로제치킨 체공   매콤한 로제소스 듬뿍에 치킨이랑 파스타까지 있으니 물리지도 않고 계속 흡입가능   그리고 내사랑 대방어 헿  산본  산본맛집  아라  이자카야아라  로제치킨  로제  치킨  파스타  대방어  먹스타그램,51.0,gordonramesses,"['#산본', '#산본맛집', '#아라', '#이자카야아라', '#로제치킨', '#로제', '#치킨', '#파스타', '#대방어', '#먹스타그램']"
오랜만에 오늘 치킨이 땡겨서 먹었어요 그래서 그런지 더 맛있고 기분도 좋넹    치킨  오늘저녁치킨  후라이드반양념반,164.0,sooae38,"['#치킨', '#오늘저녁치킨', '#후라이드반양념반']"
 포항 오브레맨크로와상이 너무 맛있어보여 한 컷 찍어봤어요    돈 많이 벌어서 잔뜩 쌓아 놓고 먹고싶네요    ෆ   ෆ   ෆ   ෆ   맛스타그램 맛집추천 맛집탐방 포항맛집 포항여행 포항가볼만한곳 포항핫플 포항 포항카페 포항술집 영일대맛집 영일대해수욕장 치킨맛집 소통 먹팔 먹스타맞팔 먹팔맞팔 해운대맛집 영일대해수욕장맛집 치킨 포항시내맛집 쌍사술집 빵 빵맛집 likeforlikes likeforfollow I4I f4f,41.0,yum2_yom2,"['#포항', '#오브레맨크로와상이', '#맛스타그램', '#맛집추천', '#맛집탐방', '#포항맛집', '#포항여행', '#포항가볼만한곳', '#포항핫플', '#포항', '#포항카페', '#포항술집', '#영일대맛집', '#영일대해수욕장', '#치킨맛집', '#소통', '#먹팔', '#먹스타맞팔', '#먹팔맞팔', '#해운대맛집', '#영일대해수욕장맛집', '#치킨', '#포항시내맛집', '#쌍사술집', '#빵', '#빵맛집', '#likeforlikes', '#likeforfollow', '#I4I', '#f4f']"
요즘 너무 맛있는  별빛청하 보러 우리 매장폰이랑 오랜만에 같이 외출 닭발  치킨  신상업뎃   동대문유진 동대문악세사리상가 동대문종합시장  악세사리도매 악세사리만들기 악세사리쇼핑몰 악세사리부자재 악세사리만들기 악세사리재료 악세사리추천  곰돌이  곰돌이케이스  이쁜폰케이스  폰케이스  핸드폰스트랩  핸드폰스트랩케이스,239.0,yuzin.acc,"['#별빛청하', '#닭발', '#치킨.', '#신상업뎃', '#동대문유진', '#동대문악세사리상가', '#동대문종합시장.', '#악세사리도매', '#악세사리만들기', '#악세사리쇼핑몰', '#악세사리부자재', '#악세사리만들기', '#악세사리재료', '#악세사리추천.', '#곰돌이', '#곰돌이케이스', '#이쁜폰케이스', '#폰케이스', '#핸드폰스트랩', '#핸드폰스트랩케이스']"
 포항 예스샐러드포항에서 제일 인기 많은 샐러드집 점심시간에 근처 직장인들이 엄청 포장 주문해가는 곳    거기에 나도 포함  야채들이 신선한건 물론면발이 쬰쬰하고 소스도 맛있다 다이어트에 도움이 안될지도       다이어터 분들은  토핑 적당히추가해서 먹읍시다ㅋㅋ 사장님도 유쾌하고 친절한건 안비밀      파스타샐러드 7 000원  ෆ   ෆ   ෆ   ෆ   맛스타그램 맛집추천 맛집탐방 포항맛집 포항여행 포항가볼만한곳 포항핫플 포항 포항카페 포항술집 영일대맛집 영일대해수욕장 파스타맛집 샐러드맛집 다이어트 소통 먹팔 먹스타맞팔 먹팔맞팔 해운대맛집 영일대해수욕장맛집 치킨 포항시내맛집 쌍사술집  likeforlikes likeforfollow I4I f4f ,43.0,yum2_yom2,"['#포항', '#예스샐러드포항에서', '#맛스타그램', '#맛집추천', '#맛집탐방', '#포항맛집', '#포항여행', '#포항가볼만한곳', '#포항핫플', '#포항', '#포항카페', '#포항술집', '#영일대맛집', '#영일대해수욕장', '#파스타맛집', '#샐러드맛집', '#다이어트', '#소통', '#먹팔', '#먹스타맞팔', '#먹팔맞팔', '#해운대맛집', '#영일대해수욕장맛집', '#치킨', '#포항시내맛집', '#쌍사술집', '#likeforlikes', '#likeforfollow', '#I4I', '#f4f']"
댓글 ㅋㅋㅋㅋㅋㅋㅋㅋ  꿀잼정보 모아모아   꿀잼  개꿀잼  핵잼  좋아요  좋반  좋테  좋튀  선팔  맞팔  선팔하면맞팔  선팔좋아요  맞팔좋아요  팔반  좋아요반사  피식쨈 유머짤  인친해요  유머페이지  팔로우반사  선팔은곧맞팔  댓글  캐리  외가  장모님  치킨  브랜드  ㅋㅋㅋ,47.0,16_miamia,"['#꿀잼', '#개꿀잼', '#핵잼', '#좋아요', '#좋반', '#좋테', '#좋튀', '#선팔', '#맞팔', '#선팔하면맞팔', '#선팔좋아요', '#맞팔좋아요', '#팔반', '#좋아요반사', '#피식쨈', '#유머짤', '#인친해요', '#유머페이지', '#팔로우반사', '#선팔은곧맞팔', '#댓글', '#캐리', '#외가', '#장모님', '#치킨', '#브랜드', '#ㅋㅋㅋ']"
 가족저녁  파스타  야채곱창  처갓집양념치킨  처갓집치킨  치킨  맛저,187.0,mickey020103,"['#가족저녁', '#파스타', '#야채곱창', '#처갓집양념치킨', '#처갓집치킨', '#치킨', '#맛저']"
 2023 또래오래 무슐랭 가이드  또래오래의 베스트셀러 갈반핫반을알고 계신가요   한국인 취향 저격 갈릭 플러스와깔끔하게 매운 핫 양념 치킨의 환상의 궁합    한줄평 갈반핫반  너는 내 취향 저격  EVENT여러분들이 생각하는 갈반핫반의 평점과그 이유는 무엇인지 댓글로 남겨주세요  평점 기준     배고플 때 시켜 먹어 볼 만한 맛     일주일에 한 번씩 먹고 싶은 맛      매일 먹어도 안 질리는 맛  참여방법1  또래오래 인스타그램  toreore_official  팔로우 하기 2  갈반핫반의 평점과 이유를 댓글로 남기기   이벤트 기간   2023 01 10 화    01 16 월   당첨자 발표   2023 01 20 금   이벤트 경품   또래오래 E쿠폰 3명  해당 이벤트는 블로그  인스타그램  페이스북에서 진행됩니다  당첨자분들에게는 네이버 쪽지  인스타그램DM  페이스북 메시지로 개별 연락을 드립니다 2023년에도 또래오래와 함께 할인 혜택 누리면서 또래오래 치킨을 즐겨보세요  요기요① 요기요 오늘의 할인치킨 사이드 메뉴 세트 3 000원 할인할인 기간  01월 01일   01월 15일  01월 23일   01월 31일② 모두의 마블 기획전전 메뉴 최대 6 000원 할인할인 기간   01월 16일   01월 22일  총 7일  배달의민족①먹킷리스트 기획전전 메뉴 3 500원 할인할인 기간   01월 9일   01월 15일②매주 수요일  금요일  일요일전메뉴 3천원 할인할인 기간   매주 수요일  금요일  일요일  해당 프로모션은 일부 가맹점에서는 해당되지 않을 수 있습니다 ,266.0,toreore_official,['#EVENT여러분들이']
이정도면 전생에  닭이랑 원수진게 분명합니다 맨날 술이고 맨날 닭이라니  요새 보드람치킨에 빠져서 하루가 멀다하고2차는 보드람으로    항상 느끼는 거지만 매일 먹어도 새롭게 맛있는건 치킨이 최고인거 같아요 만날때마다 설레게하는 치킨같은 남자 오늘도 잘마시거 과일에 와인으로 마무리 합니다        치킨 치킨먹방 생맥주먹방 시원한맥주원샷 보드람치킨 후라이드 귀척죄송,82.0,sombbangk,"['#치킨', '#치킨먹방', '#생맥주먹방', '#시원한맥주원샷', '#보드람치킨', '#후라이드', '#귀척죄송']"
 이벤트 제품제공 호식이두마리치킨  hosigi1999 호식이에서 신메뉴  타코마요치킨 을 보내주셔서 맛볼수 있었어요  저는 멕시칸 요리를 정말 좋아하는데   치킨에 소스로 올라가니 맛있는거에 맛있는게 더해진 느낌  타코마요치킨은 할라피뇨 고추를 훈연해서 만든 치폴레소스에  피망 파프리카 카사바칩이 토핑으로 올라가있어요  이렇게 푸짐한 토핑의 치킨은 넘나 오랜만 사이드인  감자볼튀김 은 진짜 포슬포슬하고 미니미니해서 맛도좋고 한입에 먹기도 좋고 그리고  타피오카쫀도그 요거 완전 대박적 사이드메뉴에요 그냥 핫도그느낌이 아니라 타피오카 전분으로 만들어서 완전 쫀 득 쫀 득 너무 맛있어요  앞으로 호식이치킨 먹을땐 쫀도그는 디폴트가 될것같아요ㅋㅋ맥주 안꺼냈다가   결국 맥주를 꺼내고야 만 우리쀼 ㅎㅎㅎ      울 님들도 타코마요치킨 꼭 드셔보세요 완전 추천 ,72.0,dorisooni_704,"['#이벤트', '#제품제공', '#호식이두마리치킨', '#타코마요치킨', '#감자볼튀김', '#타피오카쫀도그']"
 신당역맛집  신당동맛집   신당동에 위치한 노포 느낌의 호프집  카이샤르의 장미   배고파서 그냥 들어갔는데 양념치킨이 너무 바삭하고 맛있었음  카이샤르의장미  양념치킨  치킨  치킨추천  호프  호프집  치킨맛집  노포  노포맛집  치맥,55.0,justfoodding,"['#신당역맛집', '#신당동맛집', '#카이샤르의장미', '#양념치킨', '#치킨', '#치킨추천', '#호프', '#호프집', '#치킨맛집', '#노포', '#노포맛집', '#치맥']"
이렇게 똥글똥글한 닭은 처음봐 토깽이가 운영하는 페이지   humor _ rabbit                   동글동글  닭  치킨  공룡  후손,44.0,humor._.rabbit,"['#동글동글', '#닭', '#치킨', '#공룡', '#후손']"
BBQ 자메이카 통다리대따 크다ㅋㅋㅋ그치만 저거 하나로는 모질라  떡볶이 순대 튀김 추가요               BBQ자메이카통다리  BBQ  치킨 푸드스타그램  음식  맛스타그램  먹스타그램  밥스타그램  먹팔해요  먹팔  먹팔맞팔  먹팔그램  맛집그램  맛집추천  맛집탐방  맛집투어  핫플레이스  핫플  맞팔  선팔하면맞팔  맞팔환영  맞팔선팔  맞팔댓글  맞팔해요  맞팔그램  팔로우  맞팔반사  좋반  좋반테러  좋아요반사,79.0,lee_jaelong,"['#BBQ자메이카통다리', '#BBQ', '#치킨', '#푸드스타그램', '#음식', '#맛스타그램', '#먹스타그램', '#밥스타그램', '#먹팔해요', '#먹팔', '#먹팔맞팔', '#먹팔그램', '#맛집그램', '#맛집추천', '#맛집탐방', '#맛집투어', '#핫플레이스', '#핫플', '#맞팔', '#선팔하면맞팔', '#맞팔환영', '#맞팔선팔', '#맞팔댓글', '#맞팔해요', '#맞팔그램', '#팔로우', '#맞팔반사', '#좋반', '#좋반테러', '#좋아요반사']"
우리과  간식 타임  간식타임  간식 에그박스  치킨 교촌치킨  회사간식  간식시간  자주먹자요,106.0,cheol_hui3663,"['#간식타임', '#간식', '#에그박스', '#치킨', '#교촌치킨', '#회사간식', '#간식시간', '#자주먹자요']"
다들주목     훌랄라 다들 맛있는건 알쥬  요즘 핫한 간장바베큐를 조져봤다개인적으로 치밥은 간장베이스가 더 맛있다  참숯으로 구워서 진짜 숯향 불맛이 미쳤다양념도 맛있지만  맵지도 않고 덜 자극적이라 적극 추천  순살 바베큐라 주먹밥이랑 먹어도 진짜 조합환상 간장베이스에 즉섭밥 넣고 순살 잘라서 비벼먹음 진짜 밥도둑    맥주도 술술들어가니까  꼭 좋은날 좋은사람과 먹어보길 전국어디든 있으니까 오늘 당장 고고 이상전달끝  1월 배달의 민족 매주 수요일 3 000원 할인  배달의 민족 1월 23 29일 포장 기획전 3 500원 할인  요기요 1월 매일 신메뉴 3종 3 000원 할인중   훌랄라 훌랄라숯불바베큐치킨 푸세이돈 훌랄라치킨  안산맛집 인천맛집 치킨맛집 숯불치킨 숯불바베큐 서산맛집  대전맛집  동탄맛집  대구맛집  파주맛집  서울맛집  경기도맛집  치킨  양념치킨  foodporn  foodpics,273.0,fooseidon_,"['#훌랄라', '#훌랄라숯불바베큐치킨', '#푸세이돈', '#훌랄라치킨', '#안산맛집', '#인천맛집', '#치킨맛집', '#숯불치킨', '#숯불바베큐', '#서산맛집', '#대전맛집', '#동탄맛집', '#대구맛집', '#파주맛집', '#서울맛집', '#경기도맛집', '#치킨', '#양념치킨', '#foodporn', '#foodpics']"
 서울  후암동  뽀빠이호프치킨감자탕먹고 2차로 찾은 통닭집  숙소 근처에서 뭘 먹을까하고 찾다가 2차로 방문한 곳인데 외관부터 노포느낌 낭낭한 통닭집이었다  내부엔 5테이블 정도 있었고 마지막으로 남은 테이블에 착석했다 남으면 가져가야지란 생각으로 후반양반 1마리 시켰는데 왠걸 양념이 넘 내스탈이었다  튀긴 후 아낌없이 양념을 듬뿍 발라 준 느낌  처음에는 케챱맛이 달큰하게 나더니 매콤함이 마지막에 혀를 강타하는 맛이었다  단맛으로 감칠맛을 훅 올리더니 매운맛이 느끼함을 없애줘서 좋았다  후라이드 또한 겉은 바삭 속은 촉촉했고 염지가 잘 돼 있어 별도로 다른 소스를 찍어먹지 않아도 맛있었다   치킨집이지만 닭볶음탕  떡볶이  오뎅탕 등 다양한 메뉴도 있었는데 사장님께서 늦은 저녁으로 먹고 계시던 닭볶음탕이 궁금했다  다음에 또 가면 꼭 먹어보자고 속으로 다짐했다   먹으면서 먹을 거 생각하기   다들 그렇죠 ㅎㅎ  가격  후반양반   16 000원 먹뽀N  서울  서울맛집  서울역맛집  서울역치킨  서울통닭  서울통닭맛집  서울역통닭  통닭맛집  서울역포차  통닭  치킨  좋아요반사  먹팔  맞팔  먹방  먹팔  먹스타그램   ,84.0,mukbbo.n,"['#서울', '#후암동', '#뽀빠이호프치킨감자탕먹고', '#먹뽀N', '#서울', '#서울맛집', '#서울역맛집', '#서울역치킨', '#서울통닭', '#서울통닭맛집', '#서울역통닭', '#통닭맛집', '#서울역포차', '#통닭', '#치킨', '#좋아요반사', '#먹팔', '#맞팔', '#먹방', '#먹팔', '#먹스타그램', '#💜']"
무한의 매력을 가진 완벽한인생 동두천점먹으면 먹을수록 푹 빠져버림 종류도 이렇게 많고  가격도 굿굿 심지어는 맛까지 있는데 왜안가   당장 가야쥥    특히 여기 메뉴들과 맥주의 조합으로 먹는거 절대 잊지말기   동두천맛집 완벽한인생동두천점      의정부맛집  의정부술집  포천술집  포천가볼만한곳  포천맛집  동두천맛집완벽한인생  치킨맛집  치킨  양주맛집  데이트  간맥,131.0,crylie2_,"['#동두천맛집', '#완벽한인생동두천점', '#의정부맛집', '#의정부술집', '#포천술집', '#포천가볼만한곳', '#포천맛집', '#동두천맛집완벽한인생', '#치킨맛집', '#치킨', '#양주맛집', '#데이트', '#간맥']"
  2023년 가지게 되는 행운 가장 먼저 보이는 단어 3가지가 올해 가지게 될 3가지의 행운이랍니다  당신은 어떤 단어가 땡기셨나요  댓글에 당신의 행운 3가지를 공유해주세요  EVENT 이미지 속 단어들 중 제일 먼저 보이는 단어 3가지를 댓글에 공유하면 추첨을 통해 당치땡 치킨 이용권을 선물로 드립니다   참여방법① 댓글에 가장 먼저 보이는 단어 3가지 남기기 ② 팔로우   좋아요는 필수  이벤트 기간  1 10 화  1 13 금  경품  트러플 크리스피 콜라 1 25L  3명  유의사항  당첨자는 개별 DM을 통해 발표됩니다  당치땡  당신은지금치킨이땡긴다  치킨  치킨추천  이벤트  EVENT  새해  새해이벤트  2023  올해의행운,193.0,dangchiddaeng.official,"['#당치땡', '#당신은지금치킨이땡긴다', '#치킨', '#치킨추천', '#이벤트', '#EVENT', '#새해', '#새해이벤트', '#2023', '#올해의행운']"
푸라닭 한번 시킨 이후 푸라닭만 시키라는 엄마  푸라닭  블랙알리오  투움바치킨  기름떡볶이,148.0,hufflepuff_raeng,"['#푸라닭', '#블랙알리오', '#투움바치킨', '#기름떡볶이']"
남매쿠폰추첨  추첨완료 남매카페  쿠폰  이벤트  응모  2차  당첨자발표  치킨  전달완료  감사합니당     안녕하세요 남매카페입니당            새해 복 많이 많이 받으세용   저희 남매 자주 들러주셔서 찾아주셔서 늘 감사합니다아   많은 분들이 주신 관심과 사랑   자주 찾아주시고 사랑 주신 게 쿠폰함으로도 확인이 가능할 정도였어요  ㅎㅎㅎㅎ 소중한 쿠폰들ㅠㅠ  남카를 찾아주시는 분들이 남매카페 도장 모으기에 재미를 느끼셨으면 좋겠다는 취지로 쿠폰 응모 이벤트를 시작하게 됐었죵    ㅎㅎㅎㅎ 많은 분들이 참여해 주셔서 저희도 정말 감사하고 재밌게 진행하고 있습니다     저번 추첨에는 오빠였다면 이번 추첨은 동생으로 진행이 되었다는       동생의 손기운으로   쿠폰은 총 30개 뽑아서 중복  찍다만 쿠폰  연락처 불분명 등의 쿠폰은 제외ㅠㅠ 빈자리만큼 다시 추첨 진행했습니당   남매카페 쿠폰 응모해 주셔서 감사합니댜    이번 닭의 주인이 되신     서 교  m 팀윤 원 이 민 문 성480  방 턱 이 림  류 우 박 현 한 경 전 성 845 김 준 김 지 오     요안 현차 진김 영김 수552  김 겸 강 정 이 지 김 희 최  박 우이 호정 수채 수축하드려용            추첨은 계속됩니당      다음 추첨까지 고고고     남매카페 많이 좋아해 주셔서 정말 정말 감사하고 앞으로도 편하게 찾아주세용    ㅎㅎㅎ 남매카페는 계속 달립니당         앞으로도 잘 부탁드립니다요 남카 빠샤 남카 손님 모두모두 빠샤빠샤  감사합니당                    남매카페 쿠폰 응모 이벤트   란 1  음료 주문하고 쿠폰 도장 찍기2  쿠폰 도장 다 찍기3  다 찍은 쿠폰은 서비스 음료 이용하기     아메리카노   모든 음료  총2잔 공짜 4  사용한 쿠폰에 이름과 연락처 적기5  응모함 넣기    찍다만 쿠폰은 제외됩니당    연락처는 정확히 적어주세용 ㅎㅎㅎ남카 3차 쿠폰 응모 진행 중입니당  ,62.0,nammae.cafe,"['#추첨완료', '#남매카페', '#쿠폰', '#이벤트', '#응모', '#2차', '#당첨자발표', '#치킨', '#전달완료', '#감사합니당😊', '#👍👍안녕하세요']"
 행운 가득 bhc 폭 주머니를 찾아라     2023년 1월 레드킹 폭립을 반드시 먹어야 하는 이유 바로 레드킹 폭립 영수증 인증하면새해에 가장 받고 싶은 복주머니 경품을폭  폭    받을 수 있기 때문이지   재물복  건강복  먹을복 올해 가장 받고 싶은 복이 뭐야   bhc 공식 홈페이지에 들어가서내가 받고 싶은 복주머니를 고른 후영수증을 제출하고 푸짐 한 경품을 받자   bhc_chicken_official 프로필 링크 고고     경품  토끼 골드바 1돈  매주 1명 추첨   마사지건  매주 3명 추첨   레드킹 폭립 기프티콘  매주 10명 추첨    이벤트는 총 3주간 진행되고 2023년 1월 한달간 구매한 레드킹 폭립 영수증이라면모두 모두 응모 가능하니 나만의 올해 운세를 점쳐봐      이벤트 일정 1주차  1 10 화  1 16 월  당첨자 발표 1 18 수  2주차  1 17 화  1 23 월  당첨자 발표 1 25 수  3주차  1 24 화  1 31 화  당첨자 발표 2 2 목    유의사항   당첨자 발표는 bhc 공식 홈페이지에서 진행하며  경품 안내는 개별 연락드릴 예정입니다   경품 수령 시 5만원을 초과할 경우 경품의 제세공과금  22  은 당첨자가 부담합니다   BHC  치킨  BHC치킨  치킨은bhc bhc신메뉴  레드킹폭립  bhc이벤트,42.0,bhc_chicken_official,"['#BHC', '#치킨', '#BHC치킨', '#치킨은bhc', '#bhc신메뉴', '#레드킹폭립', '#bhc이벤트']"
부드럽고 쫄깃한 닭다리살로 만든 닭튀김 치킨과는 다른 매력이 있답니다   류몽민 닭다리살 실제 후기1  꿔바로우와 닭강정의 중간 맛을 조화롭게 느낄 수 있어요 2  치킨하고 비슷한 비쥬얼인데  훨씬 쫀득하고 맛있어요  맥주랑 찰떡인 음식입니다 3  겉바속초의 끝  치킨보다 훨 맛있어요 치킨같지만 치킨보다 맛있는 류몽민의 시그니처 서브메뉴 닭갈비와 함께 야무지게 드셔보세요   강남 맛집 류몽민을 집에서도 즐길 수 있어요    류몽민 밀키트 구매하는 방법  ryumokmin 프로필 하단 링크에서 쉽게 구매하실 수 있습니다  류몽민  직화닭갈비,46.0,ryumokmin,"['#류몽민', '#직화닭갈비']"
오늘 야식은 뭐먹을래    치킨  이벤트오늘 야식은 무슨 치킨으로할지아직 못정했다면  60계 사다리타기를 해봐요 ദ   ᵕ     옆으로 쭉쭉 넘겨보기       특별히 오늘만은 야식 허락해드릴게요  이벤트 상품   간지치킨 모바일 쿠폰 당첨 인원   10명 응모 기간    1월 16일 발표 일자   1월 17일  댓글로 발표  참여 방법   좋아요    무슨 치킨 나왔는지 댓글 달기   프로필 링크 응모  응모 링크   https   forms gle 2bgBCZrZsLNftojy7,1317.0,60chicken,"['#치킨', '#이벤트오늘']"
1년만에 교촌치킨 생일날받은 배민쿠폰 15000해서 교촌치킨 두마리   ㅋㅋ 레드콤보 오리지날 교촌치킨 처음 맛봤을때보다 크기도   맛도 조금 변한거 같아서 아쉽다    그래도 맛있네 술을 못마셔서 아쉬운밤  주정뱅 이 양  고마워 잘먹었어     요양중  치킨  레드콤보  교촌치킨  배달의민족  교촌오리지날  chiken  韓国チキン  チキン  キョチョンチキン 맞팔 kyochonchicken  먹스타그램  일상  일상스타그램  일상맞팔  술스타그램  생일선물   ,60.0,ktw8924,"['#요양중', '#치킨', '#레드콤보', '#교촌치킨', '#배달의민족', '#교촌오리지날', '#chiken', '#韓国チキン', '#チキン', '#キョチョンチキン', '#맞팔', '#kyochonchicken', '#먹스타그램', '#일상', '#일상스타그램', '#일상맞팔', '#술스타그램', '#생일선물', '#🍗']"
Selfie          강남  홍대  광주  고1  고2  고3  얼짱  얼스타그램 셀스타그램  셀피  셀카  럽스타그램  홍보  인친  팔로우  팔로워  맞팔  선팔  좋아요  일상  휴일  주말  술스타그램  신림  교대  치킨  먹스타그램  좋아요반사  openrp  wwerp,41.0,fightforvanzant,"['#강남', '#홍대', '#광주', '#고1', '#고2', '#고3', '#얼짱', '#얼스타그램', '#셀스타그램', '#셀피', '#셀카', '#럽스타그램', '#홍보', '#인친', '#팔로우', '#팔로워', '#맞팔', '#선팔', '#좋아요', '#일상', '#휴일', '#주말', '#술스타그램', '#신림', '#교대', '#치킨', '#먹스타그램', '#좋아요반사', '#openrp', '#wwerp']"
  먹카츄의 치킨앤카레군 탐방   치킨앤카레군  홍대  홍대맛집  홍대술집  저장각  먹카츄가 다녀온 치킨앤카레군을 소개해 주려고해 피카   먼저 치킨앤카레군에서 주문한 메뉴는 국물떡볶이 차돌 순두부 짬뽕탕 후라이드 치킨 크루저리타 먼저 국물떡볶이는 매콤하고 달달한게 아주 좋았고 떡은 쫄깃쫄깃한게 아주 입에서 착착 감기는 맛이였어 여기에 치즈를 추가했는데 아주 꾸덕하고 고소하게 먹을수 있는게 넘 좋더라구 차돌 순두부 짬뽕탕은 국물이 진하고 얼큰한게 아주 소주가 술술 들어가는 맛이였고 우동까지 국물이 잘베어서 아주 후룩후룩 맛나게 먹었어 후라이드 치킨은 크리스피한 오리지널후라이드와 짭쪼름한 체다치즈후라이의 조화가 장난 아니였는데 일단 치킨은 은은한 카레향이 올라오는게 넘 좋았어 크루저리타는 칵테일인데 크루저가 거대한 칵테일잔에 꽂혀서 나오더라구 이거 달달하고 시원한게 아주 이집 음식들하고 찰떡 궁합이더라구 다들 홍대에서 맛난 안주에 한잔 하고 싶다면 치킨앤카레군에 가보는걸 먹카츄가 정말 강추할게   치킨앤카레군  동교동 164 11 홍대데이트  홍대술집추천  홍대핫플레이스  떡볶이  떡볶이맛집  안주,107.0,muk_pikachu,"['#치킨앤카레군', '#홍대', '#홍대맛집', '#홍대술집', '#저장각', '#홍대데이트', '#홍대술집추천', '#홍대핫플레이스', '#떡볶이', '#떡볶이맛집', '#안주']"
치킨   ㅠㅠㅋㅋㅋㅋㅋ      빵터짐  유머글  웃긴짤  레전드썰  유머썰  연예인  대유잼  이슈  핫이슈  아이돌  좋테좋반  오늘의유머  좋아요그램  좋테  좋반  재미있다  청라  양재  과천  삼각지  압구정로데오  쨈둘  당근마켓  치킨  강아지,41.0,vandso14,"['#빵터짐', '#유머글', '#웃긴짤', '#레전드썰', '#유머썰', '#연예인', '#대유잼', '#이슈', '#핫이슈', '#아이돌', '#좋테좋반', '#오늘의유머', '#좋아요그램', '#좋테', '#좋반', '#재미있다', '#청라', '#양재', '#과천', '#삼각지', '#압구정로데오', '#쨈둘', '#당근마켓', '#치킨', '#강아지']"
 대전  중앙시장  서울치킨 본점말 그대로  시장통닭 어릴때 시장통닭 먹던 추억 같은 건 없지만 무슨 늭낌인지 아니께  갓 튀기는 냄새에 이미 취해버려치킨 등장하시면 양 보고 놀라버려한마리 맞나요   튀김옷에 간간하게 후추간이 되어있고 바삭바삭해 양념도 맛있는데 후라이드가 좀 더 내 서타일 그 와중에 닭목 찾아냈  술은 딤채에서 알아서 꺼내마셔   다락방 감성에서 먹다보니 술이 술술메뉴에 닭볶음탕이나 닭내장탕도 있네그게 바로 시장 닭집에 묘미 고고_대전  대전맛집  대전중앙시장  시장맛집  후라이드치킨  치킨  치맥  대전여행  노포투어  대전노포  본점  friedchicken  맛있다그램  먹팔맞팔  소통환영,170.0,im__gogo,"['#대전', '#중앙시장', '#서울치킨', '#시장통닭', '#고고_대전', '#대전맛집', '#대전중앙시장', '#시장맛집', '#후라이드치킨', '#치킨', '#치맥', '#대전여행', '#노포투어', '#대전노포', '#본점', '#friedchicken', '#맛있다그램', '#먹팔맞팔', '#소통환영']"
  월간 이벤트  바른치킨이 매월 생일자를 찾아 치킨케이크를 선물합니다 1월 생일이신 분 또는 생일을 맞은 내 친구  가족 등을 태그하고셀프 덕담 또는 축하 인사를 댓글로 남겨주세요 3분을 추첨해 치킨케이크를 선물로 드립니다  대상   바른치킨  팔로워  중  1월  생일자기한   1월 17일까지추첨   1월 18일 개별 DM 발송  1월 생일인 내 친구 태그단  당첨 후 생일 인증 필수  바른치킨  치킨케이크  이벤트  1월이벤트  생일이벤트  생일케이크  생일선물  생일선물추천  생일파티  케이크추천  이색케이크  기념일케이크  치킨  치킨스타그램  치킨추천,277.0,barunchicken_official,"['#바른치킨', '#치킨케이크', '#이벤트', '#1월이벤트', '#생일이벤트', '#생일케이크', '#생일선물', '#생일선물추천', '#생일파티', '#케이크추천', '#이색케이크', '#기념일케이크', '#치킨', '#치킨스타그램', '#치킨추천']"
맛이 수준 이하였어요  매장에서 사장님이 후라이드를 먹고 있었어요  그는 맛있다고 느꼈을까요     네네치킨  네네  방학동맛집  치킨  치킨맛집  방학동치킨  배달치킨  맛집추천  배달음식  한식밥상  한식당  혼밥  혼밥스타그램  집밥  집밥스타그램  집밥레시피 집밥그램  집밥반찬  먹방  먹부림  먹스타그램  먹스타  먹방  먹방bj  먹방투어  먹방스타그램  먹스타맞팔  먹부림  맛집  맛스타그램  맛있어  맛점,46.0,ju.dragon,"['#네네치킨', '#네네', '#방학동맛집', '#치킨', '#치킨맛집', '#방학동치킨', '#배달치킨', '#맛집추천', '#배달음식', '#한식밥상', '#한식당', '#혼밥', '#혼밥스타그램', '#집밥', '#집밥스타그램', '#집밥레시피', '#집밥그램', '#집밥반찬', '#먹방', '#먹부림', '#먹스타그램', '#먹스타', '#먹방', '#먹방bj', '#먹방투어', '#먹방스타그램', '#먹스타맞팔', '#먹부림', '#맛집', '#맛스타그램', '#맛있어', '#맛점']"
점심은 덮밥으로 냉동실 윙도 꺼내서 튀겨 양념 해주고아들하고 둘이 오붓하게ㅡㅡ 아침  점심  저녁  플레이팅  그릇  그릇스타그램  집밥  혼밥  집밥스타그램  상차림  오늘의밥상  오늘뭐먹지 홈스위트홈  홈쿡  아침메뉴 홈메이드  온더테이블  점심메뉴  저녁메뉴  식사 아이밥상  방학식단  불고기덮밥  닭윙구이  닭윙조림  한식  치킨,61.0,ljs051500,"['#아침', '#점심', '#저녁', '#플레이팅', '#그릇', '#그릇스타그램', '#집밥', '#혼밥', '#집밥스타그램', '#상차림', '#오늘의밥상', '#오늘뭐먹지', '#홈스위트홈', '#홈쿡', '#아침메뉴', '#홈메이드', '#온더테이블', '#점심메뉴', '#저녁메뉴', '#식사', '#아이밥상', '#방학식단', '#불고기덮밥', '#닭윙구이', '#닭윙조림', '#한식', '#치킨']"
양념치킨의 시초  오늘의역사  history여러분은 어떤 치킨을 좋아하세요 구운 치킨  튀긴 치킨  옛날 통닭  양념치킨 우리나라에는 정말 다양한 치킨의 종류가 있는데요 그렇다면 우리나라에서는 언제부터 치킨을 먹기 시작했을까요 후라이드 치킨이 국내에 들어오기 시작한 건 1950년대 한국전쟁 시기라고 합니다 한국전쟁에 참전한 미군들을 통하여 후라이드 치킨이 한국 사람들에게 소개되었다고 하는데요 1960년대에는 국내 1호의 치킨집이라고 할 수 있는 명동에  영양센타 라는 치킨집이 세워져 치킨이 국내에 보급되기 시작했어요 영양센타 치킨집에는 전기구이 통닭을 팔았는데 이 당시에는 식용유와 같은 기름이 귀하던 시절이라닭을 튀길 만큼의 식용유가 넉넉치 못했기 못했기 때문에전기구이 조리법을 사용했을 것으로 추측돼요 1970년대에 이르러 국내에 식용유가 널리 보급이 되기 시작하면서 기름에 튀긴 통닭이 등장하기 시작했어요 1970년대 후반부터는  림스치킨 이라는 국내 1호의 프랜차이즈 치킨집이 등장하면서뒤를 이어 롯데리아  KFC에서도 치킨을 내놓았고 이때부터 국내에 치킨 인기가 가속화됐어요 1980년대 초반에는 페리카나에서 세계 어느 곳에서도 볼 수 없는양념치킨이라는 메뉴를 만들어서 선풍적인 인기를 끌기 시작했어요 오늘날의 양념치킨은 후라이드치킨과 더불어 치킨의 양대 산맥을 이루고 있어요 양념치킨만큼은 우리나라가 원조랍니다       한능검 한국사능력검정시험 한국사 옛날옛적 역사이야기 간단상식 역사공부 역사상식 일러스트 전통 역사임용 역사스타그램 음식역사 양념치킨 치킨 음식유래 어린시절 추억 맨투맨 겨울맨투맨 ootd,243.0,gaesigi_,"['#오늘의역사', '#history여러분은', '#한능검', '#한국사능력검정시험', '#한국사', '#옛날옛적', '#역사이야기', '#간단상식', '#역사공부', '#역사상식', '#일러스트', '#전통', '#역사임용', '#역사스타그램', '#음식역사', '#양념치킨', '#치킨', '#음식유래', '#어린시절', '#추억', '#맨투맨', '#겨울맨투맨', '#ootd']"
 도착지_집  BBQ  자메이카 소떡만나  24 0  중독적인 맛에 헤어 나올 수 없는  bbq   혹시 이때까지 자메이zㅏ치킨을 한 번도 먹지 않았다고 하면 믿으시겠습니까    가격대는 사악한대 달랑 닭 다리 4개 나오는게 너무하다고 생각했죠ㅋㅋ 언젠가 먹어봐야지 하다가 최근에 자메이카 신메뉴가 나왔더라구요  전에는 양이 적어서 아쉬웠는데 온전한 치킨 한 마리에 자메이카 소스가 버무려져 있다니 저의 니즈를 확실히 채워준 치킨이에요٩ ˊᗜˋ و 자메이카 소떡만나튀김 옷이 양념으로 잘 코팅되어 있어서 그론가 닭강정 같았어요  bbq의 치킨답게 최상급 육질은 남달랐아요    육질이 살아있고 부드럽고 촉촉한 살이 넘 맛있어요  고기 자체는 킹정 우리가 흔히 아는 달달하고 특유의 향신료 바베큐 맛에 매콤하면서 입에 쫙 감기는 맛이에요 소스가 자극적인 편이라서 손이 자꾸 가는 것 같아요     지점마다 소떡 개수가 다르다고 들었는데 여기는 꽤 많이 줬어요   특히 떡이 말랑말랑하니 괜찮았어요   치킨 자체로 보면 맛있기는 한데 뭔가 기대보다 평범해서 한 번 호기심으로 먹어보기 좋은 것 같아요  일단 가격 대비 이스 평범    다음에 자메이카 통다리로 먹어봐야겠어요    자메이카소떡만나치킨  자메이카통다리구이  bbq치킨  오늘뭐먹지  신메뉴  메뉴추천  배달음식  배달의민족  먹스타그램  맛스타그램  맛집리뷰  리뷰  좋반댓  먹소통  먹팔  치킨  아이폰  데이트코스  선팔하면맞팔  맞팔환영  답방가요  푸드스타그램  피드꾸미기  부산핫플,94.0,muk_running_,"['#도착지_집', '#자메이카소떡만나치킨', '#자메이카통다리구이', '#bbq치킨', '#오늘뭐먹지', '#신메뉴', '#메뉴추천', '#배달음식', '#배달의민족', '#먹스타그램', '#맛스타그램', '#맛집리뷰', '#리뷰', '#좋반댓', '#먹소통', '#먹팔', '#치킨', '#아이폰', '#데이트코스', '#선팔하면맞팔', '#맞팔환영', '#답방가요', '#푸드스타그램', '#피드꾸미기', '#부산핫플']"
 저녁메뉴  파스타  치킨 미니벨라 와 표고버섯  파프리카  파슬리  화이트와인  내가만든 I cooked  pasta with  chicken    mushroom  푸드스타그램  요리스타그램  홈쿡스타그램  집밥스타그램  집밥  먹스타그램  먹방  맛스타그램  오레곤먹방  쿡스타그램  일상  우리집식탁  foodstagram foodsaway  homecooking  cookstagram  homemade  포틀랜드,90.0,foodsaway,"['#저녁메뉴', '#파스타', '#치킨', '#화이트와인', '#내가만든', '#pasta', '#chicken', '#mushroom', '#푸드스타그램', '#요리스타그램', '#홈쿡스타그램', '#집밥스타그램', '#집밥', '#먹스타그램', '#먹방', '#맛스타그램', '#오레곤먹방', '#쿡스타그램', '#일상', '#우리집식탁', '#foodstagram', '#foodsaway', '#homecooking', '#cookstagram', '#homemade', '#포틀랜드']"
신사 계인전 보타니카      계자식 더블플래터   렉따이 이버낫                  용산에서 잠시 문을닫아 군침만 흘리고 있던 계인전에 다녀왓읍니다    치킨이야 뭐 항상 맛있다 이지만    계인전 치킨은 조금 다른거 같슴니다   유쾌하신 사장님께서 빔프로젝트 비슷한걸로 설명도 해주시는데  증말 가슴살도 촉촉하이 개마싯읍니다     전 개인적으로 치킨먹을때 다리보다 가슴부터 먹은 뻑살충인데여   계인전 가슴은 진짜 로니콜먼 가슴마냥 튼실하면서고 증말 맛나네요   또띠아에 치킨넣고 할라피뇨 넣어서 묵으면 쥑입니다    치킨버거는 먹다가 턱빠질거 처럼 큽니다요   소주 팔아서 너무 감사한 계인전     또 갈거에요          ,88.0,ramen_khaki,[]
세상 부러운 모태 마름쟁이들 특징 zip진짜 마른 사람들 너무 부러움근데 보면 마른 이유가 다 있더라    이거 너 아니냥 ۶  ᴗ   ۶ 마른사람  모태마름  날씬  다이어트  음식  치킨  피자  고기  삼겹살  과자  간식  입짧음  활동량  활동적  기름진음식  배부름  야식  운동  체질,94.0,meogeulkka,"['#마른사람', '#모태마름', '#날씬', '#다이어트', '#음식', '#치킨', '#피자', '#고기', '#삼겹살', '#과자', '#간식', '#입짧음', '#활동량', '#활동적', '#기름진음식', '#배부름', '#야식', '#운동', '#체질']"
NEW  새로움 더하기 새로움   bhc  새해엔 역시 새로운 bhc치킨 먹어주는 게 예의 아니겠냐고 2023년은 신메뉴 매콤한 레드킹 폭립 먹고 대박 행운과 올해도 불태워보자     겉바속촉_어쩔꺼야_크런치_후레이크_바삭한거_어쩔꺼야 그거_알아_몰라_ _웨지감자_같이_있어  BSR  bhc_BSR  bhc치킨  치킨이야기  치킨  레드킹  폭립  레드킹폭립  겉바속촉  폭립  크런치  크런치후레이크  후레이크  레드킹소스  매콤  웨지감자  신메뉴  신메뉴추천  bhc신메뉴  새해  치킨  치킨추천,43.0,bhc_bsr,"['#BSR', '#bhc_BSR', '#bhc치킨', '#치킨이야기', '#치킨', '#레드킹', '#폭립', '#레드킹폭립', '#겉바속촉', '#폭립', '#크런치', '#크런치후레이크', '#후레이크', '#레드킹소스', '#매콤', '#웨지감자', '#신메뉴', '#신메뉴추천', '#bhc신메뉴', '#새해', '#치킨', '#치킨추천']"
집앞 단골집에서 데이트 요기 치킨 정말 최고 양은 작지만 진짜 맛있다 매일 먹고 싶은 맛  무엇보다 강냉이도 맛있어너랑 데이트하면 늘 좋아   마음이 힐링되고완전 좋아   코코바치킨  집앞데이트  치킨  매운맛  생맥주  소주  금주  데이트  친구  우정  사랑  2023  강냉이  점심  헬린이  헬스  목표 오늘뭐먹지  맛스타그램  맛집  food  식단기록  おうちごはん  홈쿡  한식  간식  일상  소통스타그램  맘스타그램  먹스타그램  맛스타그램,83.0,jenyyon0,"['#코코바치킨', '#집앞데이트', '#치킨', '#매운맛', '#생맥주', '#소주', '#금주', '#데이트', '#친구', '#우정', '#사랑', '#2023', '#강냉이', '#점심', '#헬린이', '#헬스', '#목표', '#오늘뭐먹지', '#맛스타그램', '#맛집', '#food', '#식단기록', '#おうちごはん', '#홈쿡', '#한식', '#간식', '#일상', '#소통스타그램', '#맘스타그램', '#먹스타그램', '#맛스타그램']"
                                                                                                                                         새벽 4시에 시켜먹는 치킨은 못 참아  얻어걸린 내 다리도 한 번 보고가세요                                                                                                                        치킨  치맥  bbq치킨  하체  치팅데이  존맛탱  아난티  아난티앳강남  생일파티  운동하는남자  운동하는직장인  운동하는음악인,141.0,harry_hyukmin.violin,"['#치킨', '#치맥', '#bbq치킨', '#하체', '#치팅데이', '#존맛탱', '#아난티', '#아난티앳강남', '#생일파티', '#운동하는남자', '#운동하는직장인', '#운동하는음악인']"
 하림펫푸드  가장맛있는시간30일  가맛시  EVENT 가맛시 검색이벤트  골드멤버 4   편   가장맛있는시간30일 전용 멤버십   골드멤버  에 대해 틀린 것은  초록창에  가맛시  를 검색하면 힌트가 나와요 검색하고 정답을 맞추면 마약같은 가맛시 사료 본품부터 허니콤보와 아메리카노까지 와rrr     이벤트기간     1 24 화  까지   이벤트 참여는 프로필링크 Click  사료정기배송  정기배송사료  하림  골드멤버  웰컴키트  강아지사료  고양이사료  강아지정기배송  고양이정기배송  커피  치킨  기프티콘  치킨이벤트  가맛시30일,147.0,harimpetfood,"['#하림펫푸드', '#가장맛있는시간30일', '#가맛시', '#EVENT[가맛시', '#사료정기배송', '#정기배송사료', '#하림', '#골드멤버', '#웰컴키트', '#강아지사료', '#고양이사료', '#강아지정기배송', '#고양이정기배송', '#커피', '#치킨', '#기프티콘', '#치킨이벤트', '#가맛시30일']"
소박한상맛있는 뿌링클  소박한상  뿌링클  치킨  치맥  먹스타그램  먹소통  먹팔해요  먹스타맞팔  먹친  먹스타  먹방  먹소통환영  먹팔  먹팔환영  맛스타그램  맛집  맞팔  맞팔선팔  맞팔해요  맞팔선팔환영  맞팔은댓  맞친  맞친환영  맞팔해용  맞팔환영  좋반,70.0,s.b.hansang,"['#소박한상', '#뿌링클', '#치킨', '#치맥', '#먹스타그램', '#먹소통', '#먹팔해요', '#먹스타맞팔', '#먹친', '#먹스타', '#먹방', '#먹소통환영', '#먹팔', '#먹팔환영', '#맛스타그램', '#맛집', '#맞팔', '#맞팔선팔', '#맞팔해요', '#맞팔선팔환영', '#맞팔은댓', '#맞친', '#맞친환영', '#맞팔해용', '#맞팔환영', '#좋반']"
 23 01 09 Mon  어제자 성령이네  집들이     헬스장 스토리 보고 다들 집 맞냐며헬창부부가 사냐며 잘못 간 거 아니냐며ㅋㅋㅋㅋㅋㅋㅋㅋㅋ반응 넘 웃겼고요ㅠ집 맞구요  헬스장 공간이 따로 있답니댜  존멋    청년피자  시크릿더블크런치   신상이라 궁금했던건데 광고처럼 겉이 막 바삭하진않았어요  그럴수밖에 없죠  그래두 그 안으로 모짜렐라치즈랑 크리미한 크림치즈  무스   폴드포크가 가득 들어서  돼지맛낭낭쓰한 게 맛있더라구요  약간  타코 느낌도 나고  역쉬 토핑 부자 청피  안 드셔보신분들은 한번 드셔보세오   교촌치킨  레허반반순살  역시 진리야      치킨너겟도 귀욤   볶음우동  새우ver   궁금했던 곳에서 배민 시킨건데 맛있게 먹었답니돠  술 없이도 너무나 재밌고 맛있었음  임산부 맞춤형으로다가  슈가로로 까지 내 공구로 사논 집주인 센스쨩    여러분들도 잘 드시고계시죵 ,347.0,bbangsori,"['#집들이', '#헬스장', '#청년피자', '#시크릿더블크런치', '#돼지맛낭낭쓰한', '#타코', '#교촌치킨', '#레허반반순살', '#볶음우동', '#슈가로로']"
이도동에 위치한  시청통닭이런게 진짜 치킨이죠    제주시청 대로변에있는통닭집 정말 기가막혀요ㅠㅠㅠ대형프차 치킨은 비싸고 물리는데큼직하고 가격도착한데맛까지 넘좋은 ㄹㅇ 맛도리 치킨집영접하고왔습니다  왕갈비통닭 양념통닭반반으로 가져왔는데두마리인줄   닭이 큼직하면서 신선함이 느껴져요알고보니 염지하지않은 생닭을 이용한다네요그래서 그런지 느끼하지않고 넘나 맛난것 왕갈비통닭은 영화 극한직업보고꼭 먹어보고싶었는데 ㅋㅋㅋ오늘 소원풀음   갈비맛치킨 짱짱아숩게도 사진으로는 못담았지만감자 슬라이스튀김  치킨사이에쏙쏙 숨어있는데 요거 진짜 요물    치즈볼이랑 김말이도 써비쓰로 넣어주시고치킨도 맛 가격 다 착하고 사장님까지이리 친절하시다니   시청가면 무조건 치킨은 여기서 먹어야해요          제주시청  제주시청맛집  제주치킨맛집  제주살이  제주도민맛집  제주도민  찐도민  도민추천  이도이동  제주한달살기  먹스타  제주먹스타  맛있다그램  제주먹팔  먹팔해요  먹스타맞팔  맞팔해요  먹소통  소통  일상  먹  맛  치킨  제주치킨  시청치킨  제주시청통닭  냠스타그램,150.0,jeju_younchelin,"['#시청통닭이런게', '#제주시청', '#제주시청맛집', '#제주치킨맛집', '#제주살이', '#제주도민맛집', '#제주도민', '#찐도민', '#도민추천', '#이도이동', '#제주한달살기', '#먹스타', '#제주먹스타', '#맛있다그램', '#제주먹팔', '#먹팔해요', '#먹스타맞팔', '#맞팔해요', '#먹소통', '#소통', '#일상', '#먹', '#맛', '#치킨', '#제주치킨', '#시청치킨', '#제주시청통닭', '#냠스타그램']"
칼칼한 국물맛과 오동통한 명품 미도 부산어묵탕 생각날때 달밤이죠     따스함이 느껴지는 소중하고 행복한 하루 보내세요   달밤치킨 부산미도어묵탕맛집 영등포역1번출구 신길역3번출구 영등포공원앞 영등포공원맛집 영등포역맛집 신길역맛집 영등포치킨맛집 순살파닭 골뱅이쫄면맛집 오뎅떡볶이맛집 치맥 치킨 생맥주맛있는집 소주 커플맛집 혼술 일상 소통환영 팔로우해요 맞팔 소통해요 팔로우환영 먹팔해요 좋아요 인스타,62.0,moonlight_chicken,"['#달밤치킨', '#부산미도어묵탕맛집', '#영등포역1번출구', '#신길역3번출구', '#영등포공원앞', '#영등포공원맛집', '#영등포역맛집', '#신길역맛집', '#영등포치킨맛집', '#순살파닭', '#골뱅이쫄면맛집', '#오뎅떡볶이맛집', '#치맥', '#치킨', '#생맥주맛있는집', '#소주', '#커플맛집', '#혼술', '#일상', '#소통환영', '#팔로우해요', '#맞팔', '#소통해요', '#팔로우환영', '#먹팔해요', '#좋아요', '#인스타']"
맵찔이도 폭풍흡입하는   고추바사삭   볼케이노   오늘은 굽네치킨입니다    배달  굽네치킨제 최애치킨인 굽네치킨 고추바사삭은 왜 매일 땡기는거죠 더 매운게 땡길땐 볼케이노와 함께 행복한 고민에 빠집니다  그렇다고 반반시키기엔 튀김옷이 없는 굽네 특성상 양이 적다  괜찮아요 한마리   한마리 세트가 있으니까요총 두마리가 오는 세트 구성이라니요 이 구성 매우 칭찬합니다  볼케이노는 치밥으로 유명하죠  볼케이노 시키면 마그마소스는 항상 따로 주는데 이거 진짜 맘에 들더라구요너무 맵지도 않고 맵찔이들도 충분히 맛있게 먹을 수 있어요  고추바사삭은 고블링 마블링 소스가 진짜 존맛탱  ㅠㅠㅠㅠㅠ오늘 저녁 치맥은 굽네치킨으로 해야겠어요      굽네치킨 치 치 세트  32 000  우뉴_배달 배달음식  배달맛집  고추바사삭  볼케이노  굽네치킨메뉴,532.0,wooo_new,"['#굽네치킨제', '#우뉴_배달', '#배달음식', '#배달맛집', '#고추바사삭', '#볼케이노', '#굽네치킨메뉴']"
2023 01 02 04 식사와 야식  간식   생각보다 얼마 안먹었구나       소식해야지  먹스타그램  팔로우  선팔  일상  치킨  데일리  daily  맛있다그램  제주도맛집  한끼  음식사진  먹스타맞팔  핫도그  맛스타그램  요리  먹스타  좋아요  식사  instafood  foodstagram  먹팔  foodie  foodpics  제주  yummy  음식  맞팔  오늘뭐먹지  제주도  짜장면,43.0,godyaosdy,"['#먹스타그램', '#팔로우', '#선팔', '#일상', '#치킨', '#데일리', '#daily', '#맛있다그램', '#제주도맛집', '#한끼', '#음식사진', '#먹스타맞팔', '#핫도그', '#맛스타그램', '#요리', '#먹스타', '#좋아요', '#식사', '#instafood', '#foodstagram', '#먹팔', '#foodie', '#foodpics', '#제주', '#yummy', '#음식', '#맞팔', '#오늘뭐먹지', '#제주도', '#짜장면']"
아줌마 잘먹지  혼쟈  혼밥  혼술  비빔밥  김치찌개  마라탕  탕화쿵푸  마라탕먹다혈관막히겠누  김밥  라면  필승조합  파스타  치킨  뼈해장국  고래감자탕  뽕사부  소주  맥주  쏘맥  중국집  짜장면  탕수육  프로혼술꾼  프로해장러  프로혼술러  프로혼밥러  다혼자먹음  편하고  외롭네,46.0,yes.honsul,"['#혼밥', '#혼술', '#비빔밥', '#김치찌개', '#마라탕', '#탕화쿵푸', '#마라탕먹다혈관막히겠누', '#김밥', '#라면', '#필승조합', '#파스타', '#치킨', '#뼈해장국', '#고래감자탕', '#뽕사부', '#소주', '#맥주', '#쏘맥', '#중국집', '#짜장면', '#탕수육', '#프로혼술꾼', '#프로해장러', '#프로혼술러', '#프로혼밥러', '#다혼자먹음', '#편하고', '#외롭네']"
오늘도 순살싸다리분식에서다양한 순살치킨을 합리적으로     깐풍   바삭어니언스노우   달콤양념   크림치즈   고추간장   데리 크림합리적인 가격에 만나는 치킨 분식 오늘도 배달앱에서 만나요     순살싸다리분식  순살싸다리  싸다리분식  치킨  치킨맛집  분식  분식맛집  떡볶이맛집  순살치킨맛집  순살치킨  순살맛집  옛날떡볶이맛집  옛날떡볶이  치킨추천  떡볶이추천,105.0,ssadari_chicken_n_bunsik,"['#순살싸다리분식', '#순살싸다리', '#싸다리분식', '#치킨', '#치킨맛집', '#분식', '#분식맛집', '#떡볶이맛집', '#순살치킨맛집', '#순살치킨', '#순살맛집', '#옛날떡볶이맛집', '#옛날떡볶이', '#치킨추천', '#떡볶이추천']"
흰 눈 사이로 썰매를 타고    달리기 전에 꼭 먹어줘야 하는 가마치즈치킨    스노윙가마치즈볼   추운 겨울 가마치 즈 시리즈로더욱더 낭만있게 보내보세요   추워도_치킨은_못참지,266.0,gamachi_official,"['#가마치즈치킨', '#스노윙가마치즈볼', '#추워도_치킨은_못참지']"
   23 1 123년 첫술     집에서 소소한 술상 KFC 올데이치킨나이트 치킨나이트 갓양념블랙라벨치킨 치킨 술스타그램 안주 안주스타그램 먹스타그램 맛스타그램 소주 와인 그린와인 wine,46.0,drinker100,"['#집에서', '#소소한', '#술상', '#KFC', '#올데이치킨나이트', '#치킨나이트', '#갓양념블랙라벨치킨', '#치킨', '#술스타그램', '#안주', '#안주스타그램', '#먹스타그램', '#맛스타그램', '#소주', '#와인', '#그린와인', '#wine']"
每當我想食韓式炸雞既時候  好多時第一時間都諗起李家 李家除左係作為香港第一代既炸雞店 成功帶起炸雞熱潮之外 仲因為我第一次喺香港食韓式炸雞就係食李家 所以成為左我心中永遠既No 1   自選半半炸雞 原味 醬油味  佢除咗有先set好咗嘅半半炸雞之外 其實仲可以自選雙併 非常貼心 仲有無骨雞可以簡tim ar  我朋友最愛原味 而我因為想試下醬油味 只可以簡有骨雞 不過其實都係啖啖肉 炸雞炸得超香脆  平時食kfc話打我一定唔食皮   但呢度嘅炸雞皮實在太香呀  我全部都食曬  外脆內軟充滿肉汁 原味可以食到 雞有雞味  另外有個特製醬可以比你沾住食 個醬真係勁正 小小甜辣帶有蒜香 勁惹味 而韓式醬油味係以生炸既方式去炸 無左個層炸皮好似無咁熱氣  炸雞被醬油包裹住 充滿醬香味但陣唔會死咸 都幾好食 芝士 韓式鳳爪 薯塊 我成日睇YouTube見人地食韓國野都會介紹呢隻可以拉到超長既烤芝士 原來呢度都有   唔知有冇人同我一樣都係好鍾意食韓式鳳爪  之前去廣藏市場 我一定會點無骨鳳爪嚟食  係香港成日都搵唔到 呢度都一樣有 我最想食嘅兩樣combine埋一齊   呢度既鳳爪比韓國多咗中間個一支大骨 我諗係因為要方便比你用黎黎卷芝士  味道同韓國食既一樣 因為呢度既廚師都係由韓國過黎既  夠晒正常 鳳爪食落好Q彈 微微碳香 加上芝麻 感覺食左好多膠原蛋白落肚 用芝士卷起再一啖食晒佢 變成另一種風味 一份美食 雙重享受 食炸雞點少得啤酒  呢度仲有一大筒個隻啤酒 一班朋友黎既話真係超岩  不過我地呢日係中午黎食 所以就唔飲酒住啦 嗌左2杯梳打 西柚梳打同蘋果梳打 微甜真係太好啦 原來炸雞同汽水都好match ga   好味指數  8 5 10李家  山林道 尖沙咀山林道54 56號利雅商業大廈地下2號舖 friedchicken  炸雞  韓式炸雞  치킨,84.0,piepie_love_pie,"['#friedchicken', '#炸雞', '#韓式炸雞', '#치킨']"
 譚仔三哥 最近又有新出品 推出左酸香Q彈嘅 三酸撈薯粉  仲有用秘製沙薑汁調配嘅小食 芝麻沙薑雞丁海蜇 同香甜滋味特飲 奶蓋芒果蒟蒻椰香金露   三酸撈薯粉 可以揀自己鍾意嘅食材 我揀咗冬菇同墨丸 掛汁紐紋薯粉再加上芝麻脆辣椒 黑芝麻薄脆 花生 芫茜 蔥花同芽菜等配料 啖啖香口吸引 用老牌陳醋 精煉麻椒同鮮辣椒秘製嘅三酸汁 酸辣得嚟好有層次感 10小辣食起上嚟比平時強勁 小食 芝麻沙薑雞丁海蜇 雞肉切到一口大細 粒粒入口嫰滑 加埋青瓜同海蜇好爽口 秘製嘅沙薑醬鹹香入味 仲有辣同唔辣可以揀 特飲 奶蓋芒果蒟蒻椰香金露 充滿左芒果同椰子嘅甜美果香 芝士乳酪奶蓋打得幼細綿密 芒果蒟蒻珠Q彈有咬口 甜度啱啱好 解辣一流 新產品供應期有限 大家快D嚟試下啦 三酸撈薯粉 連2款 6 食材   45 Potato Starch Noodles Mixed in San Suan Sauce芝麻沙薑雞丁海蜇   22 Diced Chicken   Jellyfish Tossed in Sesame   Sand Ginger Sauce奶蓋芒果蒟蒻椰香金露 加配價   13 Mango Coconut Drink with Milk Foam   Konjac Jelly譚仔三哥米線  tamjai_samgorTamJai SamGor Mixian coffreestains  咖啡痕  三酸撈薯粉  拌麵  まぜそば  芝麻沙薑雞丁海蜇  海蜇  雞  chicken  チキン  치킨  奶蓋芒果蒟蒻椰香金露  芒果  mango  マンゴー  망고  奶蓋  milkcap  milkfoam  麻辣  spicy  chili  辛い  譚仔三哥  譚仔三哥米線  tamjaisamgor  Come撈乜都得  hkfoodie  hkfoodporn  foodiehk,339.0,coffreestains,"['#coffreestains', '#咖啡痕', '#三酸撈薯粉', '#拌麵', '#まぜそば', '#芝麻沙薑雞丁海蜇', '#海蜇', '#雞', '#chicken', '#チキン', '#치킨', '#奶蓋芒果蒟蒻椰香金露', '#芒果', '#mango', '#マンゴー', '#망고', '#奶蓋', '#milkcap', '#milkfoam', '#麻辣', '#spicy', '#chili', '#辛い', '#譚仔三哥', '#譚仔三哥米線', '#tamjaisamgor', '#Come撈乜都得', '#hkfoodie', '#hkfoodporn', '#foodiehk']"
 협찬  바핏크루 제리식단  아침식단오늘은 화아앙금 치즈데이라면서요 머드 멜로우치즈스콘으로 화요일 시작하기짭짤하고 부드럽고 요거트랑 같이 먹으니 찰떡 그냥 스콘만 먹기 아쉬우니까 바르닭 버팔로윙 데리야끼맛 꺼내서 에프굽해주고 단짠단짠 조합으로 오늘 아침 해결  바르닭  바핏크루2기  바핏크루_제리  바르닭서포터즈  barudak_official  머드스콘  mudscone,108.0,jerry.dddd,"['#협찬', '#바핏크루', '#제리식단', '#아침식단오늘은', '#바르닭', '#바핏크루2기', '#바핏크루_제리', '#바르닭서포터즈', '#머드스콘']"
와 여기 진짜 너무 맛있네친구들이랑 완전 제대로 푸파함ㅋㅋ부담없이 먹을 수 있어서 좋음 ㅋㅋ 화락바베큐치킨노원공릉점     노원맛집  과기대맛집  배민  배달  공릉맛집화락바베큐치킨  요기요  공릉동맛집  쿠팡이츠  공릉맛집  배달음식추천  치킨,113.0,ssg_ig.kr,"['#화락바베큐치킨노원공릉점', '#노원맛집', '#과기대맛집', '#배민', '#배달', '#공릉맛집화락바베큐치킨', '#요기요', '#공릉동맛집', '#쿠팡이츠', '#공릉맛집', '#배달음식추천', '#치킨']"
وجبة لذيذه            وجبتكم المفضله     رايك بالصوره      حسنة لك       تصوير  تصوير  تصوير_منتجات  بروستد_كي  شمبك  일상  먹방  치킨  اكسبلور  اكسبلور_explore  explore  foryou  اكل  أكل  اكلات_سريعه  اكلات_سريعه  لذيذ  لذيذه  لذيذة,77.0,haya_1q2,"['#تصوير', '#تصوير', '#تصوير_منتجات', '#بروستد_كي', '#شمبك', '#일상', '#먹방', '#치킨', '#اكسبلور', '#اكسبلور_explore', '#explore', '#foryou', '#اكل', '#أكل', '#اكلات_سريعه', '#اكلات_سريعه', '#لذيذ', '#لذيذه', '#لذيذة']"
식탁이있어도 우린 앉은뱅이ㅋㅋ치킨한만리반 한달전만해도 한마리못먹었었는데  너무커버린 내보물들 거기에 조금거드는 울집가장  치킨 한마리반 내보물들 사랑해,79.0,yun_daeng1,"['#치킨', '#한마리반', '#내보물들', '#사랑해']"
방군이 소개하는 여수맛집  공화동 촌닭이두마리      061 662 9995   전남 여수시 충민로 271    촌닭세트 17 000원    공화동 여수중학교 근처에 있는 치킨 맛집    포장만 되는줄 알았는데 홀 넓어서 놀램    방군이 좋아하는 피규어 많아서 분위기 좋음    일단 소주맥주 4천원 가격 아주 맘에 듬    치킨 똥집 닭발 종합선물세트    여기 사장님이 튀김 장인이심    바사삭 소리에 계속 손이 가요 손이가    추억의 양배추 샐러드도 계속 리필    배달은 안되고 포장은 15분전에 전화하고 가세요   재방문 의사 90 프로   여수 현지인 총각이 전하는 맛있는 이야기   유튜브    여수총각방군TikTok    여수총각방군블로그    방군의 세상 참 맛있다   먹팔  먹스타그램  맛스타그램  맛집  맛집추천  맛집소개  여수맛집  여수추천맛집  여수현지인맛집  여수로컬맛집  여수노포맛집  여수밥집  여수술집  공화동맛집  촌닭이두마리  여수촌닭이두마리  촌닭세트  치킨  똥집  닭발  치킨맛집  여수치킨맛집  여수튀김맛집  여수먹방  여수총각방군  여수방군  방군  방군의세상참맛있다,94.0,banggun84,"['#먹팔', '#먹스타그램', '#맛스타그램', '#맛집', '#맛집추천', '#맛집소개', '#여수맛집', '#여수추천맛집', '#여수현지인맛집', '#여수로컬맛집', '#여수노포맛집', '#여수밥집', '#여수술집', '#공화동맛집', '#촌닭이두마리', '#여수촌닭이두마리', '#촌닭세트', '#치킨', '#똥집', '#닭발', '#치킨맛집', '#여수치킨맛집', '#여수튀김맛집', '#여수먹방', '#여수총각방군', '#여수방군', '#방군', '#방군의세상참맛있다']"
呢日去朋友屋企開party  想買啲韓國嘢加餸   睇睇下原來發現火炭都有Yadllie Plate Express  yadlliehongkong   仲可以OpenRice外賣自取下單 真係啱晒我 買咗好豐富嘅二人套餐  288   鮮蝦水耕沙律  沙律大份又足料 有6隻大蝦 半隻蛋 沙律菜 車厘茄 三色椒粒同燒粟米 泡菜豆腐湯 泡菜湯惹味又足料 飲完成個胃暖晒  醬油蓮耦 開胃又爽脆 辣魷魚 正宗韓國的味道 又辣又彈牙  牛肉紫菜飯卷 色彩繽紛 好睇又好食 蔥味炸雞  有骨 拎到去朋友屋企仍然又暖又香脆 雞肉好嫩滑juicy 但唔太食到蔥味   Yadllie Plate Express 야들리애플래이트  火炭 火炭坳背灣街41 43號安華工業大廈2樓C號舖 yadllieplatehk  旺角美食  火炭美食  韓式烤雞  外賣自取  openrice外賣自取  openrice  hkfoodie  foodiehk  foodie  foodporn  foodiegram  instafood  photooftheday  foodpics  打卡  相機食先  yummy  炸雞  party  양념치킨  치킨   치맥  hk  hkig  friedchicken  food,87.0,good.fooddiary,"['#yadllieplatehk', '#旺角美食', '#火炭美食', '#韓式烤雞', '#外賣自取', '#openrice外賣自取', '#openrice', '#hkfoodie', '#foodiehk', '#foodie', '#foodporn', '#foodiegram', '#instafood', '#photooftheday', '#foodpics', '#打卡', '#相機食先', '#yummy', '#炸雞', '#party', '#양념치킨', '#치킨', '#hk', '#hkig', '#friedchicken', '#food']"
 굽네치킨 고추바사삭   매콤짭짤      소스에 찍어먹으니 넘모 맛나요    치킨 굽네 매운치킨 치맥 치소 치소맥 맛스타 먹스타 맛스타그램 먹스타그램 술스타 술스타그램 맛팔 맞팔 먹팔 일상 소통 치쏘 굽네고추바사삭    매운음식 매운맛 굽네바사삭 굽네는사랑입니다 치킨추천 식단,47.0,yeena_muck,"['#굽네치킨', '#고추바사삭', '#🍗', '#매콤짭짤', '#치킨', '#굽네', '#매운치킨', '#치맥', '#치소', '#치소맥', '#맛스타', '#먹스타', '#맛스타그램', '#먹스타그램', '#술스타', '#술스타그램', '#맛팔', '#맞팔', '#먹팔', '#일상', '#소통', '#치쏘', '#굽네고추바사삭', '#🌶️', '#매운음식', '#매운맛', '#굽네바사삭', '#굽네는사랑입니다', '#치킨추천', '#식단']"
1월 9일 월요일  오운완월요일 하체 하고 점심 식단까지 잘했는데  오트밀닭가슴살죽 포항으로 이사간 친구가 급 삼척여행 왔다고 해서 저녁에 벙개모임  족발  치킨  골뱅이소면  막국수  난리남     다이어트는내일부터지 공복유산소당첨 운동기록레그레이즈 상체업  30 4set스미스 바벨백스쿼트 20 15 25 12 15 30 10 35 5 30 8 6set불가리안스플릿스쿼트 15 4set덤벨와이드스쿼트 20 15 5set파워레그프레스 40 15 80 12 3s 4set라잉레그컬 20 15 12 10 18 4set트레드밀 35min 운동하는엄마  운동하는여자  운동소통  운동맞팔  웨이트,91.0,hwajung99,"['#오운완월요일', '#오트밀닭가슴살죽', '#족발', '#치킨', '#골뱅이소면', '#막국수', '#난리남', '#🥲🤣', '#다이어트는내일부터지', '#공복유산소당첨', '#운동기록레그레이즈(상체업)', '#운동하는엄마', '#운동하는여자', '#운동소통', '#운동맞팔', '#웨이트']"
 페리카나  매운양념치킨  양념치킨  2마리  치킨  간식  먹스타그램  맛스타그램  콜라  펩시오랜만에 고기를먹었다    갓 나온 따끈따끈한 치킨    매운양념과 일반양념 튀김옷이 바삭바삭한게 식욕을 쫙 끌어올려준다  매일 감사히얻어먹었다,103.0,ljd2995,"['#페리카나', '#매운양념치킨', '#양념치킨', '#2마리', '#치킨', '#간식', '#먹스타그램', '#맛스타그램', '#콜라', '#펩시오랜만에', '#매일', '#감사히얻어먹었다']"
 충효닭집   후라이드 19000원  닭강정  간장  땡초간장 21000원 뼈 순살 선택경주로 가족여행 다녀왔는데 충효닭집이 맛있다는 정보를 접하고 충효닭집으로 달려갔어요 닭강정  땡초간장 둘 다 순살로 샀어요 여행중이라 점심에 사서 저녁에 먹으니 닭강정은 그나마 바삭한    단단한 느낌이 있었지만땡초간장은 닭강정이 아니여서 그런지 눅눅   해져서 아쉬웠어요ㅠㅠㅠ그래서인지 저는 닭강정이 달달하니 더 맛있더라구요 근데 사자마자 한입 먹어봤었는데 그땐 정말 맛있었거든요  ㅠㅠㅠㅠㅠ혹시 드시게 된다면 사자마자 바로 드세요     저도 다음엔 꼭 바로 먹을겁니다 ㅎㅎㅎ 경주  충효닭집  닭강정  닭강정맛집  치킨  맛집  치킨맛집  맛집추천  맛집스타그램  먹스타  먹방  먹팔  먹스타맞팔  먹방스타그램  먹팔맞팔  먹팔해요  먹팔환영  선팔하면맞팔,73.0,food._.go_,"['#경주', '#충효닭집', '#닭강정', '#닭강정맛집', '#치킨', '#맛집', '#치킨맛집', '#맛집추천', '#맛집스타그램', '#먹스타', '#먹방', '#먹팔', '#먹스타맞팔', '#먹방스타그램', '#먹팔맞팔', '#먹팔해요', '#먹팔환영', '#선팔하면맞팔']"
 휴게소음식휴게소 음식 국룰 라면과 우동아닌가요   해외여행끝나고 입국하자마자 바로 먹은뜩근한 우동과 라면은 정말 사랑이네요  하하 인친님들의 휴게소 최애 메뉴는    ෆ   ෆ   ෆ   ෆ   맛스타그램 맛집추천 맛집탐방 포항맛집 포항여행 포항가볼만한곳 포항핫플 포항 포항카페 포항술집 영일대맛집 영일대해수욕장 치킨맛집 소통 먹팔 먹스타맞팔 먹팔맞팔 해운대맛집 영일대해수욕장맛집 치킨 포항시내맛집 쌍사술집 라면 우동맛집  likeforlikes likeforfollow I4I f4f fff,61.0,yum2_yom2,"['#휴게소음식휴게소', '#맛스타그램', '#맛집추천', '#맛집탐방', '#포항맛집', '#포항여행', '#포항가볼만한곳', '#포항핫플', '#포항', '#포항카페', '#포항술집', '#영일대맛집', '#영일대해수욕장', '#치킨맛집', '#소통', '#먹팔', '#먹스타맞팔', '#먹팔맞팔', '#해운대맛집', '#영일대해수욕장맛집', '#치킨', '#포항시내맛집', '#쌍사술집', '#라면', '#우동맛집', '#likeforlikes', '#likeforfollow', '#I4I', '#f4f', '#fff']"
야식으로 교촌치킨   생맥주     치킨맛집 교촌치킨      일상  일상스타그램  풍경스타그램  일상스냅사진  travelgram  travelphotographer  캠핑요리  먹방  먹스타  먹스타그램  사진계정맞팔  사진소통환영  일상소통맞팔  일상소통환영  좋아요그램  좋아요반사테러  먹팔해요  먹팔  먹팔환영  먹팔맞팔  팔로우  선팔  맞팔  선팔하면맞팔  선팔맞팔  맞팔환영  치맥  야식  치킨  냠냠,138.0,baby1126426,"['#일상', '#일상스타그램', '#풍경스타그램', '#일상스냅사진', '#travelgram', '#travelphotographer', '#캠핑요리', '#먹방', '#먹스타', '#먹스타그램', '#사진계정맞팔', '#사진소통환영', '#일상소통맞팔', '#일상소통환영', '#좋아요그램', '#좋아요반사테러', '#먹팔해요', '#먹팔', '#먹팔환영', '#먹팔맞팔', '#팔로우', '#선팔', '#맞팔', '#선팔하면맞팔', '#선팔맞팔', '#맞팔환영', '#치맥', '#야식', '#치킨', '#냠냠']"
웁쓰    인스타툰  일상툰  그림일기  그림에세이  취미그림  아이패드드로잉  다이어트  운동  스쿼트  치킨  윤꾸리툰  윤꾸리의일상,93.0,ggggguri_u,"['#인스타툰', '#일상툰', '#그림일기', '#그림에세이', '#취미그림', '#아이패드드로잉', '#다이어트', '#운동', '#스쿼트', '#치킨', '#윤꾸리툰', '#윤꾸리의일상']"
돈까스집에서 통닭을 판다   오징어튀김도    또간다 서울  여의도 여의도돈가스  여돈호프 치킨  옛날통닭  19000 생맥  3500,52.0,foodie_janny,"['#서울', '#여의도', '#여의도돈가스', '#여돈호프', '#치킨', '#옛날통닭', '#19000', '#생맥', '#3500']"
오늘 상경해서 간만에 둠칫둠칫  영기오빠껀 언제나 넘 신나고 즐거운데 넘나 힘들다    ㅋㅋㅋㅋㅋ저렇게 움직이면서 라이브하는 오빠가 새삼 대단쓰  고생한다며 간식 사준 오빠 감사해여    노브랜드 버거 첨 먹어보는데 넘나 맛있음     잘 먹었습니다    퇴근 후 떡볶이랑 취킨도 맛있게 잘 먹었어요  고맙쿄  상경  오랜만에  연습실  둠칫둠칫  연습  즐겁나  신난다  힘들다  대단해  영기  잘먹었습니다  노브랜드  햄버거  감자튀김  첫경험  너무맛있어  감사합니다  퇴근후  치킨  떡볶이  야식  고맙쿄,80.0,kmj_sm_hyj,"['#상경', '#오랜만에', '#연습실', '#둠칫둠칫', '#연습', '#즐겁나', '#신난다', '#힘들다', '#대단해', '#영기', '#잘먹었습니다', '#노브랜드', '#햄버거', '#감자튀김', '#첫경험', '#너무맛있어', '#감사합니다', '#퇴근후', '#치킨', '#떡볶이', '#야식', '#고맙쿄']"
 진푸드  야식  치킨  의왕맛집  오늘은  교촌치킨 이것도 먹고 싶고 저것도 먹고 싶을 땐 반반   ,117.0,zyn_food,"['#진푸드', '#야식', '#치킨', '#의왕맛집', '#교촌치킨']"
 D 76  오늘 N줄일기1  어제 미처 다 못끝낸 문제의 나머지 분량   오늘 껀 지금 시작할거2  노트북 사양 업글하려고 아침에 당근으로 부품 사러 다녀옴3  이제서야 첨 먹어본거 찐따같긴 한데 우유사러 갔다가 팔길래 4  카카오랑 LG에너지솔루션은 지금 사도 안늦습니다 ㄱㄱ하셈5  미세먼지 많은 거 맞음  오늘 하늘 맑고 따뜻하고 예뻤음6  중요한건 떡볶이 국물에 찍어먹는 치킨  떡볶이는 필요없다7  두 달 만에 미용실 예약  거지존 탈출 거의 다왔다ㅠㅠ,77.0,pol_junee,[]
치킨먹자  야식은 치킨이지       일상 저녁 야식 내돈내산 치킨 교촌치킨 교촌콤보웨지감자세트 먹스타 맛스타그램 요리 음식 집밥 홈쿡 간식 배달 배달음식 요리스타그램 집밥스타그램 저녁스타그램 야식스타그램 간식스타그램 치킨스타그램 주부스타그램 맘스타그램,328.0,miyo_523,"['#일상', '#저녁', '#야식', '#내돈내산', '#치킨', '#교촌치킨', '#교촌콤보웨지감자세트', '#먹스타', '#맛스타그램', '#요리', '#음식', '#집밥', '#홈쿡', '#간식', '#배달', '#배달음식', '#요리스타그램', '#집밥스타그램', '#저녁스타그램', '#야식스타그램', '#간식스타그램', '#치킨스타그램', '#주부스타그램', '#맘스타그램']"
최애 치킨버거 롸카두들  클래식버거  그랜파버거,40.0,bluecaramelice,"['#롸카두들', '#클래식버거', '#그랜파버거']"
굽네 치킨              다들 치킨 좋아해 ,47.0,junie._.768,[]
韓国チキンが最近ずっと食べたくて 今日やっと夕食に作りました   連日揚げ物です ピザは市販のものを焼いただけです ちなみにストーリーのカツ丼はお昼ご飯なので誤解しないでください 笑 ヤンニョムチキンのソースも作ってみたのですが 最初に味見をした時 美味しいのですが私にはからくて咳き込みました 笑 次からはもう少しコチュジャンを控え目に入れます それでも 美味しくて大好きな食べ物です  치킨 만들었어요너무 좋아     ᗜ     韓国料理  friedchicken  치킨  料理  cooking  요리  おうちごはん,159.0,mdjfucjdu,"['#韓国料理', '#friedchicken', '#치킨', '#料理', '#cooking', '#요리', '#おうちごはん']"
 펀비어킹   용인 수지구청점  통오징어한판떡볶킹 21900원 수지에 원래 잇엇는데 없어지고 따른곳에 생겨서 새가게 냄새가 나요  통오징어한판떡볶킹은 떡볶이 치킨 새우볼 오징어튀김이 한판에 다 모은거예요  그래서 여러가지 먹고싶은분들은 좋아할것같아요   떡볶이는 쌀떡느낌이고 매콤해서 굿굿ㅎㅎ 떡볶이 많이 들어잇어요  통오징어 짱맛탱   새우볼도 맛잇구 치킨도 굿굿  양념소스는 마늘 듬뿍 넣은맛   수지술집  수지구청역술집  펀비어킹  통오징어한판떡볶킹  떡볶이  치킨  새우볼  오징어튀김,73.0,luv._.daily3,"['#수지술집', '#수지구청역술집', '#펀비어킹', '#통오징어한판떡볶킹', '#떡볶이', '#치킨', '#새우볼', '#오징어튀김']"
 월요일 저녁밥상 집밥    먹스타그램 맛스타그램 맛있다그램 집밥스타그램 교촌치킨 치킨    감자볶음 된장찌개 제육볶음 무생채 깻잎 무말랭이 총각김치 미역 밥 도둑 ,162.0,gyeongmi9978,"['#월요일', '#저녁밥상', '#집밥', '#먹스타그램', '#맛스타그램', '#맛있다그램', '#집밥스타그램', '#교촌치킨', '#치킨', '#감자볶음', '#된장찌개', '#제육볶음', '#무생채', '#깻잎', '#무말랭이', '#총각김치', '#미역', '#밥']"
안녕하세요 인님들    맛난 저녁먹고 빨래돌리고  침대누워 쉬니까 아 요런 맛도리스러운 하루도 없더이다     잘먹아    는 오늘  햇반 에  굽네치킨  고추바사삭  킴스오아시스순살간장찜닭  두부볼 요렇게 저녁했어요 아주 맛있게 해치웠네요  킴스오아시스 앱은 이번에 이벤트 당첨되어서 이용해봤는데요  약간 마켓컬리 비슷한 갬성인 앱인데 신생앱인거같아요 종류도 많고 뭣보다 할인을 은근히 많더라고요         3만원이상 무료배송이라 쓱쓱 담았는데 나머지 음식들도 기대가 됩니다 곧 또 올릴거에요   일단 생각했던거보다 괜찮아서 놀랐어요ㅋㅋ 양도 적당하고 가격도 나름 무난해서   케케그리고 굽네치킨 고추바사삭은 제  소울푸드 에용ㅋㅋㅋㅋ  마블링소스 짱맛인거 아시죠 전 맨날 소스 두개 마블링으로 바꿔달라고 해요     마요네즈 발명 누가했냐 진짜   상줘야함 두부볼은 왠지 먹을때마다  두부 라는 생각에  저칼로리   살안찐다   라는 생각이 들어요 그래서 많이 먹었어요     아 이거 쓰다가 까먹었던 과민성대장증후군 약먹고옴ㅋㅋ 케찹 촵촵 뿌려먹으면  맛도리 지용   배부르게 잘 먹으니 기부니가 좋네요  아직 저녁 안드신 인님들  맛저 하세요     먹팔좋아요  킴스오아시스  찜닭  치킨  chicken  밥상  반찬  집밥  집밥스타그램  식단  도시락  먹스타  좋반  한식  맞팔  먹팔  먹스타그램  잘먹는아가씨  ,88.0,food.makes.woman,"['#햇반', '#굽네치킨', '#고추바사삭', '#킴스오아시스순살간장찜닭', '#두부볼', '#킴스오아시스', '#소울푸드', '#마블링소스', '#마요네즈', '#두부', '#저칼로리', '#맛도리', '#맛저', '#먹팔좋아요', '#킴스오아시스', '#찜닭', '#치킨', '#chicken', '#밥상', '#반찬', '#집밥', '#집밥스타그램', '#식단', '#도시락', '#먹스타', '#좋반', '#한식', '#맞팔', '#먹팔', '#먹스타그램', '#잘먹는아가씨👧🏻']"
 치콜 좋아하는 반반윙 치킨 치콜 수다 밤공기 너랑나랑,105.0,woorridoorri,"['#치킨', '#치콜', '#수다', '#밤공기', '#너랑나랑']"
 익산_페리카나추억의 페리카나 옛날 치킨이 땡겨서 시켰는데 너무 옛날맛 그대로임 살짝 얇은듯한 튀김에 달달한 양념까지   맥주랑 같이 먹으니깐 극락이 따로 없음양배추샐러드에 케요네즈 뿌려주시는 것도 너무 좋았음옛날에 페리카나 노래도 엄청 불렀었는뎅      다리반반 20 0,51.0,mat_.dori_,['#익산_페리카나추억의']
퇴근후 소소한 저녁식사     존맛 저녁 존맛탱 맛있다그램 라면 운동하는여자 운동하는남자 운동스타그램 일상소통 저녁메뉴 먹팔 테니스 오운완 instaphoto 먹팔 푸드스타그램 먹방 맛스타그램 맞팔 선팔 tennis 좋아요 첫줄 피드 instadaily 데일리 daily 셀카 like food 치킨,75.0,weonjongmin7,"['#존맛', '#저녁', '#존맛탱', '#맛있다그램', '#라면', '#운동하는여자', '#운동하는남자', '#운동스타그램', '#일상소통', '#저녁메뉴', '#먹팔', '#테니스', '#오운완', '#instaphoto', '#먹팔', '#푸드스타그램', '#먹방', '#맛스타그램', '#맞팔', '#선팔', '#tennis', '#좋아요', '#첫줄', '#피드', '#instadaily', '#데일리', '#daily', '#셀카', '#like', '#food', '#치킨']"
 일상 주말 7시 20분 출발모닝 풋살 2시간 친구와 사우나 친구와 점심 부대찌개 친구와 커피 친구와 집와서 마감 하나 때리고1시간 오침저녁 치맥 친구와 마무리 코노 친구와  얼마나 알찬 하루인지    이날특 이러니 요즘 젊은 친구들이결혼을 안하지    한국  일상  주말  풋살  사우나  커피  부대찌개  치킨  맥주  노래방  아카홀릭  akaholic  daily  weekend  soccer  sauna  chicken  beer  karaoke  korea,60.0,a.k.a.holic,"['#한국', '#일상', '#주말', '#풋살', '#사우나', '#커피', '#부대찌개', '#치킨', '#맥주', '#노래방', '#아카홀릭', '#akaholic', '#daily', '#weekend', '#soccer', '#sauna', '#chicken', '#beer', '#karaoke', '#korea']"
 야식밥을 두공씩이나 먹은 삼형제ㅎㅎ오늘은 내가 치킨이먹고파서야식으로 선물받은 뿌링클  너무너무 맛있고만  잘먹었어잉   그리고 셋다 꿈나라 육퇴하심   크하하  행복  ㆍㆍㆍㆍㆍ 잘먹고  잘자고  잘싸고 열심히성장중  삼형제  아들셋  다둥이네  아들스타그램 육퇴  야식  뿌링클  치킨 야식그램  야식메뉴  아들둥이  일상기록  일상스타그램 일상소통  좋아요반사  소통환영  맞팔  맞팔선팔  맞팔선팔환영  맞팔환영  맛있다그램  먹팔  먹스타그램  먹부림,61.0,wjdal019,"['#야식밥을', '#잘먹고', '#잘자고', '#잘싸고', '#열심히성장중', '#삼형제', '#아들셋', '#다둥이네', '#아들스타그램', '#육퇴', '#야식', '#뿌링클', '#치킨', '#야식그램', '#야식메뉴', '#아들둥이', '#일상기록', '#일상스타그램', '#일상소통', '#좋아요반사', '#소통환영', '#맞팔', '#맞팔선팔', '#맞팔선팔환영', '#맞팔환영', '#맛있다그램', '#먹팔', '#먹스타그램', '#먹부림']"
 협찬 푸드렐라오븐구이 닭다리살야들야들한 푸드렐라 오븐구이 닭다리살과쭈꾸미 볶음을 함께 먹어봤어요 푸드렐라 오븐구이 닭다리살은 쫄깃한 식감이 살아있는닭다리살을 마리네이드 하여 겉바속촉 그냥먹어도 맛있고 상추쌈에 청양고추까지 넣어 먹어도정말 맛있어요 저번에는 와인과 함께 먹어봤는데 이렇게 한식으로즐겨도맛있네요  프라이팬에 양념과 함께 볶아 먹어도 좋을것 같아요 한팩에 300g씩 들어있어 한 끼 반찬으로 즐겨도 좋고콜라나 맥주와 함께 안주로 간식으로 즐겨도 좋습니다살짝 느껴지는 후추의 맛이 오븐닭다리살의 느끼함을잡아줘서 잡내없이 계속먹고싶은 부들부들한 오븐닭다리 구이랍니다 푸드렐라 스토어에서 만나보실 수 있는데요3팩이상 구매시 22 할인5팩이상 구매시 33 할인으로 저렴하게 만나보세요 믿고먹는 푸드렐라  foodrella official푸드렐라 행복 과  건강 을 전하는  푸드렐라 입니다 linktr ee foodrella 오븐구이닭다리살 오븐구이 저녁 밥상 온더테이블 밀키트추천 치킨밀키트 오븐치킨 치킨,945.0,yolo_yun1231,"['#협찬', '#푸드렐라오븐구이', '#행복', '#건강', '#푸드렐라', '#오븐구이닭다리살', '#오븐구이', '#저녁', '#밥상', '#온더테이블', '#밀키트추천', '#치킨밀키트', '#오븐치킨', '#치킨']"
파파이스치킨    파파이스치킨  치킨  치킨맛집  치킨스타그램  저녁  저녁메뉴  맛있다  맛있다그램  존맛탱  맛집추천  맛집  맛스타그램  먹스타그램  야식  맛집스타그램  첫줄  푸드스타그램  먹스타  먹부림  먹팔  좋아요반사  소통  데일리  chicken  friedchicken  instafood  foodporn  foodstagram  instagood  instalike,72.0,msh0827_,"['#파파이스치킨', '#치킨', '#치킨맛집', '#치킨스타그램', '#저녁', '#저녁메뉴', '#맛있다', '#맛있다그램', '#존맛탱', '#맛집추천', '#맛집', '#맛스타그램', '#먹스타그램', '#야식', '#맛집스타그램', '#첫줄', '#푸드스타그램', '#먹스타', '#먹부림', '#먹팔', '#좋아요반사', '#소통', '#데일리', '#chicken', '#friedchicken', '#instafood', '#foodporn', '#foodstagram', '#instagood', '#instalike']"
Yeni  Lezzetimiz    Rose Rabokki  Rose Ttebokkida var   korea_cafe_01 Denemeye gelin   korea_cafe_01  korea  adana  koreyemek  kpop  bts  blackpink  yemek  içecek  bubble  bubbletea  tavuk  kimchi  kimbap  rabbokki  merkez  istanbul  한국음식  떡볶이  치킨  라볶이  로제떡볶이  로제,41.0,korea_cafe_01,"['#korea_cafe_01', '#korea', '#adana', '#koreyemek', '#kpop', '#bts', '#blackpink', '#yemek', '#içecek', '#bubble', '#bubbletea', '#tavuk', '#kimchi', '#kimbap', '#rabbokki', '#merkez', '#istanbul', '#한국음식', '#떡볶이', '#치킨', '#라볶이', '#로제떡볶이', '#로제']"
성신 맛집  닭만리한번도 못먹어본 사람은 있어도 한번만 먹은 사람은 없는 찐 맛집 친구들이랑 같이 갈때마다 와  감탄사를 멈추지 못하는 찐 맛집 짜글이에 콘치즈는 진리다     성신여대맛집 통닭 치킨 돈암동맛집 데이트맛집 성신여대데이트 성신여대맛집닭만리 종로3가맛집 인생맛집 서울맛집 익선동맛집 고대맛집 안암맛집,114.0,ilyng7504,"['#닭만리한번도', '#성신여대맛집', '#통닭', '#치킨', '#돈암동맛집', '#데이트맛집', '#성신여대데이트', '#성신여대맛집닭만리', '#종로3가맛집', '#인생맛집', '#서울맛집', '#익선동맛집', '#고대맛집', '#안암맛집']"
 고추치킨         일상 저녁식사 저녁메뉴 치맥 치킨 통닭 매운치킨 고추치킨 맥주 맥주안주 맛집 소통 최고 좋아요,81.0,w.w__x2,"['#일상', '#저녁식사', '#저녁메뉴', '#치맥', '#치킨', '#통닭', '#매운치킨', '#고추치킨', '#맥주', '#맥주안주', '#맛집', '#소통', '#최고', '#좋아요']"
20 23k 러닝  런치광이 x SMRC x 다닝크루  이번에는 530페이서를 잡아보았다 옆에서 도와주신 중섭형님  joongsub2 감사합니다 장거리를 뛸때마다 항상 느끼는 것이지만 페이스와 크게 관계 없이 장거리는 그냥 무조건 힘든것 같다 ㅠㅠ언제쯤 장거리에 익숙해져갈까    멋진 사진 찍어주신 kang_drenaline  ahnsta_ 감사합니다        running_maniac2022  smrc_2021  daningcrew_run_dnc  pairplay_official  bananasports_  bundangsparta   러닝  운동  오운완  달리기  런치광이  다닝크루  러닝크루  태극기  안중근  광교호수공원  치킨  둘둘치킨  맥주  치맥  하이퍼크래프트  겨울  바람막이  나이키  가민  위국헌신군인본분  수원  분당  성남,113.0,bbing_he,"['#러닝', '#운동', '#오운완', '#달리기', '#런치광이', '#다닝크루', '#러닝크루', '#태극기', '#안중근', '#광교호수공원', '#치킨', '#둘둘치킨', '#맥주', '#치맥', '#하이퍼크래프트', '#겨울', '#바람막이', '#나이키', '#가민', '#위국헌신군인본분', '#수원', '#분당', '#성남']"
요즘은 치킨보다 옛날통닭이 끌리는걸   얇고 바삭한 튀김옷이 너무 좋다 ㅜㅜ  통닭  옛날통닭  치킨  맛있는치킨  바삭한튀김  맛있다  야식추천  저메추  맥주한잔  맥주안주  옛날치킨  먹그램  우리의오늘은빛나다  오늘의야식  뭐먹지,149.0,qoooop__nm,"['#통닭', '#옛날통닭', '#치킨', '#맛있는치킨', '#바삭한튀김', '#맛있다', '#야식추천', '#저메추', '#맥주한잔', '#맥주안주', '#옛날치킨', '#먹그램', '#우리의오늘은빛나다', '#오늘의야식', '#뭐먹지']"
우리   군바리 아저씨   또 휴가나와서는    치킨네놔     그래서 준비했다   치킹    바이크워크샵  군바리  군인아저씨  철원 백골부대  백골  치킨  0_neogul_chan_3  bike_pms03  kwanghyun_d_stars  specialized_bikeworkshop,70.0,specialized_bikeworkshop,"['#바이크워크샵', '#군바리', '#군인아저씨', '#철원', '#백골부대', '#백골', '#치킨']"
큰아이 생일 파티 아들이 젤 조아하는 치킨 두마리 튀겼어요 아이스크림 케잌과 치킨 두마리로 생일 파티했어요 치킨 맛있다고 해서 기분 업업  양념 후라이드 한 마리씩 배 두둑히 먹으며 마무리  담주는 남편 생일 2월은 딸램 생일 연초부터 무지 바쁘내요 ㅋㅋㅋ 샹일  맘스타그램  치킨,51.0,unlimited_richmom,"['#샹일', '#맘스타그램', '#치킨']"
전농  BBQ  황금올리브치킨 반반 21 000원오랜만에 치킨 땡겨서 주문시킨 BBQ 원래  황금올리브치킨 은 양 다른 곳 보다적지 않나요   여기는 왜 이렇게 많은 걸까요 보통 BBQ치킨 조각이 큰데 여기는 앱에 친절하게작게 잘라 먹고 싶은 사람들을 위해 선택할 수 있더라구요 센스도 좋고 치킨도 바삭바삭하고 맛있는데거기에 서비스로 치즈볼도 주심 다른 지점보다 배달료도 싸고 서비스까지주시니 여기서만 시켜야겠다고 다짐 ㅎㅎ후라이드만 시키면 좀 느끼할까봐후라이드 양념 반반 시켰는데 골라먹는재미도 있고 질리지도 않고 일석이조 월요병 치킨으로 치유해보렵니다    치킨  치즈볼  전농동맛집  회기  회기맛집,82.0,nanzai_tour,"['#BBQ🔻', '#황금올리브치킨', '#치킨', '#치즈볼', '#전농동맛집', '#회기', '#회기맛집']"
맛있는거만 골라서 야무지게 먹은날ㅋㅋ  일기 다이어리 일상 사진 첫줄 케익 카페 치킨 치밥 카스테라 디저트 슬로우,94.0,slow_slow_2022,"['#일기', '#다이어리', '#일상', '#사진', '#첫줄', '#케익', '#카페', '#치킨', '#치밥', '#카스테라', '#디저트', '#슬로우']"
    아내카세  Rami s dish  전참시 재방 보다가  우린 저걸 먹을거야  라고 하더니분주하게 움직인다  닭도 또 튀기고  그리고 등장한 꽈리고추국수 와  반반 닭날개튀김  음  이거 별미네  맛있게 잘먹었습니다    꽈리고추국수  백종원 레시피 맛남의 광장  잔치국수  국수  치킨  후라이드반양념반  치킨윙  냠냠  존맛탱 집밥  집밥스타그램  집밥메뉴  집밥요리  집밥기록  홈쿡  홈쿡스타그램  홈푸드  홈메이드  홈메이드쿡  홈메이드요리  요리스타그램  음식스타그램  오늘의식탁  온더테이블 부부밥상  와이프랑  고마워  ramisdish  아내카세,86.0,ramibooeok,"['#전참시', '#꽈리고추국수', '#잔치국수', '#국수', '#치킨', '#후라이드반양념반', '#치킨윙', '#냠냠', '#존맛탱', '#집밥', '#집밥스타그램', '#집밥메뉴', '#집밥요리', '#집밥기록', '#홈쿡', '#홈쿡스타그램', '#홈푸드', '#홈메이드', '#홈메이드쿡', '#홈메이드요리', '#요리스타그램', '#음식스타그램', '#오늘의식탁', '#온더테이블', '#부부밥상', '#와이프랑', '#고마워', '#ramisdish', '#아내카세']"
우리동네 깐부치킨 없어서 친정가면 먹는 깐부나는 크리스피보다도 그냥 후라이드가 맛나더라 변코코 때문에 술도 못먹고 닭만 먹고 옴치킨을 맥주도 없이 먹다니  깐부치킨  치킨 후라이드  후라이드치킨,49.0,specially_nal,"['#깐부치킨', '#치킨', '#후라이드', '#후라이드치킨']"
   2023  01  01    아주커치킨 ㅣ용봉점 아주커치킨,126.0,lovesta5001,['#아주커치킨']
 혼사녀의전주 겐스빌  반반무많이  치킨  치맥 오며가며 매번 보기만 했던 치킨집 드디어 가봤는데 여기 진짜 맛있었다  배불러서 한조각밖에 못먹은게 천하의 한    다시갈래     ,85.0,a.girl.who.live.alone,"['#혼사녀의전주', '#겐스빌', '#반반무많이', '#치킨', '#치맥']"
 치킨  먹고 싶다니까 신이 보내주신 치킨 ㅋㅋ,44.0,jujjang_12,['#치킨']
 2023 신년맞이 SNS 친구추가 이벤트 인천시의회 인스타그램 팔로우하고 추첨을 통해 상품도 받으세요    이벤트 참여 방법① 인천시의회 인스타그램  icouncil103  팔로우하기 ② 상품 배송을 위한 정보 입력하기   프로필 링크 클릭 ③ 해당 이벤트 게시글에 팔로우한  아이디  댓글로 남기기  3번까지 모두 진행시 참여 완료    이벤트 기간   2023  1  9  월    1  17  화    총 8일간   이벤트 경품   치킨세트 기프티콘 총 25명  아이스크림 기프티콘 총 25명    당첨자 발표   2023  1  20  금 인천시의회에서 전해드리는 다양한 콘텐츠에  좋아요 와  댓글  많이 부탁드립니다   당첨 시 본 계정 팔로우를 유지하고 있어야 경품 발송이 가능합니다   수집된 정보는 상품 발송을 위해서만 사용합니다  이벤트  인천시의회  인천광역시의회  인천  인천시  당첨자  이벤트당첨  아이스크림  SNS  SNS이벤트  치킨,747.0,icouncil103,"['#이벤트', '#인천시의회', '#인천광역시의회', '#인천', '#인천시', '#당첨자', '#이벤트당첨', '#아이스크림', '#SNS', '#SNS이벤트', '#치킨']"
 제품제공 feat  한강식품연말연시에 크고작게 파티할일이 많잖아요 그럴때 먹기좋은 오븐구이 치킨이 있어 소개합니다 일단 염지가 되어있어 맛있고 조리가 핵쉬움 에프에 넣고 15분 굽고 한번뒤집어서 5분 구우면 굽네오리지널 기다릴필요없쥬냉동이 아닌 냉장닭이라 육즙이 팡팡팡  저는 약간 미국입맛이라 간간하게 잘 먹었어요 샐러드랑 회  과일과 곁들이면 건강하면서도 맛있는 파티상차림으로 딱일것같단 말이져   파티라고 무방비로 당하지말고 메뉴 잘 골라서  헬시플레져 즐기자구여 월요일 이제 저도 식단기록으로 돌아올려고해요 기록은 간소화 하더라도 다시 기록과 절제를 찾는삶으로  화이팅,58.0,butter.sweet.life,"['#제품제공', '#헬시플레져']"
월요일엔 바삭  하게  순살치킨  근접샷으로 보는 겉바속촉 순살치킨라인업  보기만해도 윤기 싹  돌면서 군침이 싹 특제 소스가 올라가 바삭  한 치킨과함께 조화롭게 딱  요기에 시 원한 맥주와 함께라면더할나위없이 좋더라죠   브로버거  수제버거  수제버거맛집  햄버거  햄버거맛집  햄버거스타그램  버거스타그램  버거  버거맛집  방이동맛집  방이역맛집  방이동먹자골목맛집  방이동맛집추천  올림픽공원맛집  광명맛집  광명역맛집  광명맛집추천,133.0,bro_burger_,"['#순살치킨', '#브로버거', '#수제버거', '#수제버거맛집', '#햄버거', '#햄버거맛집', '#햄버거스타그램', '#버거스타그램', '#버거', '#버거맛집', '#방이동맛집', '#방이역맛집', '#방이동먹자골목맛집', '#방이동맛집추천', '#올림픽공원맛집', '#광명맛집', '#광명역맛집', '#광명맛집추천']"
   연진아 나 지금 되게 신나 부어치킨이 너무 맛있거든   The Boorchicken    핫해핫해  요즘  이 대사 모르는 분 있나요 모르시는 분들은부어치킨 냠냠 먹으며 넷플릭스 정주행 고고 ,371.0,boor_chicken,[]
  구도로 데이 𝑬𝑽𝑬𝑵𝑻  구도로에게 바란다   2023년 구도로에게바라는 점을 댓글로 써주세요  ex   gudoro_official 구도로만의 귀여운 굿즈를 내주세요    기간   2023 01 09   2023 01 15  발표   2023 01 16 상품   마늘쫑닭 쿠폰으로 10매   리그램 공유 팔로우 친구태그 하면 당첨 확률 UP UP   구도로통닭  구도로  통닭  치킨  포차  안주  구도로데이  닭  전기구이통닭  전기구이닭  전기구이  데이트  맥주  술안주  안주맛집  핫플레이스  혜자맛집  맛집  먹스타그램  맛스타그램  술스타그램  이벤트  EVENT  구도로통닭  구도로통닭EVENT  구도로데이,412.0,gudoro_official,"['#구도로통닭', '#구도로', '#통닭', '#치킨', '#포차', '#안주', '#구도로데이', '#닭', '#전기구이통닭', '#전기구이닭', '#전기구이', '#데이트', '#맥주', '#술안주', '#안주맛집', '#핫플레이스', '#혜자맛집', '#맛집', '#먹스타그램', '#맛스타그램', '#술스타그램', '#이벤트', '#EVENT', '#구도로통닭', '#구도로통닭EVENT', '#구도로데이']"
 이벤트   행복을 주는 채널J X BHC  신메뉴 레드킹폭립 증정 퀴즈 이벤트 안녕하세요 행복을 주는 채널J 입니다 채널J에서 BHC의 신메뉴  레드킹폭립 을 증정하는 퀴즈 이벤트를 보내드립니다   이벤트에 참여해 주신 분들 중 추첨을 통하여 총 30분에게 선물을 드립니다 BHC 치킨에서 폭립을   맛있는 상상을 해봐요  립을 멈출 수 없는 맛이 시작된다  새로운 폭립 맛으로 출발    Q  튀겨낸 폭립에 레드소스앤 크런치 후레이크  맵싹바싹한 신메뉴의 이름은 무엇일까요 1  레드킹폭립  2 뿌링클폭립  3  골드킹폭립  응모기간  22년12월26일 월  23년1월16일 월  응모방법  쪽지 DM  정답 성함 연락처 를 보내주세요 당첨자 발표  23년1월17일 화  채널J SNS 발표  경품  레드킹폭립 콜라1 25L 쿠폰   30명  채널J 시청자 여러분들의 많은 참여 기다리고 있겠습니다      본 이벤트 당첨자 전화번호는 모바일 쿠폰 전송을 위해 bhc에 제공되며 쿠폰전송 외 다른 용도로 이용되지 않습니다  동의하시는 분에 한하여 응모바랍니다 이벤트 상품 이미지는 실제 상품과 다를 수 있으며 당사의 사정에 의해 변경될 수 있습니다 이벤트 상품은 당첨자 발표 후 2주 이내 발송될 예정입니다 잘못된 개인정보 등록으로 인해 반송된 상품은 재발송하지 않습니다  응모 전 회원 정보란의 정확한 주소지 및 연락처 확인 부탁드립니다   채널J  일드  일본드라마  일본예능  일본영화  일드신작  채널J이벤트  이벤트  BHC  bhc  치킨  비에이치씨  쿠폰  기프티콘  전지현  전지현씨비에이치씨  뿌링클  골드킹  레드킹  레드킹폭립  폭립,99.0,channelj,"['#채널J', '#일드', '#일본드라마', '#일본예능', '#일본영화', '#일드신작', '#채널J이벤트', '#이벤트', '#BHC', '#bhc', '#치킨', '#비에이치씨', '#쿠폰', '#기프티콘', '#전지현', '#전지현씨비에이치씨', '#뿌링클', '#골드킹', '#레드킹', '#레드킹폭립', '#폭립']"
레드순살   매콤  밥반찬도 되고  안주도 되고   ㅎㅎ  맛있는거  왜케많아  최애  치킨  푸드  매콤해  교촌치킨  레드순살  치밥  치맥  반찬  안주  한끼  저녁메뉴  먹스타그램  먹었다그램,58.0,11jjs,"['#맛있는거', '#왜케많아', '#최애', '#치킨', '#푸드', '#매콤해', '#교촌치킨', '#레드순살', '#치밥', '#치맥', '#반찬', '#안주', '#한끼', '#저녁메뉴', '#먹스타그램', '#먹었다그램']"
배가 터질거 같지만 난 해냈다      kfc  스콜처버거베이직  코울슬로  콘샐러드  블랙라벨치킨  치킨  chicken  내돈내산  햄버거  버거  burger  스콜쳐버거베이직  먹스타그램  먹스타  먹스  일상소통  일상스타그램  일상  소통  소통스타그램  소통환영,48.0,mukeulae,"['#kfc', '#스콜처버거베이직', '#코울슬로', '#콘샐러드', '#블랙라벨치킨', '#치킨', '#chicken', '#내돈내산', '#햄버거', '#버거', '#burger', '#스콜쳐버거베이직', '#먹스타그램', '#먹스타', '#먹스', '#일상소통', '#일상스타그램', '#일상', '#소통', '#소통스타그램', '#소통환영']"
2022 12 30 2023 01 012022년에 가서 2023년에 돌아온 캠핑수진이네가 저녁에 놀러와줘서제대로 먹부림아이들은 미역국먹고 2차로 뽀로로짜장우리는 오징어회무침에 수진이네가 사온 치킨으로 시작해서삽겹살 먹어주고닭갈비에 양배추 가득 넣어서 먹고맛나게 볶음밥도 먹고 마지막 후식으로 커피까지  불멍 좀 해주고 따뜻하게 잠들었는데 아침에 흥겨운 풍물놀이 소리에 생각 못했던 일출도 보고 사이트 깨끗히 정리 끝내고 집으로   ,41.0,ssony.35,[]
  월간 바삭늬우스  바삭늬우스 2023년 1월호가 발매되었습니다  2023년 첫번째 주요 소식은  노랑통닭 NEW TVC 공개 와  만 나이 도입 등이 있습니다  마동석과 함께하는 노랑통닭 NEW TVC와 2023년 만 나이 도입에 관한여러분들의 생각을 댓글로 마구마구 적어주세요     Ex  마블리와 노랑통닭의 시너지 넘 기대돼요 Ex  와  만 나이면 내년에도 20대네  나이 먹지않는 마법   노랑통닭  바삭  치킨  바삭한치킨  노통 치킨맛집  치킨추천  치느님  치킨스타그램 노통늬우스  2023년  1월호  만나이  마동석,362.0,norangtongdak486,"['#노랑통닭', '#바삭', '#치킨', '#바삭한치킨', '#노통', '#치킨맛집', '#치킨추천', '#치느님', '#치킨스타그램', '#노통늬우스', '#2023년', '#1월호', '#만나이', '#마동석']"
 치킨 도저히 7일간은 운동할 수 없어서  어제 운쉼했습니다 ㅎㅎㅎㅎㅎ핫체 피티 받는 날인데수요일에 한 핫체 운동이 잘 되었는지수행 능력이 다 나오지 않네요  그래도 피티 받으면서 땀 몇 바가지 흘렸으니 만족 하렵니다   치킨은 어제 먹은건대 되게 맛있어서 1마리 이상은 먹었습니다 ㅎ식단 하시는 분들은 넘겨보시면 안돼    바프를 준비하면서 저는 일단 100일로 잡고 그동안 목표는 1  1 5리터 물 마시기2 단백질 130 140g 섭취하기이렇게 진행해보려고 합니다 월요팅 하세요 ,203.0,vic_minfit,['#치킨']
 상품협찬  허닭  푸라닭  닭다리   오늘은 정말 정신 없이 바쁜 날이었어요   닭가슴살 소비자 만족지수 1위 허닭bit ly 3Bx50UG           heodakmarket 에서 보내주신  푸라닭치킨 통 닭다리구이 꺼내 오늘의 첫끼 차려보았답니다    푸라닭치킨 통 닭다리구이  치킨 마니아들의 사랑을 듬뿍 받고 있는푸라닭 치킨이 선보이는 시그니처 소스가 들어간통 닭다리구이 3종으로 겉앤 바삭   속은 촉촉오븐에 구운 BIG 사이즈 닭다리 치킨을 즐기실 수 있답니다      푸라닭의 노하우가 담긴      인기만점 시그니처소스 사용     육즙 가득한 BIG 사이즈 닭다리를 통째로    250g 의 든든한 용량으로      낱개포장 되어있어        보관도   먹기도 간편해요    오븐으로 구워       부드럽고 촉촉한 맛을 즐기실 수 있어요    전자레인지에서 2 3분 조리하면 완성  저는 부드러운  스프 와 버터롤  빵 과함께 든든한  식사 차려보았는데요 자꾸만 당기는 매력적인 소스가 듬뿍 들어 있어 그냥 요제품 하나만 조리하셔도 맛있게 즐기실 수 있을듯요   치킨 생각날때 한마리를시켜 놓으면꼬맹이랑 둘이 먹어도 늘 남아서 냉동실행이었는데요렇게 취향따라 맛별로 간단하게 소포장으로 즐길 수 있어 참 좋네요   일인 가구나 혼밥하시는 분들도부담없이 즐길 수 있는 허닭 X 푸라닭 닭다리  이젠 치킨 생각이 날때마다 허닭이에요   통닭다리구이  푸라닭통닭다리구이  닭다리구이  통닭다리  간식  푸드스타그램  먹스타  chicken  food  foodstagram  follow4followback  folloeme  홈쿡  집밥  요리  meal 홈스토랑  cooking  onthetable  밥상  치킨추천,393.0,haruhomemade,"['#상품협찬', '#허닭', '#푸라닭', '#닭다리', '#푸라닭치킨', '#치킨', '#닭다리', '#스프', '#빵', '#식사', '#통닭다리구이', '#푸라닭통닭다리구이', '#닭다리구이', '#통닭다리', '#간식', '#푸드스타그램', '#먹스타', '#chicken', '#food', '#foodstagram', '#follow4followback', '#folloeme', '#홈쿡', '#집밥', '#요리', '#meal', '#홈스토랑', '#cooking', '#onthetable', '#밥상', '#치킨추천']"
 협찬 장작구이 통닭의 끝판왕 문래방아를 소개합니다 요즘 핫한 문래동에서 장작구이통닭으로 문전성시 문래방아에서 제일 핫한 메뉴만 콕콕 집어드립니다 헬게이트장작구이 화려한 불쇼에 넋놓고 보다보면 자연스럽게 불이 꺼지는 순간부터 먹기 시작  통닭 육즙과 육질이 미쳤어요  너무 부드러워서 이가 없어도 먹겠더라구요 맛있는 장작구이에 빠지면 섭섭한 새로와 함께 먹으니 두배로 맛있어요 부드러운 닭 밑에는 오징어먹물리조또가 깔려있는데 토마토할라미뇨소스랑 같이 먹는 리조또 꾸덕꾸덕  맛있으니 또 새로 한잔 갈릭새우바사삭장작구이는 튀긴새우가루에 꽈리고추튀김 통마늘과 옥수수튀김이 올라가는데 촉촉한 닭에 튀긴새우가루가 올라가서그런지 식감도 더해져서 맛있더라구요  게다가 꽈리고추튀김과 통마늘튀김이 있어서 느끼할만 하면 한입 먹어주면 매콤달달한 맛에 또 먹게 되더라구요 허니고르곤 바싹 감자전은 채썬감자전 위에 고르곤졸라치즈가 한가득 올라가있고 꿀이랑 같이 나오는데 치즈양이 미쳤어요 바삭바삭한 감자와 치즈 꿀 조합 말모말모 달달하니 막걸리랑 찰떡 블루베리알갱이가 씹히는 블루베리샤벳막걸리도 상큼달달하니 추천 장작구이 통닭의 끝판왕이 궁금하시다면 문래방아로   헬게이트장작구이세트 42 5  갈릭새우바사삭장작구이 세트 39 5  허니고르곤 바싹 감자전 25 0  새로 5 0  블루베리샤베트 막걸리 800ml 16 0  문래방아 서울 영등포구 도림로125길 34 1층 영업시간 화   금 17 00   24 00   토요일 16 00   01 00   일요일 16 00   23 00매주 화요일 정기휴무   문래방아  문래  문래동맛집  문래맛집  문래역  문래역맛집  문래동데이트  영등포맛집  영등포  문래창작촌  문래창작촌맛집,647.0,j_j.eat_ing,"['#협찬', '#문래방아', '#문래', '#문래동맛집', '#문래맛집', '#문래역', '#문래역맛집', '#문래동데이트', '#영등포맛집', '#영등포', '#문래창작촌', '#문래창작촌맛집']"
우삼겹떡볶이가 정말 맛있었던 남양주 오남리 옥상주점에서 시원하게 맥주 한잔 하고 왔어요      우삼겹떡볶이  치킨  치킨가라아게  가라아게  우삼겹  떡볶이  짜파게티  계란후라이  오남리맛집  남양주술집  오남맛집  생맥주  오남리술집  맛집  맛스타그램  먹스타그램  옥상주점  맞팔해요  맛팔해요  먹팔해요  맞팔  맛팔  먹팔  선팔  맞팔로우  koreanfood  오남술집  오남리  소통  소통해요,94.0,eatingjh,"['#우삼겹떡볶이', '#치킨', '#치킨가라아게', '#가라아게', '#우삼겹', '#떡볶이', '#짜파게티', '#계란후라이', '#오남리맛집', '#남양주술집', '#오남맛집', '#생맥주', '#오남리술집', '#맛집', '#맛스타그램', '#먹스타그램', '#옥상주점', '#맞팔해요', '#맛팔해요', '#먹팔해요', '#맞팔', '#맛팔', '#먹팔', '#선팔', '#맞팔로우', '#koreanfood', '#오남술집', '#오남리', '#소통', '#소통해요']"
 화제집중제주도 노형동 입니다  늦은 비행기를 타고 넘어오니 시간이 꽤 늦었네요  한잔 생각에 찾은 곳 입니다  상호명 부터 남다름이 느껴지네요 노형의 중심 화제집중을 찾았습니다 작은 가게 볼링의 성지라고 합니다 군데 군데 볼링에 관련 된 소품과 싸인이재미집니다 노가리와  치킨  제육볶음  은행 52알을주문 해 보네요 촉촉한 노가리 식감 특이 합니다 와사비와 곁들인 마요네즈 간장에 한 입요거 참 은행은 진짜 52알 주십니다 왜 52알일까요  하루에 두마리만 판매 하는 치킨은 예전 집에서 어머니가 튀겨주시던 그런  느낌적인 느낌 분위기에 취해 술이 취하는지 모를 일이네요얼마 마시지 않았는데 쌓여있는 술병에 살짝 당황스럽습니다 슬슬 국물 생각에 동태찌개로 마무리 아 라면 못 참죠  사장님 선호하는 라면을여쭈어 보십니다 원하는 라면을 끓여 주시는 부분에 이러면 곤란한데요  기분 좋아 소주 한병 더마셔 보겠습니다 오랫만에 가게 마감시간까지 마셨네요20년 가까이 영업해 온 선술집화 제 집 중 이였습니다 아 여기 좋아  아주 좋아   내입맛이그래 명품노가리 12 000원은행 52알 7 000원후라이드 치킨 18 000원 상호명  화제집중 주소  제주 제주시 노형동 1277 5 문의  064 748 1922 제주도맛집  제주시맛집  노형동맛집 호프  선술집  치킨  노가리  제육볶음 은행  동태찌개  파전  맛집 춘스푼제주도  춘스푼화제집중,537.0,choon_spoon,"['#화제집중제주도', '#내입맛이그래🥢명품노가리', '#제주도맛집', '#제주시맛집', '#노형동맛집', '#호프', '#선술집', '#치킨', '#노가리', '#제육볶음', '#은행', '#동태찌개', '#파전', '#맛집', '#춘스푼제주도', '#춘스푼화제집중']"
 레드킹 폭립 매력에 DEEP DIVE 여기가 혹쉬 한번 들어오면절대  나갈 수 없다는 레드킹 폭립 사랑해   이미 맛본 사람들은레드킹 폭립 매력에 빠져 13283시간째 헤엄치는 중    다들 레드킹 폭립 매력에 빠질 준비 하고 있으라구    1 9 월    1 20 금  땡겨요에서 2주 간 전메뉴 최대 1만원 할인   1 9 월    1 20 금  요기요에서 2주 간 전메뉴 4천원 할인에2천원 추가 할인 쿠폰까지   1 1 일    1 31 화  배달의 민족에서 한 달간 bhc 신메뉴 레드킹 폭립 5천원 할인  BHC  치킨  BHC치킨  치킨은bhc  신메뉴  레드킹폭립  bhc신메뉴,443.0,bhc_chicken_official,"['#BHC', '#치킨', '#BHC치킨', '#치킨은bhc', '#신메뉴', '#레드킹폭립', '#bhc신메뉴']"
 바른치킨  바른치킨김제점  배달의민족  치킨  리뉴얼오픈  재오픈준비중  58마리  손님  일상  셀카  김제  김제맛집  김제치킨집  김제맛집추천  김제치맥  김제맥주  김제맘  김제맘스홀릭  김제맘카페  daily  selfi  김제어린이집간식  김제유치원간식  이벤트  좋아요  gimje  치킨스타그램  먹스타그램  요기요,44.0,barun_gimje,"['#바른치킨', '#바른치킨김제점', '#배달의민족', '#치킨', '#리뉴얼오픈', '#재오픈준비중', '#58마리', '#손님', '#일상', '#셀카', '#김제', '#김제맛집', '#김제치킨집', '#김제맛집추천', '#김제치맥', '#김제맥주', '#김제맘', '#김제맘스홀릭', '#김제맘카페', '#daily', '#selfi', '#김제어린이집간식', '#김제유치원간식', '#이벤트', '#좋아요', '#gimje', '#치킨스타그램', '#먹스타그램', '#요기요']"
계묘년 이벤트 여러분 2023년은 검은토끼의 해라는거 알고 계셨나요 토끼만 해도 귀여운데 색도 검은색 이거 완전 귀여움 끝판왕인듯 댓글에 귀여운 토끼 이모티콘과 먹고싶은 티바두마리치킨의 메뉴를 적어주세요   참여 방법 1  티바두마리치킨 인스타그램 팔로우하기  필수 2  귀여운 토끼 이모티콘과 먹고싶은 메뉴 적기 3    알마간  이벤트 상품 티바두마리치킨 모바일상품권 10명  메뉴 임의 선정 후 발송 일부 매장에서는 사용이 불가능할 수 있습니다  기간 및 발표 이벤트 기간   1월 9일   1월 10일 23 59 당첨자 발표   1월 11일  수   토끼 꼬리같이 동글동글한 치즈볼이 땡긴다면  주문전화 1588 6338 티바두마리  티바  치킨  배민  맛집  배달  이벤트  먹스타그램  먹스타  먹방  술스타  야식,1077.0,tiba2mari,"['#티바두마리', '#티바', '#치킨', '#배민', '#맛집', '#배달', '#이벤트', '#먹스타그램', '#먹스타', '#먹방', '#술스타', '#야식']"
각키우 힐링 리얼 먹툰  각키우 가족은 취향대로 골라 먹는다 각키우는 오븐으로 구운 담백한  후레쉬 쌈닭  돼이는 푸짐한  바사칸 치빵파티   똘은 가볍게 즐기는  미안한 포테이토 와  오다리튀김    인스타그램  인스타툰  인스타  인스타데일리  인스타푸드  인스타패션  인스타뷰티  먹스타그램  먹스타  먹스타그램   먹스타스램  치킨  치킨추천  치킨스타그램 치킨맛집  치킨먹방  누나홀닭  오징어  오징어튀김  포테이토  가족  가족스타그램  가족나들이  가족모임  가족외식  가족나들이  가족일상  데이파크맛집  수지  수지맛집  수지맘,180.0,gakki_woo,"['#인스타그램', '#인스타툰', '#인스타', '#인스타데일리', '#인스타푸드', '#인스타패션', '#인스타뷰티', '#먹스타그램', '#먹스타', '#먹스타그램🍴', '#먹스타스램', '#치킨', '#치킨추천', '#치킨스타그램', '#치킨맛집', '#치킨먹방', '#누나홀닭', '#오징어', '#오징어튀김', '#포테이토', '#가족', '#가족스타그램', '#가족나들이', '#가족모임', '#가족외식', '#가족나들이', '#가족일상', '#데이파크맛집', '#수지', '#수지맛집', '#수지맘']"
저희 가족은 저번주말에   캠핑  을 가고 싶었지만급히 어렵게 잡은 카라반으로   그    있잖아요 먹고 먹고 또 먹고 먹어도 배안부를때    그래서 미미쿡에   바삭바삭 김치전  7살 5살 아이들이   최고하며   매꼬지 어묵  쫄깃쫄깃 오동통 축구하고 출출한 부자  폭풍 흡입  양꼬치  처음 먹어본 양꼬치 아가고기라며   잘먹어준 우래기와 남편   양갈비  양갈비굽는 사이에ㅜ 우래기 테이블에  눈옆이 찢어져 정신없이 흡입  다시 냄새없으니 집에서 먹기로     오븐구이 치킨  캠핑에 다먹었음 미  ㅊ ㅠㅠ 그래서   남겨서 집에서 오븐에 먹었어요ㅋㅋㅋ   오  너무 맛있어서 치킨값 아낄수 ㅇ  있겠어요          미미쿡 밀키트 3만원 구매시 바삭바삭   김치전   땡초 부추전 중 택1 드리고   있어요    061 863 0504  미미쿡 장흥미미쿡 캠핑 캠핑메뉴 메뉴소개 김치전 양갈비 양꼬치 치킨 최고메뉴 배안부른메뉴 추천 ,44.0,mimicook_jangheung,"['#미미쿡', '#장흥미미쿡', '#캠핑', '#캠핑메뉴', '#메뉴소개', '#김치전', '#양갈비', '#양꼬치', '#치킨', '#최고메뉴', '#배안부른메뉴', '#추천']"
สถาน ไก ทอดพร อมให บร การแล วนะคะ    ไก ทอดเกาหล   koreanfriedchicken  koreanfood  abacbangna  치느님  한국음식  치킨,155.0,chinuenim_abac,"['#ไก่ทอดเกาหลี', '#koreanfriedchicken', '#koreanfood', '#abacbangna', '#치느님', '#한국음식', '#치킨']"
  네네치킨 사이드 신메뉴 국물게티 출시 네네만의 특제소스와 스파게티의 환상적인 만남  네네치킨  네네치킨신제품  네네신제품  치킨신메뉴  치킨  사이드신메뉴  치킨사이드  치킨추천  국물게티  로제게티  매콤게티,71.0,nenechicken_official,"['#네네치킨', '#네네치킨신제품', '#네네신제품', '#치킨신메뉴', '#치킨', '#사이드신메뉴', '#치킨사이드', '#치킨추천', '#국물게티', '#로제게티', '#매콤게티']"
 금복주류  생맥주  반반전  골뱅이무침 육전  새우전딱 한잔만  ㅋㅋㅋㅋ 먹스타그램  먹자그램  먹팔  먹부림 치킨  닭고기  foodstagram  야식  야식그램  야식스타그램  foodgram 쫄깃쫄깃  쫀득쫀득  맞팔  쿡그램  쿡스타그램,46.0,e32232,"['#금복주류', '#생맥주', '#반반전', '#골뱅이무침', '#육전', '#새우전딱', '#먹스타그램', '#먹자그램', '#먹팔', '#먹부림', '#치킨', '#닭고기', '#foodstagram', '#야식', '#야식그램', '#야식스타그램', '#foodgram', '#쫄깃쫄깃', '#쫀득쫀득', '#맞팔', '#쿡그램', '#쿡스타그램']"
이번 주 치킨킹 폼 미쳤다 콜라 100원 실화  1 9 월  1 15 일  치킨킹 치킨킹BLT 단품 구매하면 콜라 100원 치킨킹 단품 6 400원  치킨킹 BLT 단품 7 400원행사 제외 매장   http   ilk kr UClWbDg 버거킹  BURGERKING  치킨킹  치킨킹BLT  치킨버거  신제품,427.0,burgerkingkorea,"['#버거킹', '#BURGERKING', '#치킨킹', '#치킨킹BLT', '#치킨버거', '#신제품']"
 BSR 타임즈  bhc치킨  동반성장 위한  전국 가맹점 순회 간담회  개최 bhc치킨은 지난달 22년 12월  한 달간 대전충청 지역을 시작으로 제주  강원지역까지 전국 가맹점 순회 간담회를 진행했습니다  2022년 한 해 동안 동반 성장을 위해 뜻을 모아준 각 지역 가맹점 사업주들에게 감사한 마음을 전함과 동시에 현장의 목소리를 청취  향후 개선점과 발전 방안을 논의하는 시간이었는데요  뿐만 아니라 신메뉴  2022년의 경영성과 2023년도 본사의 방향성 등을 이야기하며 성장의 시간을 가졌습니다  bhc치킨 임금옥 대표는  올 한 해도 국내외 불안정한 정세와 물가 상승 등의 어려운 여건 속에서도 가맹점 사업주 여러분들의 노력 덕분에 지속적인 성장세를 보이고 있다 라고 전하며  본사 역시 원활한 재료 수급과 배송  적극적인 마케팅 등 저희와 함께하는 모든 가맹점들이 동반 성장할 수 있는 발판을 만들기 위해 계속 노력하겠다 라고 전했습니다  올 한 해 더욱 좋은 모습을 보여드리기 위해 노력하는 bhc치킨 여러분의 즐거움과 행복을 위해 올 한 해도 열심히하겠습니다     bhc_BSR  bhc치킨  BSR  bhc  BSR타임즈  가맹점  순회  간담회  성장  발전  시간  사업주  감사  개선  경영성  방향성  치킨추천  발판  마케팅  도움  행복  치킨,92.0,bhc_bsr,"['#bhc_BSR', '#bhc치킨', '#BSR', '#bhc', '#BSR타임즈', '#가맹점', '#순회', '#간담회', '#성장', '#발전', '#시간', '#사업주', '#감사', '#개선', '#경영성', '#방향성', '#치킨추천', '#발판', '#마케팅', '#도움', '#행복', '#치킨']"
닭강정    나의최최최애 닭  사당  다글다글 진짜 한번 맛보면 다른 닭강정에 눈돌리기는 어려운 다글다글 닭강정 원래 위에마늘후레이크였는데 아몬드로 바뀌었네요  사장님이 바뀌었나요 원래 우리집까지 배달됬는데 배달불가지역이되서 집적  포장 하러 달려갔다요    달콤하고매콤하고 18000원의 행복이랄까여  ㅎㅎ고기육즙 미치고 튀김에또한번 미치는 닭강정    누가 닭얘기만해도 다글다글 닭강정 먹어보라고 추천하고 다닐정도 ㅎㅎ기본이 약간 매워서  양배추피클이랑 먹으면 끝내줘용 다음에는 마늘강정먹어야겠어요 저는 맵찔이라서요  떡사리2천원추가인데 안하면 큰일나요    떡도 맛있거든요   ,123.0,zunii_food,"['#다글다글', '#포장']"
육아휴가 시작             첫옹알이  잘자라는구만  딸바보  승원이생일  축하파티  삼겹살김치찜  탕수육  쟁반짜장  치킨  술  7시간술마시기,101.0,the_west_sea_jjang,"['#첫옹알이', '#잘자라는구만', '#딸바보', '#승원이생일', '#축하파티', '#삼겹살김치찜', '#탕수육', '#쟁반짜장', '#치킨', '#술', '#7시간술마시기']"
 주말동안 처갓집에서 놀고 계양산 탐  저녁엔 원이네랑 만남          토요일에 원래는 시골 가기로 했었다가 눈소식에 취소함  댄스학원 갔다가 처갓집가서 자고옴 ㅋ 밥먹고 신년회로 회  치킨 등등 사다먹고 오붓한 시간을 보내고 담날 아침 먹자마자 계양산 탐  산타기를 너무너무 싫어하는 나지만  새해를 맞이 장인 장모님 모시고 아이들과 함께 출발 ㅋ 출렁다리를 갔는데 안출렁 거려서 내가 출렁거리게 만듦 ㅋㅋ 간만에 산을타니 땀도나고 ㅋ 내려오면서 황기순칼국수 가서 칼국수 먹고 임학역에서 전철타고 계산역까지 옴 ㅋ 한정거장 ㅋㅋㅋ 집에와서 좀 쉬다가 저녁엔 원이네랑 만나서 신년회함 ㅋ 우리딸 전교 부회장 된거 축하한다며 형수가  스왈로브스키  목걸이를 기념 선물로 사옴  ㅠ ㅠ 대박 감동            인삼주에 바베큐에 조개전골에 또 술 마시고 그대로 뻗어잔 어제 ㅋㅋㅋ 간만에 즐겁고 재밌었던 주말           일기  처갓집  장인  장모님  주말  계양산  출렁다리  개구쟁이  스왈로브스키  목걸이  부회장  선물  기념  고마워  감사함  고마움  대박  이웃  형  등산  치킨  아이스크림  연어회  주말스타그램,123.0,bjjaemin,"['#일기', '#처갓집', '#장인', '#장모님', '#주말', '#계양산', '#출렁다리', '#개구쟁이', '#스왈로브스키', '#목걸이', '#부회장', '#선물', '#기념', '#고마워', '#감사함', '#고마움', '#대박', '#이웃', '#형', '#등산', '#치킨', '#아이스크림', '#연어회', '#주말스타그램']"
 훌랄라치킨훌랄라치킨의 BEST 메뉴 치즈양념구이로사행시를 해보았는데요  재치있는 사행시를 댓글로 남겨주세요  달콤한 치즈양념구이 먹고치밥은 필수인거 다들 아시죠   지금 가까운 훌랄라치킨에서 만나보세요 ,47.0,hoolala_official,['#훌랄라치킨훌랄라치킨의']
 방학 겨울방학 점심 점심메뉴 돈까스 치킨 샐러드 폰타나스프 폰타나브로콜리체다치즈수프  마니무라 사실은아점 방학스타그램 점심스타그램 일상스타그램,52.0,pure_elena,"['#방학', '#겨울방학', '#점심', '#점심메뉴', '#돈까스', '#치킨', '#샐러드', '#폰타나스프', '#폰타나브로콜리체다치즈수프', '#마니무라', '#사실은아점', '#방학스타그램', '#점심스타그램', '#일상스타그램']"
 부어치킨     광고   살로만 매니아 세트   27 000  부어치킨에서 MZ세대를 공략해서 나온 4가지 다양한 맛과 치즈볼에 감튀까지 한번에 즐길 수 있는 100  닭다리살로 만들어진 퍽퍽하지 않고 부드러운 치킨입니다   친구들이랑 먹을때 무슨 치킨 먹을지 항상 고민하는데 살로만 매니아는 파닭  어니언  마요라차  화이트 저크소스 4가지 맛으로 구성이 되어있어서 새콤 매콤 달콤 바삭함을 다채롭게 한번에 즐길 수 있는 치킨입니다   거기에 케이준 감자튀김과 너무 맛있는 치즈볼까지 한 박스에 있어서 더 다양하게 즐길 수 있었습니다  https   www instagram com boor_chicken 1월 1일 이후에 배달앱 할인 게시물이 고정피드로 업로드 되니까 꼭 확인하시고 할인도 챙겨서 받으시면 좋을거같습니다   부어치킨 수원대점  AM 11 00   AM 1 00  부어치킨  살로만매니아세트  치킨  치킨추천  신메뉴치킨  수원맛집  파닭  어니언치킨  치즈볼  감자튀김  먹팔  먹스타  먹  먹스타맞팔  먹팔맞팔  먹팔해요  먹스타스램  맛집  맛스타그램  맛집추천  맛집스타그램  맛스타,206.0,eating_sub,"['#광고', '#부어치킨', '#살로만매니아세트', '#치킨', '#치킨추천', '#신메뉴치킨', '#수원맛집', '#파닭', '#어니언치킨', '#치즈볼', '#감자튀김', '#먹팔', '#먹스타', '#먹', '#먹스타맞팔', '#먹팔맞팔', '#먹팔해요', '#먹스타스램', '#맛집', '#맛스타그램', '#맛집추천', '#맛집스타그램', '#맛스타']"
아존맛탱구리    유머  유머짤  연예  공감  연예인  웃긴짤  핵잼  핫플레이스  감동  셀카  인친  맞팔  선팔  데일리  오늘의유머  동래  구의  집스타그램  힐링  좋반  좋아요  좋아요테러  인친스타그램  맞팔해요  쨈둘  치킨,42.0,son.moon9478,"['#유머', '#유머짤', '#연예', '#공감', '#연예인', '#웃긴짤', '#핵잼', '#핫플레이스', '#감동', '#셀카', '#인친', '#맞팔', '#선팔', '#데일리', '#오늘의유머', '#동래', '#구의', '#집스타그램', '#힐링', '#좋반', '#좋아요', '#좋아요테러', '#인친스타그램', '#맞팔해요', '#쨈둘', '#치킨']"
 동래에 가면 동키X미누크루 국룰 엄궁에서 굳이 동래까지 가는 이유 동키치킨 후라이드는 다들 아시쥬 저는 부속부위를 사랑하는 편인데닭목이랑 똥집이 미쳤다구오 그리고 주말에만 판매되는  닭죽닭죽으로 속 달래고 음주시작하세오  헬요일 치맥으로 이겨내자구요 레스궈    닭다리 6조각 2 7콩  닭죽 0 7콩    부산 동래구 명륜로129번다길 25 1층,232.0,bbo_ya__,['#닭죽닭죽으로']
강의 끝났으니 머리 식혀야지핵잼      맛있는  커피  존맛탱  치킨  밤바다  부산  핵잼  좀만 더  즐기고  서울 가고 싶지만     즐거운생활  happiness  체력싸움      운동 으로  극복한다,83.0,munjoo.jo,"['#맛있는', '#커피', '#존맛탱', '#치킨', '#밤바다', '#부산', '#핵잼', '#좀만', '#즐기고', '#서울', '#🥲', '#즐거운생활', '#happiness', '#체력싸움', '#💪🏾', '#운동', '#극복한다']"
 年末年始韓国ひとり旅  ①2012年以降毎年韓国で年越ししていたけれど コロナ禍でできなくなり なんと3年振りに韓国で年越ししてきました 滞在中はスケジュールがびっしりで 唯一何のスケジュールもないのが1日目 シウォンさんが専属モデルのチキン屋さんに行くのはこの日しかない と ホテルにチェックイン後最初に向かったのがチキン屋さん カマチトンタクって聞いたことないチキン屋さんでどこにあるのかわからず シウォンペンさんに聞いてみたけどわからず そしたらシウォンさんがお店のインスタのアカウントをインスタストーリーにあげてくれて そこで店舗検索 12 23に狎鴎亭に新店舗がオープンしていて そこなら私でも迷わず行けそうなので いざ狎鴎亭へ 狎鴎亭の駅で降りたらなんとホームにいきなりシウォンさんが  きゃ  お店に着いて 1人だけど席ありますか  と聞いて 席に案内してもらいました 壁にもシウォンさん 冷蔵庫にもシウォンさん メニューの表と裏にもシウォンさん シウォンさんだらけの店内  これはシウォンペンさんには夢のような空間ね  お店のお兄さんに 何が一番人気ですか  と聞いたら このお店の名前にもなっているトンタク 丸焼き かフライドコンボを勧めてくれて 1人で丸焼き食べるのもなんだし フライドコンボを頼みました 衣はサクサク シンプルにお塩を付けていただくフライドチキン  美味しかった 1人では食べきれないのと シウォンさんの写真入りの箱が欲しくて 半分お持ち帰りにしました 9枚目の画像は 元旦の夜に狎鴎亭にミュージカルを観に行った帰りに寄ってみたら 閉まっていたものです 他の味も食べたかったな 残念  10枚目の画像はお借りしました   gamachi_official  siwonchoiぜひ日本に進出して下さい  韓国  韓国旅行  韓国ひとり旅  ソウル  狎鴎亭  カマチトンタク  フライドチキン 한국  한국여행  서울  압구정  가마치통닭 치맥  치킨  맥주  シウォン  시원  Siwon  始源,60.0,gyu_keiko1025,"['#韓国', '#韓国旅行', '#韓国ひとり旅', '#ソウル', '#狎鴎亭', '#カマチトンタク', '#フライドチキン', '#한국', '#한국여행', '#서울', '#압구정', '#가마치통닭', '#치맥', '#치킨', '#맥주', '#シウォン', '#시원', '#Siwon', '#始源']"
후배님  송별회  고생많으셨습니다 옛날  치킨   감성  이게 이렇게 맛있을 일이여  in  천안  맛집 희미한옛사랑의그림자 feat  맥주  삐루  소주   맛있다   좋아요  good    일상스타그램  일상  daily  주말    먹스타그램  맛스타그램  술스타그램  instagram  instagood  instadaily  instafood,40.0,teo0313,"['#치킨', '#in', '#천안', '#맛집', '#feat', '#맥주', '#소주', '#맛있다', '#좋아요', '#good', '#일상스타그램', '#일상', '#daily', '#주말', '#먹스타그램', '#맛스타그램', '#술스타그램', '#instagram', '#instagood', '#instadaily', '#instafood']"
 철인7호 럭키세트 출시 바로 내린 생맥주가 우리집으로 맥주 4캔 만원 럭키세트가 출시됩니다 맥주에 딱 어울리는 메뉴로철인7호 오리지날 치킨을 빼놓을 수 없죠   일일 한정 수량이니 월요일부터 치맥 고    편의점 안가도 됨    본 이벤트는 지점별로 상이할 수 있습니다  일부 지점에 한해 피쳐 2000cc 로 제공될 수 있습니다   맥주  철인7호  철인7호치킨  치맥은철인7호에서  치킨  치킨추천  치맥  가성비맥주  맥주안주  맥주4캔  맥주4캔만원,40.0,cheolin7,"['#맥주', '#철인7호', '#철인7호치킨', '#치맥은철인7호에서', '#치킨', '#치킨추천', '#치맥', '#가성비맥주', '#맥주안주', '#맥주4캔', '#맥주4캔만원']"
 검은 토끼의 해  나의 운세는  새해에 운세를 보는 것은 당연하지  새해 운세 보기 전에 오늘의 운세를 먼저 봐야지 오늘 나의 운세는    겉모습만 보고 판단하지 마라  반전 매력이 숨겨 있을 것이다  가 나왔어  그럼 자메이카 소떡만나치킨 아니냐고  보기와는 다르게 속은 엄청 촉촉하고 부드러운 게 겉바속촉인데 완전    그럼 이제 새해 운세를 볼까 내 새해 운세는 검은 토끼 해에도 당근 BBQ이묘  이번 해에는 BBQ 왕창 먹어야겠다 오늘은 자메이카 소떡만나치킨 너로 정했답   Best of the Best Quality  BBQ 댓글 EVENT   친구  가족  지인을 태그 하여  검은 토끼의 해  새해 하면 떠오르는 것 을 댓글로 자유롭게 남겨주세요  추첨을 통해 총 2명에게  신메뉴 자메이카 소떡만나치킨 레몬보이 2캔  기프티콘을 선물해 드립니다 기한   2023년 1월 11일  수 까지  해당 게시물 좋아요   본 계정 팔로우해주신 분 공개 계정 에 한해 이벤트 참여 인정됩니다 ,513.0,bbq_offi,[]
겉바속촉 순살  치킨 라인업 버거만큼이나 인기가 많은 치킨 사이드 브로머거 특유 염지 기법으로 비린맛 하나없이 촉촉  하게 순살 치킨으로특제 간장소스와 유자청의 만남으로단짠단짠 간장유자순살 치킨 과크리미란 마요소스와 아삭한 어니언스라이스로개운하게 입맛을 사로 잡는 어니언 마요순살 버거와 함께 또는 사이드만 단독으로  브로버거  수제버거  수제버거맛집  햄버거  햄버거맛집  햄버거스타그램  버거스타그램  버거  버거맛집  방이동맛집  방이역맛집  방이동먹자골목맛집  방이동맛집추천  올림픽공원맛집  광명맛집  광명역맛집  광명맛집추천,254.0,bro_burger_,"['#치킨', '#브로버거', '#수제버거', '#수제버거맛집', '#햄버거', '#햄버거맛집', '#햄버거스타그램', '#버거스타그램', '#버거', '#버거맛집', '#방이동맛집', '#방이역맛집', '#방이동먹자골목맛집', '#방이동맛집추천', '#올림픽공원맛집', '#광명맛집', '#광명역맛집', '#광명맛집추천']"
언제 먹어도 맛있는 bhc치킨  창원 성주동  bhc 오늘은 일주일에 3번은 먹어줘야하는 치킨을 먹었어요 성주동 더스퀘어 건물에 있는 bhc에요제일 기본인 반반치킨에 치즈볼추가  후라이드는 진짜  너무 바삭 함은 기본에 기름도 너무 깨끗해서 밝은 노란색을 띄는데ㅠㅠ한입 베어무니까 바사사사사삭  소리때문에 귀르가즘 닭살 챱챱너무 고소하고 겉바속촉저는 후라이드를 개인적으로 너무 좋아해요ㅜㅜ후라이드만 먹다보면 좀 느끼한데 그때쯤 양념으로 갈아타야죠달고 짭쪼름 단 짠의 조화  양념이 매워보이게 빨갛지만 전혀 맵지 않아요 맵찔이도 맛있게 드실 수 있어요bhc치즈볼은  말모  고소하고 달고 짭조름하고  고 단 짠 짱   사장님도 너무 친절하시구ㅠㅠ양도 너무 많아서 남은건 바로 포장했어요ㅎㅎ오늘 저녁 야식은 bhc추천 드려요    위치경남 창원시 성산구 대암로 247 매일12 00 23 30 휴무일은 매장으로 확인  0504 0999 3614 창원맛집 창원치킨 치킨맛집 치킨 대방동맛집 성주동맛집 성주동bhc bhc치킨 bhc 후라이드맛집 양념치킨맛집 창원맛집추천 먹스타그램 먹스타 맛스타그램 맛스타 먹팔 맞팔 먹팔맞팔 좋아요반사 좋반 푸드 푸드스타그램 food foodstagram,138.0,yam2yam2_food,"['#bhc', '#창원맛집', '#창원치킨', '#치킨맛집', '#치킨', '#대방동맛집', '#성주동맛집', '#성주동bhc', '#bhc치킨', '#bhc', '#후라이드맛집', '#양념치킨맛집', '#창원맛집추천', '#먹스타그램', '#먹스타', '#맛스타그램', '#맛스타', '#먹팔', '#맞팔', '#먹팔맞팔', '#좋아요반사', '#좋반', '#푸드', '#푸드스타그램', '#food', '#foodstagram']"
옹기골바베큐  합정  합정에 있는 포스 있어 보이는 호프집  옹기골이란 이름  먹어주게 생긴 외관 및 외부 간판은 올드 스쿨 그 자체인데  칠면조 두부 김치라는 메뉴는 정말 대혼돈의 퓨전이죠  뭔가 추수감사절에 가야할 것 같은 분위기죠  그래서 11월말에 다녀온 곳입니다   마성의 칠면조 두부김치가 있는 곳이지만  이날 술을 마실 수 있는 날이 아니기 때문에  소금구이 통닭을 주문했고요  적당히 기름의 감칠맛과 소금의 짭쪼롬함이 괜찮은 메뉴이고  꼬릿꼬릿한 내부 분위기도 아주 술을 부르는 분위기긴 했어요  실제로 저희 테이블 외에 다른 테이블은 남녀노소 가릴 것 없이 걸쭉하게 취해 계셨음 ㅋㅋ  먹태를 매장에서 굽고 있기 때문에  처음에 들어갈때 엄청 구리구리한 느낌이 나는데  그게 또 이집의 매력인 듯   옹기골바베큐  합정맛집  서울맛집  홍대술집  회식  홍대맛집추천  합정역맛집  상수맛집  술안주  야식  치킨추천  치킨  치킨   바베큐  불토,243.0,seoul__foodie_,"['#옹기골바베큐', '#합정맛집', '#서울맛집', '#홍대술집', '#회식', '#홍대맛집추천', '#합정역맛집', '#상수맛집', '#술안주', '#야식', '#치킨추천', '#치킨', '#치킨🍗', '#바베큐', '#불토']"
   밀린피드 그 담날   boss8586v 송도에꽃핀닭   연일에 아는사람이 너무 없어서 모임을 만들었다어쩌다보니 전부 다 3학년  곧 4학년     3남매팀은 먼저 떠나서 사진이    떡볶이에 감자튀김에 치킨에엄청 먹었는데 먹느라 사진이     뒤늦게 받음  낮에는 학교서 밥 안먹는다 그래서전날 장봐서 피자 5판이나 구워 먹였는데또 사진이    ㅋㅋㅋㅋ  서비스 진짜진짜 많이 주시고 엄청 넓고 맛있고화장실 위생용품까지 대박 핫한 샤넬소주까지 먹어보고송도에 꽃핀닭 추천합니달ㅋㅋ   포항맛집  송도에꽃핀닭  치킨  떡볶이  감자튀김  연일모임,56.0,_jjin_mom,"['#밀린피드', '#포항맛집', '#송도에꽃핀닭', '#치킨', '#떡볶이', '#감자튀김', '#연일모임']"
  2023 계묘년 맞이 팔로우 이벤트    bareun_mket 팔로우  하고 게시글 좋아요  꾹  누른 뒤댓글만 남기면 참여 완료  참 쉽죠   바른마켓 팔로우하고 제품  특가할인 소식 챙겨가세요   당첨확률 올리는 꿀TIP  댓글에  친구소환 하면 확률 UP 게시물 공유하면 2배로 UPUP   이벤트 참여 기간  23  01  09  월    23  01  24  화   이벤트 경품  BHC 후라이드치킨 콜라 1 25L  5명 스타벅스 아이스 카페 아메리카노 Tall  10명   당첨자 발표  23  01  27  금  2023년에도 여러분에게 더  좋은 제품으로찾아 뵙는 바른마켓이 되겠습니다      바른마켓 을 구경하고 싶다면    프로필 링크 클릭   https   smartstore naver com smhael 바른마켓  온라인쇼핑몰  이벤트  팔로우이벤트 BHC  치킨  기프티콘  스타벅스  이벤트참여 경품  치킨세트  팔로우  좋아요  event,99.0,bareun_mket,"['#특가할인', '#바른마켓', '#온라인쇼핑몰', '#이벤트', '#팔로우이벤트', '#BHC', '#치킨', '#기프티콘', '#스타벅스', '#이벤트참여', '#경품', '#치킨세트', '#팔로우', '#좋아요', '#event']"
 혜화동버거 맛점하세요 점심식사를 할 만한 곳을 검색하다가발견한곳  배가 고파서  파랑씨어터 에서가까운 곳으로만 찾기 시작  버거집에 대한 광고가 많이 올라온다 밑져야본전 그냥 고고  맛은 그냥 쏘쏘  도넛과 치킨의 결합이라 조금은 신선했다비주얼만 좋은 곳으로ㅋㅋ그래도 사진찍고배고플때 허겁지겁 먹을만함 장소   혜화동 버거 주소   서울 종로구 동숭3길 6 4 1층참고로 초딩 입맛에는 아주맛있었다고 함ㅋㅋ 햄버거  초딩버거  버거맛집  대학로카페 혜화동가볼만한곳  치킨  점심식사  가족먹방  먹방  가족샷  주말데이트  주말나들이,68.0,jaewin_trip,"['#혜화동버거', '#맛점하세요', '#파랑씨어터', '#밑져야본전', '#햄버거', '#초딩버거', '#버거맛집', '#대학로카페', '#혜화동가볼만한곳', '#치킨', '#점심식사', '#가족먹방', '#먹방', '#가족샷', '#주말데이트', '#주말나들이']"
 광고 훌랄라참숯불치킨  구리역점 참숯치즈양념구이  신메뉴 출시  안녕하세요 대한민국 대표 바베큐 훌랄라 참숯치킨  숯에 구워내는 웰빙 숯불치킨 전문점  훌랄라참숯불치킨  구리역점에 다녀왔어요   0507 1381 9916주소 경기 구리시 건원대로34번길 25 신아월드코아 2층  205호메뉴주문 참숯치즈양념구이  주먹밥  콜라치킨은 구워도 튀겨도 다 맛있잖아요 ㅎㅎ이번에 새로 오픈한  훌랄라참숯불치킨  구리역점은 분위기도 깔끔하고 분위기도 좋아서 단체 모임에도 좋을것 같더라구요  신메뉴  참숯치즈양념구이 은 치즈소스가 거의 비빔수준로 푸짐했어요  치즈소스로 버무려져 비주얼도 대박인데  맛있는 냄새가 진짜     치킨는 뼈랑 순살로 고민하다가   뼈로 했는데요진짜 얼마나 맛있는지 뼈가 쏙쏙 발려지는 맛에 치즈소스 곁들인 참숯치즈양념구이가 먹는 내내 비주얼도 미쳤고 맛도 최고 였어요  혹시나 양념이라 맵지 않을까 했는데   듬뿍 뿌려진 치즈소스가 매운맛은 잡아주면서 참숯양념과의 조합이 환상적  바베큐만 맛있는줄 알았는데 양념도 맛있더라구요   그리고 주먹밥은 비닐장갑 끼고 조물조물 해서 동글동글한 모양으로 만들어 먹으면 되는데요김가루에 버무려저 그냥 먹어도 맛있지만 소스에 찍어 먹으니 이 또한 힐링의 맛  밥이라도 더 넣어 비벼먹고 싶더라구요 ㅎㅎ정말 제대로 맛있는 달콤매콤의 맛  조만간 배달음식 시킬때 한번더 시켜먹어야 겠어요 hoolala_official  훌랄라치킨  훌랄라치킨구리점  치킨  치맥  구리맛집  구리치킨  바베큐치킨  먹스타  먹부림  jmt  냠냠  음식  맛있다  맛있다그램  맛스타  맛있어  맛집인정  먹방  맛집추천  배달  배달음식,487.0,han_ily2014,"['#광고[훌랄라참숯불치킨]', '#hoolala_official', '#훌랄라치킨', '#훌랄라치킨구리점', '#치킨', '#치맥', '#구리맛집', '#구리치킨', '#바베큐치킨', '#먹스타', '#먹부림', '#jmt', '#냠냠', '#음식', '#맛있다', '#맛있다그램', '#맛스타', '#맛있어', '#맛집인정', '#먹방', '#맛집추천', '#배달', '#배달음식']"
20년전 스포츠센터 회원님께서  yun_kangok 언니와 두번째 방문을 해주셔서 진심으로 감사드리며 소중한 인연이 오래오래 갈수 있도록 더 잘할께요    따스함이 느껴지는 소중하고 행복한 한주 보내세요  달밤치킨 소중한인연 감사하며 영등포공원앞 영등포역1번출구 신길역3번출구 영등포공원맛집 영등포치킨맛집 골뱅이쫄면맛집 부산미도어묵탕맛집 오뎅떡볶이맛집 마늘간장치킨맛집 생맥주맛있는집 노가리맛집 치맥 치킨 커플맛집 혼술맛집 소주 일상 소통환영 팔로우해요 맞팔 소통해요 파로우환영 맞팔해요 좋아요 인스타,102.0,moonlight_chicken,"['#달밤치킨', '#소중한인연', '#감사하며', '#영등포공원앞', '#영등포역1번출구', '#신길역3번출구', '#영등포공원맛집', '#영등포치킨맛집', '#골뱅이쫄면맛집', '#부산미도어묵탕맛집', '#오뎅떡볶이맛집', '#마늘간장치킨맛집', '#생맥주맛있는집', '#노가리맛집', '#치맥', '#치킨', '#커플맛집', '#혼술맛집', '#소주', '#일상', '#소통환영', '#팔로우해요', '#맞팔', '#소통해요', '#파로우환영', '#맞팔해요', '#좋아요', '#인스타']"
 맛있는추억     8일 혼술 애주가 중독 알콜중독밖에서 동생분들이 불쌍한지 안주를 갔다 주네요     대게조림   망고  새우 꽃새우   닭새우   치킨 난 소곱창 돼지껍데기  제로소주 음     죽변항 원피스수산에서,161.0,seongbogkim,"['#맛있는추억', '#8일', '#혼술', '#애주가', '#중독', '#알콜중독밖에서', '#대게조림🦀', '#망고', '#새우', '#꽃새우🦐', '#닭새우🦐', '#치킨', '#난', '#소곱창', '#돼지껍데기', '#제로소주', '#죽변항', '#원피스수산에서']"
 업체로부터제공받은제품입니다 순살치킨 도우찌  hotstarkorea_douji_official 닭다리순살 과  닭껍질튀김  입니다 자취를 하다보면 밤늦게 야식을시켜먹는 경우가 있는데요 시간이 너무 애매할때는 야식 끝판왕치킨집도 닫을때가 있어요  그럴때 구비해두시면 좋은 도우찌의냉동 순살 치킨입니다  닭다리순살은부드럽고 육즙 가득한 순 닭다리살 부위를이용해 만들어 쫄깃한데다가  특제 양념으로 입에 넣었을때 달콤  짭잘  매콤 세가지 맛이 조화를 이루는 제품이에요  닭껍질 튀김은 바삭함이 미쳤어요ㅠㅠ에어프라이어가 집에 없어 모두 프라이팬으로 조리를 했는데 사실 프라이팬 조리가 에어프라이어보단바삭함이 떨어지잖아요 그래서 별 기대를 안했는데프라이팬으로해도 너무너무 바삭한거 있죠ㅠㅠ또 닭껍질 튀김의 경우엔 스윗츄 스파이시 시즈닝이 들어있어기호에 따라 시즈닝을 뿌려 드실 수 있어요 저처럼 1인 가구에 가끔 술을 마셔서두고두고 먹을 수 있는 맛있는 안주가필요하신 분들께 추천드려요 제품이 5분 7분 사이에 완성돼서 간편하고짭잘 달콤해서 전 밥반찬으로도 먹고있답니다  쿠팡  네이버  G마켓  옥션  11번가  위메프에서 도우찌 를 검색하시면 제품을 구매하실 수 있으니참고해주세요  CJ프레시웨이 인스타그램    hotstarkorea_douji_official 협찬  냉동치킨  에어프라이어치킨  에어프라이어  닭다리살치킨  순살치킨  냉동식품  치킨  닭껍질튀김  맥주안주추천  홈파티메뉴  야식추천  간편식  닭다리살  닭가슴살  닭껍질  맥주  홈파티  안주  야식  반찬  반찬도시락  도우찌,119.0,seoul_nadle_2,"['#업체로부터제공받은제품입니다⭐순살치킨⭐도우찌', '#협찬', '#냉동치킨', '#에어프라이어치킨', '#에어프라이어', '#닭다리살치킨', '#순살치킨', '#냉동식품', '#치킨', '#닭껍질튀김', '#맥주안주추천', '#홈파티메뉴', '#야식추천', '#간편식', '#닭다리살', '#닭가슴살', '#닭껍질', '#맥주', '#홈파티', '#안주', '#야식', '#반찬', '#반찬도시락', '#도우찌']"
2023 01 09 아침밥상어제 장을 못봐 오늘은 냉파로 차렸어요  무언가 부족한듯한 밥상입니다        육개장 가라아게 치킨 메추리일장조림 어묵볶음 과일 아침밥상 아침밥 집밥 매일밥상 엄마밥상 엄마밥 예쁜밥상 홈쿡 온더테이블 인스타푸드 우리집식탁 밥스타그램 요리스타그램 음식스타그램 먹스타그램 맛스타그램 푸드스타그램 가족스타그램 워킹맘스타그램 아침밥스타그램 따뜻한아침 월요일 화이팅   ,116.0,superazum,"['#육개장', '#가라아게', '#치킨', '#메추리일장조림', '#어묵볶음', '#과일', '#아침밥상', '#아침밥', '#집밥', '#매일밥상', '#엄마밥상', '#엄마밥', '#예쁜밥상', '#홈쿡', '#온더테이블', '#인스타푸드', '#우리집식탁', '#밥스타그램', '#요리스타그램', '#음식스타그램', '#먹스타그램', '#맛스타그램', '#푸드스타그램', '#가족스타그램', '#워킹맘스타그램', '#아침밥스타그램', '#따뜻한아침', '#월요일', '#화이팅', '#❤️']"
  오목교  보드람치킨  치킨에 양배추사라다   이거 못 막습니다 점심 약속 이후 두 백수가 뭉쳐 방문했던보드람치킨점심을 먹고 난 뒤임에도 얇은 튀김옷에 딸려오는 살코기에양배추사라다를 머금으니    소맥을 자연스레 시킬 수 밖에 없다 낮술은 악마의 속삭임이라고했던가   _결국 둘이 소주 맥주를 각 3병 8병씩 격파 근데 낮술 치킨 샐러드 소맥 삼위일체를 어찌 참겠     옛날통닭 느낌의 사라다까지 챙기실어른입맛분들께는 역시 보드람입니다     서울 양천구 오목로 337 15   치킨   20 000원  목동맛집  오목교맛집  sbs  치킨  소맥  치킨스타그램  먹스타그램  먹팔하면맞팔  선팔맞팔  선팔하면맞팔  인친해요  인친환영  소통해요  소통  chicken  koreafood  foodie  foodstagram  likeforlikes  followforfollowback  picoftheday  soju  beerstagram  직장인스타그램,201.0,garden_2g,"['#오목교', '#보드람치킨', '#목동맛집', '#오목교맛집', '#sbs', '#치킨', '#소맥', '#치킨스타그램', '#먹스타그램', '#먹팔하면맞팔', '#선팔맞팔', '#선팔하면맞팔', '#인친해요', '#인친환영', '#소통해요', '#소통', '#chicken', '#koreafood', '#foodie', '#foodstagram', '#likeforlikes', '#followforfollowback', '#picoftheday', '#soju', '#beerstagram', '#직장인스타그램']"
Es la preocupación por las posesiones  más que ninguna otra cosa  lo que evita que el hombre viva noble y libremente  instafood  goodfood  먹스타그램  먹방  먹부림  맛스타그램  foodpic  냠냠  yummy  맛스타  먹스타  맛있다  맛있다그램  맛있는음식  푸드  디저트  치킨  치맥  야식  빵순이  travel  데일리  일상,83.0,khriz_1802,"['#instafood', '#goodfood', '#먹스타그램', '#먹방', '#먹부림', '#맛스타그램', '#foodpic', '#냠냠', '#yummy', '#맛스타', '#먹스타', '#맛있다', '#맛있다그램', '#맛있는음식', '#푸드', '#디저트', '#치킨', '#치맥', '#야식', '#빵순이', '#travel', '#데일리', '#일상']"
2023 01 04  아바타 영화관람 후 서울행 겨울방학 아바타2아이맥스레이저3d  엠베서더서울풀만 풀사이드스위트룸  어반이스케이프 야외노천탕  치킨 칵테일  내일또놀자  속초에서사온달고나,136.0,cheolo.park,"['#겨울방학', '#아바타2아이맥스레이저3d', '#엠베서더서울풀만', '#풀사이드스위트룸', '#어반이스케이프', '#야외노천탕', '#치킨', '#칵테일', '#내일또놀자', '#속초에서사온달고나']"
치킨 피자 등등 무료로 먹으면서 살아가는 자취생   huck krhttps   huck kr 7056          서울  무료  치킨  love  korea  피자  유머짤  유머스타그램  daily  꿀잼  좋아요  움짤  자취생  짤  개그  헉  등등  유머  데일리  seoul  huck  연애인  일상  이슈  헉짤 ,60.0,huck.kr,"['#서울', '#무료', '#치킨', '#love', '#korea', '#피자', '#유머짤', '#유머스타그램', '#daily', '#꿀잼', '#좋아요', '#움짤', '#자취생', '#짤', '#개그', '#헉', '#등등', '#유머', '#데일리', '#seoul', '#huck', '#연애인', '#일상', '#이슈', '#헉짤.']"
230107   718days 집콕 하느라 사진도 없는 주말  힣우래기 나중에 프로게이머 될랑가 _ 하나씩 입문해가는 맛도리들오늘은 치킨이다아      시호타임  주말일상,41.0,sihotime__z,"['#718days', '#시호타임', '#주말일상']"
Bhc 맛초킹 콤보   치즈볼은 치즈 굳기전에  단짠단짠 치킨은 언제먹어도 맛있네요 마무리는 치밥으로 마무리 ,86.0,naegiboonmarch,[]
성신여대 통닭맛집 닭만리국수찾아 닭만리로 유명한 맛집이예요  집근처에 생긴 성신점은 매장이 넓더라구요 여전히 맛있는 짜콘치로 오늘 저녁도 행복했어요  성신여대맛집 통닭 치킨 돈암동맛집 데이트맛집 성신여대데이트 성신여대맛집닭만리 종로3가맛집 인생맛집 서울맛집 익선동맛집 고대맛집 안암맛집,113.0,biibini_44,"['#닭만리국수찾아', '#성신여대맛집', '#통닭', '#치킨', '#돈암동맛집', '#데이트맛집', '#성신여대데이트', '#성신여대맛집닭만리', '#종로3가맛집', '#인생맛집', '#서울맛집', '#익선동맛집', '#고대맛집', '#안암맛집']"
거제 아주  누구나홀딱반한닭                               맛집스타그램  맛스타그램  맛있다그램  먹스타그램  오늘뭐먹지  야식  꿀맛  존맛  존맛탱  핵존맛  먹스타그램  먹스타  먹스타맞팔  먹팔  먹팔  먹팔해요  먹팔환영  먹팔하면맞팔  먹팔맞팔  치킨  좋반테러  좋아요반사  좋아요  맛집  거제,105.0,geojefoood,"['#누구나홀딱반한닭', '#맛집스타그램', '#맛스타그램', '#맛있다그램', '#먹스타그램', '#오늘뭐먹지', '#야식', '#꿀맛', '#존맛', '#존맛탱', '#핵존맛', '#먹스타그램', '#먹스타', '#먹스타맞팔', '#먹팔', '#먹팔', '#먹팔해요', '#먹팔환영', '#먹팔하면맞팔', '#먹팔맞팔', '#치킨', '#좋반테러', '#좋아요반사', '#좋아요', '#맛집', '#거제']"
팟타이 업글용 치킨팟타이 역시 나는 치킨하고 뗄레야 뗄수없나봐 팟타이를 먹는대도 치느님을 잊지않았다치느님 난 계속 보고싶지만  오늘은 이렇게 되었어용 여러분 치킨팟타이 맛있습니다  일요일  미금역  메콩타이  쌀국수 치킨  팟타이  나시고랭  볶음쌀국수  먹팔  먹방  먹팔소통  소통  소통해요  먹팔하면맞팔  먹팔해요  먹팔맞팔  먹스타  먹팔환영,44.0,taiwan_wanle,"['#일요일', '#미금역', '#메콩타이', '#쌀국수', '#치킨', '#팟타이', '#나시고랭', '#볶음쌀국수', '#먹팔', '#먹방', '#먹팔소통', '#소통', '#소통해요', '#먹팔하면맞팔', '#먹팔해요', '#먹팔맞팔', '#먹스타', '#먹팔환영']"
2023 01 08 일요일  밥기록 술기록아침은  순대국 엄마반찬점심은  스타벅스 크리스마스원두로 내린  아메리카노 옥수수모닝빵에그마요 제주사파이어키위저녁은  딸이랑첫술 굽네오리지널 굽네닭발 볼파스엔젤맨 노티드스마일위트에일 로 시작해서맥주마다 맛보고 싶데서냉장고에 있는 맥주 종류별로 다 꺼내 마심 하이네켄실버 칭따오 스텔라아르투아따님 첫 술자리라 다 전용잔에 따라 드림ㅋ남은 맥주는 내꺼설거지도 내몫먹는양이 적어서 맥주도 많이 못드시는 따님다행이네 딸을 낳던 날이 아직도 생생한데벌써 그 아가가 커서 나랑 술을 마시다니기분이 묘하다언제 이리 컸나싶네 오늘 학원 마지막날  진짜 입시 끝  나는 날이라쌤께 감사의 마음을 보냈다딸의 마음과 내 마음에 좋아하셨으면 타르트엘 제이에스티나 오늘뭐먹지 집밥 커피 치킨 오늘뭐마시지 맥주 먹팔맞팔 좋아요 딸에게치맥할래하는엄마 술은엄마한테배워야지 대학가서도 조금만마시자,49.0,bbakkujabi79,"['#밥기록', '#술기록아침은', '#순대국', '#엄마반찬점심은', '#스타벅스', '#아메리카노', '#옥수수모닝빵에그마요', '#제주사파이어키위저녁은', '#딸이랑첫술', '#굽네오리지널', '#굽네닭발', '#볼파스엔젤맨', '#노티드스마일위트에일', '#하이네켄실버', '#칭따오', '#스텔라아르투아따님', '#타르트엘', '#제이에스티나', '#오늘뭐먹지', '#집밥', '#커피', '#치킨', '#오늘뭐마시지', '#맥주', '#먹팔맞팔', '#좋아요', '#딸에게치맥할래하는엄마', '#술은엄마한테배워야지', '#대학가서도', '#조금만마시자']"
부산 전포동   조장닭고기 부위별로 먹을 수 있는 곳이었어요 자리도 넓고 분위기도 괜찮았어요 고기는 직원분들이 직접 다 구워주셔서 편했어요   조장  전포맛집  전포술집  닭고기  치킨  chicken  맛집  먹팔  food  맞팔  follow,44.0,sjun0209,"['#조장', '#전포맛집', '#전포술집', '#닭고기', '#치킨', '#chicken', '#맛집', '#먹팔', '#food', '#맞팔', '#follow']"
푸파하는 그녀들     맥주  불닭볶음면  참깨라면  고기만두  치킨  가마치통닭  과자  푸파     요리스타그램  먹방스타그램  선팔환영  맞팔  먹방  좋아요  좋아요반사  일상  일상스타그램  먹스타그램  먹스타  먹팔  소통  맞팔환영  맞팔100  좋아요테러  맞팔선팔환영  선팔하면맞팔  선팔하면맞팔가요  맛스타그램촵촵  먹스타그램촵촵,98.0,jyp_my_name,"['#맥주', '#불닭볶음면', '#참깨라면', '#고기만두', '#치킨', '#가마치통닭', '#과자', '#푸파', '#요리스타그램', '#먹방스타그램', '#선팔환영', '#맞팔', '#먹방', '#좋아요', '#좋아요반사', '#일상', '#일상스타그램', '#먹스타그램', '#먹스타', '#먹팔', '#소통', '#맞팔환영', '#맞팔100', '#좋아요테러', '#맞팔선팔환영', '#선팔하면맞팔', '#선팔하면맞팔가요', '#맛스타그램촵촵', '#먹스타그램촵촵']"
토론토 안주정말 안주가 다양해요  간장게장도 있지요    toronto  torontolife  torontofood  안주  안주스타그램  치킨  골뱅이  술국  해외여행  여행이좋다  즐거운시간  신나는놀이  먹스타그램   먹을때행복해  먹팔러  푸드스타일,210.0,bebestory81,"['#toronto', '#torontolife', '#torontofood', '#안주', '#안주스타그램', '#치킨', '#골뱅이', '#술국', '#해외여행', '#여행이좋다', '#즐거운시간', '#신나는놀이', '#먹스타그램🐷', '#먹을때행복해', '#먹팔러', '#푸드스타일']"
 제주기록               치킨 사진은 어디간지 모르겠지만양념치킨이 매 우 맛있는 성산  어머니닭집               무심한 목소리로 주문받으시지만 양념 맛은 결코 무심하지 않았다 꼭 꼭 주문시에 양념 넉넉히 넣어달라고한 다음 햇반 하나 데워서 치밥까지 해주세요                  제주살이  성산맛집  제주맛집  제주일상,108.0,im__kjh,"['#제주기록', '#어머니닭집', '#제주살이', '#성산맛집', '#제주맛집', '#제주일상']"
      HAPPY 2023  10  새해 첫 치킨을 주문합니다   네네치킨 순살오리엔탈치킨은 언제나 옳다   네네치킨  순살  치킨  파닭  순살치킨  순살파닭  순살오리엔탈파닭  소떡소떡  꿀맛탱  꾸르맛  꾸르맛탱  소소한  일요일  저녁  행복  먹팔  먹팔맞팔  먹스타그램  맛스타그램  소소안보,58.0,soso_securitism,"['#10', '#네네치킨', '#순살', '#치킨', '#파닭', '#순살치킨', '#순살파닭', '#순살오리엔탈파닭', '#소떡소떡', '#꿀맛탱', '#꾸르맛', '#꾸르맛탱', '#소소한', '#일요일', '#저녁', '#행복', '#먹팔', '#먹팔맞팔', '#먹스타그램', '#맛스타그램', '#소소안보']"
                                 주기적으로 먹어줘야 함   최애 치킨 코리안바베큐매콤한 양념이 진짜 맛있어요        코리안바베큐,51.0,daldal_hh,['#코리안바베큐']
 굽네치킨 남해 마늘바사삭 굽네치킨에서 고추바사삭에 이어 바사삭 시리즈남해 마늘바사삭  알블링 고블링소스가 같이왔습니다알블링은 알싸한마늘소스느낌고블링은 매콤한 고추바사삭때 소스느낌소스 꼭 찍어드세요 맛있어요   바사삭이란 이름 만큼 바사삭할줄 알았으나 그렇게 바사삭 하진 않습니당구운 통마늘도 치킨에 같이 들어있어요가격   19 000원  별점   7 5 굽네치킨  치킨  배곧야식  야식  배곧  배달음식  남해마늘바사삭  마늘바사삭치킨  굽네남해마늘바사삭  굽네마늘바사삭  께룩맛집감별사,49.0,h__rowa,"['#굽네치킨', '#치킨', '#배곧야식', '#야식', '#배곧', '#배달음식', '#남해마늘바사삭', '#마늘바사삭치킨', '#굽네남해마늘바사삭', '#굽네마늘바사삭', '#께룩맛집감별사']"
오늘 저녁에는 감동의 3가지맛 치킨오랜만에 먹으니 엄청 맛있네요 역시 감동치즈볼과 맥주도 맛있게 같이 먹었어요  치킨  치즈볼  맥주  울산  언양  부산  운동  헬스  근력증가  오운완  40대  weighttraining  bodybuilding  헬확행  바디프로필  다이어트  ISFP  음식  요리  다도  Teatime  게임  플레이스테이션5  닌텐도스위치  ps5  nintendoswitch  행복하자  English  日本語,117.0,kimsang_il_81,"['#치킨', '#치즈볼', '#맥주', '#울산', '#언양', '#부산', '#운동', '#헬스', '#근력증가', '#오운완', '#40대', '#weighttraining', '#bodybuilding', '#헬확행', '#바디프로필', '#다이어트', '#ISFP', '#음식', '#요리', '#다도', '#Teatime', '#게임', '#플레이스테이션5', '#닌텐도스위치', '#ps5', '#nintendoswitch', '#행복하자', '#English', '#日本語']"
새해에 처음 먹는 로스트치킨  바삭함이 살아있다 ,107.0,manimukang,[]
 첫줄 엄빠 최애 치킨 지코바 ㅎㅎㅎ   본집 갈때마다 시켜먹는 중 ㅎ 사장님이 단골이라고 맨날 서비스 챙겨주심  지코바  지코바치킨  지코바숯불양념치킨  숯불양념치킨  치킨  소금구이치킨  지코바치밥  음식  먹스타  맛스타그램  먹스타  먹방  음식스타그램  요리  먹부림  존맛  집밥  다이어트  일상  맛있다그램  일상스타그램  맛스타  푸드스타그램  카페  먹팔  요리스타그램  음식  야식  먹방스타그램  홈쿡  맛집추천,547.0,muk.__.rim,"['#첫줄', '#지코바', '#지코바치킨', '#지코바숯불양념치킨', '#숯불양념치킨', '#치킨', '#소금구이치킨', '#지코바치밥', '#음식', '#먹스타', '#맛스타그램', '#먹스타', '#먹방', '#음식스타그램', '#요리', '#먹부림', '#존맛', '#집밥', '#다이어트', '#일상', '#맛있다그램', '#일상스타그램', '#맛스타', '#푸드스타그램', '#카페', '#먹팔', '#요리스타그램', '#음식', '#야식', '#먹방스타그램', '#홈쿡', '#맛집추천']"
 첫줄 언제 먹어도 맛있는 교촌 레드콤보와신전 떡볶잉     교촌치킨  교촌  교촌레드콤보  레드콤보  치킨  웨지감자  감자튀김  신전떡볶이  닭껍질튀김  오징어튀김  김말이  스팸마요덮밥  음식  먹스타  맛스타그램  먹스타  먹방  음식스타그램  요리  먹부림  존맛  집밥  다이어트  일상  맛있다그램  일상스타그램  맛스타  푸드스타그램  카페  먹팔,553.0,muk.__.rim,"['#첫줄', '#교촌치킨', '#교촌', '#교촌레드콤보', '#레드콤보', '#치킨', '#웨지감자', '#감자튀김', '#신전떡볶이', '#닭껍질튀김', '#오징어튀김', '#김말이', '#스팸마요덮밥', '#음식', '#먹스타', '#맛스타그램', '#먹스타', '#먹방', '#음식스타그램', '#요리', '#먹부림', '#존맛', '#집밥', '#다이어트', '#일상', '#맛있다그램', '#일상스타그램', '#맛스타', '#푸드스타그램', '#카페', '#먹팔']"
군포 로컬 추천으로 방문한 호프집    진짜 여기 가성비 미쳤다    이런곳을 알게 되다니 굿굿                                                먹방  다이어트  먹스타그램  호프  골뱅이무침  군포맛집  가성비  몽마르치킨호프  치킨  먹태  한잔해  군포역맛집  양미침  韓国グルメ  韓国料理  うまい 居酒屋  食べスタグラム  食べログ  ごちそうさまでした,69.0,sc.dc,"['#먹방', '#다이어트', '#먹스타그램', '#호프', '#골뱅이무침', '#군포맛집', '#가성비', '#몽마르치킨호프', '#치킨', '#먹태', '#한잔해', '#군포역맛집', '#양미침', '#韓国グルメ', '#韓国料理', '#うまい', '#居酒屋', '#食べスタグラム', '#食べログ', '#ごちそうさまでした']"
어제 먹은 저녁식사 메뉴 입니다    식사  저녁식사  어제  닭고기쌀국수  치킨  송어회  타코야끼  맥주  맛있는음식  일상  meal  dinner  yesterday  chickenricenoodles  chicken  troutsashimi  takoyaki  beer  food  dailylife  食事  夕食  昨日  鶏肉フォー  チキン  マス  たこ焼き  ビール  ごちそう  日常,44.0,isanghun270,"['#식사', '#저녁식사', '#어제', '#닭고기쌀국수', '#치킨', '#송어회', '#타코야끼', '#맥주', '#맛있는음식', '#일상', '#meal', '#dinner', '#yesterday', '#chickenricenoodles', '#chicken', '#troutsashimi', '#takoyaki', '#beer', '#food', '#dailylife', '#食事', '#夕食', '#昨日', '#鶏肉フォー', '#チキン', '#マス', '#たこ焼き', '#ビール', '#ごちそう', '#日常']"
역시 주말엔 치킨    남해마늘바사삭  시카고피자   요즘  배달음식 이 정말 다양하고 많지만   역시 치킨에 피자는 넘 클래식이잖아요   어제먹어도 오늘 땡기는 게 치킨  하지만 새로운 맛도 궁금하니  굽네치킨 신메뉴 남해마늘바사삭 주문해봤어요  원래 고추바사삭을 좋아해서 넘 궁금했는데 한국인의 친구    구운 통마늘이 쏙쏙 들어가있어서 맵지도 않고 딱 좋은 색다른 마늘치킨   게다가 역시 이름값   바삭바삭 크리스피함이 정말 최고 마블링소스를 좋아해서 따로 추가했는데 남해마늘바사삭에는 알블링소스가 함께 오더라구요  소스에도 마늘이 첨가되어  갈릭마요 그 자체 시카고피자 테두리에 발라먹기도 괜찮았어요 ㅎㅎ시카고피자는 치즈를 좋아하는 저로서는 넘 최고    각종 치즈가 아낌없이 들어가 있는데 특히 저 중간중간 콕콕 박혀있는 노란치즈가 넘 맛있더라구요  많이 짜지도 않고 딱 맛있는 치즈피쟈  고추바사삭을 좋아하시는데 마늘맛도 좋아  하시는 분이라면 도전추천입미다     굽네치킨 양산물금점  경남 양산시 물금읍 버들길 36  치피세트  마늘바사삭 시카고피자 콜라 1 25L  36 500원 치킨맛집  양산맛집  배달맛집 치킨  피자  치킨추천 남해  주말일상  먹스타그램 먹스타맞팔  맛집  맛집스타그램 먹스타  맛스타  냠제로와_양산,113.0,yum__zero,"['#남해마늘바사삭', '#시카고피자', '#배달음식', '#굽네치킨', '#갈릭마요', '#치킨맛집', '#양산맛집', '#배달맛집', '#치킨', '#피자', '#치킨추천', '#남해', '#주말일상', '#먹스타그램', '#먹스타맞팔', '#맛집', '#맛집스타그램', '#먹스타', '#맛스타', '#냠제로와_양산']"
오늘도 주말인데 열일했으니까 먹어도되    다먹어야지 이      치킨  나혼자산다  나혼자먹는다  술없는치킨,91.0,jihuny82_,"['#치킨', '#나혼자산다', '#나혼자먹는다', '#술없는치킨']"
ㅓㅜㅑ   ㆍㆍㆍㆍ 좋테  좋튀  좋아요테러  좋아요그램  좋반  좋아요반사  하나쨈  갈산동  삼성동  잠실  부평  역삼  예능  연예인  연예인뉴스  맞팔  유머  유머스타그램  유머짤  개꿀잼  9900원  치킨  논란  말로  팸  도랏  실화냐  개웃김  현웃터짐,80.0,choijeahong12,"['#좋테', '#좋튀', '#좋아요테러', '#좋아요그램', '#좋반', '#좋아요반사', '#하나쨈', '#갈산동', '#삼성동', '#잠실', '#부평', '#역삼', '#예능', '#연예인', '#연예인뉴스', '#맞팔', '#유머', '#유머스타그램', '#유머짤', '#개꿀잼', '#9900원', '#치킨', '#논란', '#말로', '#팸', '#도랏', '#실화냐', '#개웃김', '#현웃터짐']"
 술마시는까니   여기도 배달 맛집이였는데 매장 방문은 처음 해봄ㅎㅎ 수원왕갈비통닭 이 여기서도 맛볼수 있다니ㅎㅎㅎ생맥맛집이라해서 갔는데  인정  서비스 도 많이 주시고 배달보다는 와서 먹는거 추천  ,47.0,___black.moonn,"['#술마시는까니...여기도', '#수원왕갈비통닭', '#인정', '#서비스']"
 맛있고 재밌던 시간         훈제삼겹살 삼겹살구이 새우튀김 샐러드 치킨 치느님 좋은사람 오늘도 고마워    온더테이블 술안주 미니멀라이프 살림스타그램 먹팔 맛스타그램 먹스타그램 홈쿡 집밥 집밥스타그램 맞팔 소통 심플라이프 daily 화이트성애자 살림테리어,62.0,_roy_mommy,"['#훈제삼겹살', '#삼겹살구이', '#새우튀김', '#샐러드', '#치킨', '#치느님', '#좋은사람', '#오늘도', '#고마워', '#❤️', '#온더테이블', '#술안주', '#미니멀라이프', '#살림스타그램', '#먹팔', '#맛스타그램', '#먹스타그램', '#홈쿡', '#집밥', '#집밥스타그램', '#맞팔', '#소통', '#심플라이프', '#daily', '#화이트성애자', '#살림테리어']"
 이춘봉인생치킨 치밥의 다크호스  치맥페스티벌 대상의 치킨집  치밥의 1티어는 역시 지코바 이긴 한데 그 다음으로는 이춘봉인생치킨의 손을 들어주고싶음   배달로도 시키는데 매장도 아담하고 괜찮아 매장을 주로 가는 편  그리고 후라이드보다는 치라밥 세트로 자주 시킴  24 000원이라는 가격에 양념바베큐치킨과 면사리  볶음밥 구성은 둘이서 배불리 먹기 딱 좋음  샐러드와 과자를 먹으면서 기다리면 곧 분주한 주방에서 모락모락한 김과 향기를 풍기며 나오시는 치느님  쫀득한 바베큐치킨의 양념 간도 매콤한 맛이 슬슬 올라오는게 밥을 땅기게 한다  이런 자극적인 맛을 면사리와 밥과 함께 물리지않고 계속 이어나갈 수 있는게 치밥의 매력   볶음밥은 의외로 삼삼한 편  하긴 치킨과 볶음밥 둘 다 강강 조합이면 물릴수도 있겠다   면사리는 라면사리로 선택  개인적으로는 이런 볶음류에는 우동보단 라면사리가 더 맛있음  우동사리는 낙곱새나 탕종류에 들어가는걸 선호   배가 고팠는지 금방 바닥을 보이는 접시  다 비우고나니 든든해진 속과 함께 나오며 고생했던 이번 주 치느님과 함께해서 만족스러운 마무리 부산 동래구 사직로 8월 정기휴무영업시간 화 수 목 16 00 24 00금 토 일 16 00 01 00ps  남해에서 이춘봉인생치킨을 처음 먹어봤었는데 그 집 사장님께서 직접 메뉴도 개발하시고 맛도 열정도 대단하심  그 덕에 부산에 돌아와서도 이춘봉인생치킨에 빠진듯  치킨  치느님  chicken  치밥  저녁  dinner  일상  맛집  사직동맛집  동래구  동래구맛집  사직동  먹부림  먹스타  먹팔  먹팔해요  맞팔  맞팔해요  맞팔환영  선팔  선팔하면맞팔  소통  좋아요  좋반  좋아요반사  이춘봉인생치킨사직점,222.0,epicure_jung,"['#이춘봉인생치킨', '#치킨', '#치느님', '#chicken', '#치밥', '#저녁', '#dinner', '#일상', '#맛집', '#사직동맛집', '#동래구', '#동래구맛집', '#사직동', '#먹부림', '#먹스타', '#먹팔', '#먹팔해요', '#맞팔', '#맞팔해요', '#맞팔환영', '#선팔', '#선팔하면맞팔', '#소통', '#좋아요', '#좋반', '#좋아요반사', '#이춘봉인생치킨사직점']"
