Contents,Like,ID,Tags,Like_normal1,Like_normal2
우리는 지금 월드클래스 명동피자의 시대에 살고있습니다  카타르 월드컵보다 더욱 핫한 피자집이 있다고해서 논란의 곳이 있다고 해서 왔다  미칠듯이 늘어나는 명동피자의 쫜득함부터 고소한 치즈의 풍미를 품고 있는 저 모습이 보이는가  또 사이드메뉴들의 환상적인 궁합은 왤케 잘 어울려지는지 이게 진정한 핵가족급 콤보라고 말할수 있는  명동피자 명동을 넘어 동대문으로 명동피자를 방문했다  명동피자가 현대시티아울렛 안으로 투입됨에 현대사장님은 두손두발 다들고 환대각이었을 것이다  피자부터 파스타  에이드까지 머하나 부족함이 없는 이곳  치즈 끝판왕 피자에 치즈폭포를 만들어 치즈가 엄청나게 올려져서 나오는데 진짜 장관이다 현재직영매장이 동대문점  명동점을 빼고도 왕십리와 신논현에도 있다는게   서울을 집어삼킬 예정인가    그냥 미국의 시카고에 있는 핫플 피자가게를 복붙시켜놓은듯한 퓔링은 뽀너스  동대문에 있는 존맛피자맛집인 명동피자를 함께 스푸파 종합 게시판으로 알아보자      스푸파의 종합 게시판        명동피자 메뉴판  치즈끝판왕피자 19 5   투움바로제파스타 16 5   만수르피자 19 5   명란오일파스타 17 5  가게 주소   서울 중구 을지로6가 장충단로13길 20 현대시티아울렛 지하2층 가게 영업시간   10 30 21 00  인스타    myeongdongpizza  너 피자계의 손흥민이라고 들어는 봤냐     그게 바로 명동피자야    명동피자동대문점  피자맛집  파스타맛집  동대문맛집  피자  pizza  pasta  스푸파_동대문,1493,st_foodfighter,"['#명동피자', '#명동피자동대문점', '#피자맛집', '#파스타맛집', '#동대문맛집', '#피자', '#pizza', '#pasta', '#스푸파_동대문']",1.0,1.0
  제주돌담 몸통으로 박살내고 가야하는 피자집맛집경보             9 10개 제주돌담 몸통으로 박살내고 가야하는 피자집이다 쬰득쫄깃한 톳도우 위에 제주스러운 토핑 한가득  제주 연동  리보스코피자제주도 리보스코피자의 도우는 해녀가 잡은 톳으로부드러우면서 쫄깃한 도우를 만들어 더 맛있는데요 현무암이 잔뜩 올려진 제주도이색  현무암치킨피자 녹진한 오징어 먹물로 반죽한 현무암치킨인데요   일반 반죽보다 더 바삭하고 녹진한 치킨피자조합  통새우가 가득찬 한라산 용암치즈  한라산용암피자 칠리소스옷 입은 새우 최고급 치즈 쫀득한 톳도우  삼위일체고요    제주에 오시면 꼭 한번 드셔보세요 리보스코피자에서 직접만든 수제맥주는 필수에요  리보스코피자    rebosco_jeju    제주 제주시 수목원길 27   11 00 21 00  매주 월요일 휴무  주차장 매장문의  현무암치킨 피자  35 000  한라산용암 피자  36 000  리보스코 맥주  7 000 맛집경보_제주  제주여행  제주맛집  제주도맛집  제주시맛집  연동맛집 제주피자맛집추천  제주피자맛집  피자맛집,681,gyeongboki_,"['#리보스코피자제주도', '#리보스코피자', '#맛집경보_제주', '#제주여행', '#제주맛집', '#제주도맛집', '#제주시맛집', '#연동맛집', '#제주피자맛집추천', '#제주피자맛집', '#피자맛집']",0.45612860013395845,0.45612860013395845
광안리  포르타나광안리 필수코스라는치즈 토핑 가득미국 감성 피자맛집  오션뷰 보면서 먹는피맥 조합도 상당한데 퐁실퐁실한 도우에힙한 분위기까지 찢었다    오션뷰 치즈 쭈아압 피자 ㄱ 위치부산광역시 수영구 광안로61번길 60 오늘의부산_광안리,1191,todays_busan,"['#포르타나광안리', '#오늘의부산_광안리']",0.797722705961152,0.797722705961152
 피자덕후가 강추하는 존맛  피자 모음집 진짜 다 먹어버리고 시픈 비쥬얼이당 ㅠㅠ  오늘 피맥하쟈    ପ ๑       ᗜ       ੭      더 많은 꿀팁을 알고 싶다면  seoul_trends    피자스쿨  피자맛집  피자추천  피자맛집  피자맛집추천  야식메뉴추천  야식추천메뉴  배달맛집  배달맛집추천  고구마피자  치즈피자  피자메뉴  서울맛집추천,1309,honey_unni_,"['#피자', '#피자스쿨', '#피자맛집', '#피자추천', '#피자맛집', '#피자맛집추천', '#야식메뉴추천', '#야식추천메뉴', '#배달맛집', '#배달맛집추천', '#고구마피자', '#치즈피자', '#피자메뉴', '#서울맛집추천']",0.8767582049564635,0.8767582049564635
딩동댕동  가성비 피자학교 입학준비   피자스쿨 출석할 시간이양   피자 땡기는데 너무 비싸다구 ㅜㅜ갓성비 피자맛집 피자스쿨이 있짜나  갈릭소스 추가는 필수인거 알지     1인 1판 도전각  ㅎㅎ     피자스쿨  피자추천  피자맛집  피자덕후  피자러버  가성비  가성비피자  피자스쿨메뉴  피자스쿨추천  피자스쿨메뉴추천  피자스쿨피자추천  야식  야식추천  메뉴추천  신메뉴  오지치즈포테이토피자  고구마피자  까르보네피자  더블갈릭바베큐피자  닭안심살피자  멕시칸바이트피자  비프퀘사디아피자  도이치바이트피자  고구마피자  포테이토피자  맛스타그램  피맥  피자스타그램,356,golmoks_daejang,"['#피자스쿨', '#피자', '#피자스쿨', '#피자추천', '#피자맛집', '#피자덕후', '#피자러버', '#가성비', '#가성비피자', '#피자스쿨메뉴', '#피자스쿨추천', '#피자스쿨메뉴추천', '#피자스쿨피자추천', '#야식', '#야식추천', '#메뉴추천', '#신메뉴', '#오지치즈포테이토피자', '#고구마피자', '#까르보네피자', '#더블갈릭바베큐피자', '#닭안심살피자', '#멕시칸바이트피자', '#비프퀘사디아피자', '#도이치바이트피자', '#고구마피자', '#포테이토피자', '#맛스타그램', '#피맥', '#피자스타그램']",0.23844608171466844,0.23844608171466844
미스터피자에서 최애를 뽑는다면 단연 멕시칸 하바네로  멕시칸하바네로피자  미스터피자홈파티 하는데 피자가 빠질 수 없지 ㅋㅋ배달음식 이것저것 시키고 석화도 하프셸로 준비   멕시칸 하바네로 R   24 900근데 멕시칸 하바네로 라지인줄 알았는데 레귤러로 잘못 시킴 ㅋㅋㅋㅋㅋ 아놔 빵이 반이네   그래도 다들 매콤하니 맛있다고 좋아했다 ㅋㅋㅋ 횐님들은 씬으로 라지 사이즈 꼭 드세요    멕시코 갈 필요 없습니다  맛있게 잘 먹었습니다   피자맛집  멕시칸  멕시코음식  배달맛집  홈파티  피자  미피  서울맛집  소통  일상  좋아요  선팔맞팔  먹팔  맛집   푸드스타그램   집밥스타그램  맛집스타그램  먹스타그램  daily  fff  f2f  foodporn  foodstagram  koreanfoods,145,weekjong,"['#멕시칸하바네로피자', '#미스터피자홈파티', '#피자맛집', '#멕시칸', '#멕시코음식', '#배달맛집', '#홈파티', '#피자', '#미피', '#서울맛집', '#소통', '#일상', '#좋아요', '#선팔맞팔', '#먹팔', '#맛집', '#푸드스타그램', '#집밥스타그램', '#맛집스타그램', '#먹스타그램', '#daily', '#fff', '#f2f', '#foodporn', '#foodstagram', '#koreanfoods']",0.0971198928332217,0.0971198928332217
 천안  청년피자  피자  시크릿더블크런치  시크릿더블크런치피자  나초치즈감자튀김  감자튀김  콜라  탄산  먹스타그램  치즈볼  맛있다그램  맛스타그램  먹스타그램 ,23,dodupi,"['#천안', '#청년피자', '#피자', '#시크릿더블크런치', '#시크릿더블크런치피자', '#나초치즈감자튀김', '#감자튀김', '#콜라', '#탄산', '#먹스타그램', '#치즈볼', '#맛있다그램', '#맛스타그램', '#먹스타그램🍴']",0.015405224380442064,0.015405224380442064
23 01 10오늘의 야식파파존스 슈퍼파파스 피자 야식  피자  파파존스  슈퍼파파스  존맛  존맛탱 맛있다그램  맛스타그램  먹스타그램  피자스타그램  맥주  테라  terra 일상  소통  좋아요  instafood  instadaily  instagram,22,raongena14,"['#야식', '#피자', '#파파존스', '#슈퍼파파스', '#존맛', '#존맛탱', '#맛있다그램', '#맛스타그램', '#먹스타그램', '#피자스타그램', '#맥주', '#테라', '#terra', '#일상', '#소통', '#좋아요', '#instafood', '#instadaily', '#instagram']",0.014735432016075016,0.014735432016075016
 おでかけ娘ちゃんの成人式が無事終わって東京から駆けつけてくれたじぃじと一緒にゆっくり温泉旅行  湯けむりあがる別府に着いたら石窯ピザが美味しいと評判の 碧の時間 でランチ静かな高台にあって 別府湾を見下ろせる絶景レストランです焼きたてpizzaクラストが薄めのモチモチ  ほうれん草を練り込んだマルゲリータスパイシーなディアボラメイプルたらりのクアトロファルマッジ3枚シェアしたらお腹いっぱいでパスタは断念  休日  ドライブ  旅行 家族旅行  成人祝い 大分県  別府  温泉 石窯ピザ  イタリアン 別府グルメ  別府ランチ おそとごはん ごちそうさま  oita  beppu pizza  yummy  여행  여행스타그램  오이타현  벳푸  온천 피자  맛집,50,tama_te_baco_happy,"['#おでかけ娘ちゃんの成人式が無事終わって東京から駆けつけてくれたじぃじと一緒にゆっくり温泉旅行♨️湯けむりあがる別府に着いたら石窯ピザが美味しいと評判の', '#碧の時間', '#休日', '#ドライブ', '#旅行', '#家族旅行', '#成人祝い', '#大分県', '#別府', '#温泉', '#石窯ピザ', '#イタリアン', '#別府グルメ', '#別府ランチ', '#おそとごはん', '#ごちそうさま', '#oita', '#beppu', '#pizza', '#yummy', '#여행', '#여행스타그램', '#오이타현', '#벳푸', '#온천', '#피자', '#맛집']",0.033489618218352314,0.033489618218352314
이틀 연속으로 먹어도 맛있네 너무 맛있는데   음식사진을 너무 못찍어서   연습해야겟당  세종시 세종시맛집 다이너 맛스타그램 파스타 피자 고운동 고운동맛집 굿 음식사진 점심식사 어제 오늘 두번 먹어도 안질리는맛 샐러드 리조또 세종시옷가게 세종옷가게 라벨르 더라벨르,58,labelle0501,"['#세종시', '#세종시맛집', '#다이너', '#맛스타그램', '#파스타', '#피자', '#고운동', '#고운동맛집', '#굿', '#음식사진', '#점심식사', '#어제', '#오늘', '#두번', '#먹어도', '#안질리는맛', '#샐러드', '#리조또', '#세종시옷가게', '#세종옷가게', '#라벨르', '#더라벨르']",0.03884795713328868,0.03884795713328868
 협찬 피자와 떡볶이 미친 조합  가게   피자스튜디오 영등포구청점 위치  서울 영등포구 당산로32길 1 15 피자스튜디오 메뉴  피떡set  치즈 페퍼로니 피자 떡볶이  25 900원   콜라 2 000원 리뷰 영등포 구청역 3번출구 근처 아지트 같은 곳에 위치해 있어요  피자 오랜만에 먹고 싶었는데 떡볶이까지 있어서 금상천화   피떡 세트로 페퍼로니  치즈 두 가진 맛을 한번에 즐길 수 있어요  개인적으로 치즈 피자 강추입니다  치즈 두툼하게 올라간 게 완전 제 스타잉이에요  도우는 씬 피자인 것 같은데 토핑이랑 치즈 등 피자 자체 두께감은 좀 있어요 게다가 저는 도우는 안먹는편인데 피자스튜디오 도우는 쫀득쫀득해서 맛있어요   남김없이 해치우고 왔습니다 ٩  ᐛ  و떡볶이는 부드럽고 쫀득쫀득해요  국물 떡볶이에 좀 더 가까워요  피자 느끼해질 때 떡볶이 먹으면 감칠맛나서 좋아요  김말이도 들어가있어서 떡볶이 국물 소스에 찍어먹었습니다  피자   떡볶이의 단짠단짠의 조합으로 끝도 없이 먹게 되네요    셀프코너에 갈릭 디핑소스  핫소스  파마산 치즈가루 등이 있어서 원하는 만큼 가져갈 수 있습니다  깔조네 set도 유명하대서 다음번에 방문하면 한 번 먹어보고 싶어요 다들 연초엔 피자 맥주 먹으러 피자스튜디오 어떠신가요   영등포피자  영등포구청역맛집  영등포구청맛집  영등포맛집  당산동피자  당산동맛집  당산맛집  영등포구청역  먹스타  피자스타그램  영등포구청  피자맛집  영등포구청핫플  영등포구청점심  영등포구청맥주  영등포구청피자  영등포피자  서울피자맛집  피자  먹팔  맞팔먹팔  먹스타  먹스타그램  맞팔스타그램  먹팔맞팔,49,jmtgrammy,"['#협찬', '#피자스튜디오', '#영등포피자', '#영등포구청역맛집', '#영등포구청맛집', '#영등포맛집', '#당산동피자', '#당산동맛집', '#당산맛집', '#영등포구청역', '#먹스타', '#피자스타그램', '#영등포구청', '#피자맛집', '#영등포구청핫플', '#영등포구청점심', '#영등포구청맥주', '#영등포구청피자', '#영등포피자', '#서울피자맛집', '#피자', '#먹팔', '#맞팔먹팔', '#먹스타', '#먹스타그램', '#맞팔스타그램', '#먹팔맞팔']",0.03281982585398526,0.03281982585398526
미국 현지 감성을 가진 피자집이 은평구에도 있다    피테커 이태원이 아닌 은평구에서 미국 여행을 비자없이맛있게 즐길 수 있다면 믿으시겠어요 직접 제조하는 토마토 소스를 베이스로 쫄깃한 도우에양질의 재료를 더해 우주 최고의 피자 맛을 낸다는수제피자 찐 맛집 피테커에 다녀왔습니다 오픈한 지 얼마 되지 않았지만 레드락 생맥주와블랑 생맥주를 취급하고 있는 매장으로 이미지역 주민들 사이에선 피맥 맛집으로 유명한 곳이예요 외관에서부터 내부 인테리어까지 미국 감성이 뿜뿜뿜어져 나오는데 심지어 맛까지 현지 느낌 제대로라 나 지금 미국에 여행왔나   하는 착각이 들더라고요 이런 매장이 동네에 있었다면 매일 퇴근 후피맥하러 달려갔을 것 같아요 주문한 피타코 피자는 고수가 올라간 피자로멕시칸 요리 특유의 향과 맛을 낸 이국적인 피자예요 피자 위에 놓여진 라임을 즙을 내어 골고루 뿌려주면 와   대박  소리가 절로 나오게 되는 피자 탄생  내가 향신료 좀 좋아한다 싶으면 믿고 드셔 보세요 워낙 피자 식감이 풍요롭다 보니 피자 하나만으로도충분하긴 하지만 사이드가 빠지면 섭섭하잖아요 갓 튀겨져 나온 파근파근한 감자튀김을 피자 위에왕창 얹어 먹으면 나도 모르게 콧노래가 절로 이 날 너무 행복해서 콘서트를 열어 버렸지 뭐예요 아차  치즈 오븐 스파게티 주문도 잊지 마세요  피 타코 L  25 900 프렌치프라이 로즈마리 치즈 7 500 치즈 오븐 스파게티 6 900 서울 은평구 은평로13길 14 1층 매주 월요일 정기휴무 12 00 20 00  평일 BT 15 00 17 30        ptaker seoul   같이 먹고 싶은 사람이 있다면 태그해 주세요                      마음에 들었다면  좋아요     기억해 두고 싶다면  저장    나만 보기 아깝다면  공유    맛있는 소통 함께 해요   팔로우        불펌 및 크롤링 금지                       또 다른 맛집이 궁금하시다면  mola_eat  팔로우     모라_서울 피자맛집  피자  피자추천  피자스타그램  피자맛집추천  피자덕후  프렌치프라이  치즈오븐스파게티  오븐스파게티  피맥  피맥맛집  생맥  생맥주맛집  은평구맛집  응암동맛집  응암맛집  응암역맛집  역촌동맛집  역촌역맛집  녹번동맛집  녹번역맛집,215,mola_eat,"['#피테커', '#모라_서울', '#피자맛집', '#피자', '#피자추천', '#피자스타그램', '#피자맛집추천', '#피자덕후', '#프렌치프라이', '#치즈오븐스파게티', '#오븐스파게티', '#피맥', '#피맥맛집', '#생맥', '#생맥주맛집', '#은평구맛집', '#응암동맛집', '#응암맛집', '#응암역맛집', '#역촌동맛집', '#역촌역맛집', '#녹번동맛집', '#녹번역맛집']",0.14400535833891492,0.14400535833891492
  피자나라 치킨공주 태평점  _ 내돈내산   페퍼로니 피치세트 L  _ 20 900won  치킨 염지를 엄청 잘하셨더라구요  소스 없이도 간이 딱 맞아서 너무 맛있었어요  피자도  도우가 너무 맛있어서 갈릭소스나아이올리 소스에 찍어 먹으면 끝이에요 끝   그런데 치킨이 바삭바삭하니  염지도 잘되서 한 동안 꽂혀서 엄청 시켜 먹다가조금 치킨 맛이 변했더라구요  염지가 덜 되서 전보다 덜하달까요 그래서 요즘은 덜 시켜먹게 된 곳이에요     ᵒ         ᵒ                     먹스타  먹스타그램  먹부림  야식  야식스타그램  피자  치킨  치킨스타그램  피자맛집  피자나라치킨공주  배달음식  먹팔  먹팔맞팔  좋반  맞팔  소통  먹스타그램 ,50,baebae_plate,"['#내돈내산].🍕페퍼로니', '#먹스타', '#먹스타그램', '#먹부림', '#야식', '#야식스타그램', '#피자', '#치킨', '#치킨스타그램', '#피자맛집', '#피자나라치킨공주', '#배달음식', '#먹팔', '#먹팔맞팔', '#좋반', '#맞팔', '#소통', '#먹스타그램🍴']",0.033489618218352314,0.033489618218352314
 플롭 불광천 우리 동네에서 제일 맛있는 피자집 쿼터로 4가지맛을 선택할 수 있다 종류도 11가지인데 스위트 옥수수 옐로우쉬림프 콰트로치즈 시즈닝포테이토로 주문했다     인테리어도  ㄷ 자 형태로 독특하고 다 먹으면 스티커를 나눠준다  배달주문하면 버터갈릭 포테이토도 서비스로 줌   나의 최애 피자집  피자  pizza  맛집  서울맛집  증산동  증산맛집  명지대  명지대맛집  은평구맛집  맛집투어  플롭  피자맛집  먹스타그램  먹스파맞팔  맞팔해요  소통해요  ootd  선팔하면맞팔  맞팔  서울  협찬문의  협찬환영  먹스타  plop,45,iwantgala,"['#피자', '#pizza', '#맛집', '#서울맛집', '#증산동', '#증산맛집', '#명지대', '#명지대맛집', '#은평구맛집', '#맛집투어', '#플롭', '#피자맛집', '#먹스타그램', '#먹스파맞팔', '#맞팔해요', '#소통해요', '#ootd', '#선팔하면맞팔', '#맞팔', '#서울', '#협찬문의', '#협찬환영', '#먹스타', '#plop']",0.03014065639651708,0.03014065639651708
 더키친750  대학로 사장님의 저녁선물 감사히 잘 먹었습니다      서울맛집  종로맛집  대학로맛집  혜화맛집  동숭동맛집  피자  피자맛집  저녁  맛저  옴뇸뇸  배터짐  일상,17,loveveryarts_j,"['#더키친750', '#대학로.사장님의', '#서울맛집', '#종로맛집', '#대학로맛집', '#혜화맛집', '#동숭동맛집', '#피자', '#피자맛집', '#저녁', '#맛저', '#옴뇸뇸', '#배터짐', '#일상']",0.011386470194239785,0.011386470194239785
대만족으로 도미노피자까지 사주신 차주분    감사합니다    감탄에 감탄으로 출고     앞으로 차를 어떻게 타실지 고민 차가지고 나가기 무서울정도로 퀄리티뽑아드린 아반떼스포츠 풀광택 투코트유리막코팅 오버작업   왁스보이  왁스보이카케어  재고따지면아웃  재고따지면손해 아반떼스포츠  차덕후  차쟁이 광택  연마광택  올인원컴파운드  최소연마  퀄리티  딴데못가  피자  차스타그램   카스타그램   유리막코팅  투코트유리막코팅  인친  인팔,60,wagseuboi,"['#왁스보이', '#왁스보이카케어', '#재고따지면아웃', '#재고따지면손해', '#아반떼스포츠', '#차덕후', '#차쟁이', '#광택', '#연마광택', '#올인원컴파운드', '#최소연마', '#퀄리티', '#딴데못가', '#피자', '#차스타그램🚘', '#카스타그램🚘', '#유리막코팅', '#투코트유리막코팅', '#인친', '#인팔']",0.04018754186202277,0.04018754186202277
저녁밥대신 피자 돌려 먹기 최고다  피자는역시   피자스타그램  피자맛집  피자추천  피자  피자  피자를피자답게  pizza  먹팔  맞팔  저녁  저녁메뉴  저녁식단  일상  맞팔해요,19,kumiko_0502,"['#피자스타그램', '#피자맛집', '#피자추천', '#피자', '#피자', '#피자를피자답게', '#pizza', '#먹팔', '#맞팔', '#저녁', '#저녁메뉴', '#저녁식단', '#일상', '#맞팔해요']",0.012726054922973878,0.012726054922973878
  집들이 선물은 뚫어뻥이지 뭐가 있고 없고를 몰라서 다이소를 털어옴ㅋㅋㅋㅋ다이소에서 이렇게 사본건 처음인데괜찮은 물건들이 많아서 눈 돌아갔다         집들이  첫자취  축하  파티  닭도리탕  피자  숙주볶음  어묵탕  김치찌개  메론  캬  소주  달려  보리  너무귀여워  견스타그램  먹스타그램  맛스타그램  찍스타그램  일상스타그램  먹스타  먹방  일상공유  일상  먹팔  맞팔은댓글  선팔후댓글,63,kkk_suyeon_,"['#집들이', '#첫자취', '#축하', '#파티', '#닭도리탕', '#피자', '#숙주볶음', '#어묵탕', '#김치찌개', '#메론', '#캬', '#소주', '#달려', '#보리', '#너무귀여워', '#견스타그램', '#먹스타그램', '#맛스타그램', '#찍스타그램', '#일상스타그램', '#먹스타', '#먹방', '#일상공유', '#일상', '#먹팔', '#맞팔은댓글', '#선팔후댓글']",0.04219691895512391,0.04219691895512391
    상봉코스트코  푸드코트자주 가는 상봉코스트코제일 맛있는 베이크너무너무 맛있는 베이크먹으러 왔는데 역시 핵 존맛  근데 피자도 양송이스프도 다 맛있다   코스트코  코스트코푸드코트  피자  베이크  포크베이크  미국피자  불고기피자  양송이스프  존맛  마트먹방  먹스타  대형마트  마트놀이  먹스타맞팔  먹스타그램  소통  인친  좋아요  상봉,23,lllmlmls2__,"['#상봉코스트코', '#푸드코트자주', '#코스트코', '#코스트코푸드코트', '#피자', '#베이크', '#포크베이크', '#미국피자', '#불고기피자', '#양송이스프', '#존맛', '#마트먹방', '#먹스타', '#대형마트', '#마트놀이', '#먹스타맞팔', '#먹스타그램', '#소통', '#인친', '#좋아요', '#상봉']",0.015405224380442064,0.015405224380442064
  만석인 이유가 있구나 맛있고 즐겁고 깔끔하게 먹고 나온 집 메뉴나 홀 분위기만 봤을때 젊은이들의 맛집인가 했는데 다양한 연령층이 식사 중이었던 곳 만족했던 맛집   우암산호랭이  성안길  청주  성안길맛집  리조또  리조또맛집  스테이크  피자  먹물리조또  마르게리따  마르게리따피자  맛집  먹스타그램  먹팔  먹팔맞팔  양식맛집  점심메뉴  저녁메뉴  재방문각,30,mmfoodyy,"['#우암산호랭이', '#성안길', '#청주', '#성안길맛집', '#리조또', '#리조또맛집', '#스테이크', '#피자', '#먹물리조또', '#마르게리따', '#마르게리따피자', '#맛집', '#먹스타그램', '#먹팔', '#먹팔맞팔', '#양식맛집', '#점심메뉴', '#저녁메뉴', '#재방문각']",0.020093770931011386,0.020093770931011386
디져트로 맛있고 맛있고 맛있는건무엇일지      만들어보고 먹어보고 품평회를 기대하세요  여러분   제주도여행 제주도카페 카페맛집 세화카페추천 유기농당근 백프로당근착즙 택배가능 당근쥬스맛집 세화농부 농부스타그램 세화오일장근처 피자 디져트품평 기대기대,27,sehwa_farmer,"['#제주도여행', '#제주도카페', '#카페맛집', '#세화카페추천', '#유기농당근', '#백프로당근착즙', '#택배가능', '#당근쥬스맛집', '#세화농부', '#농부스타그램', '#세화오일장근처', '#피자', '#디져트품평', '#기대기대']",0.01808439383791025,0.01808439383791025
Arby sDeluxe Wagyu Steakhouse Burger 음식  ピザ  比萨  ピッツァ  食べ物好きな人と繋がりたい  음식사진  食べ物  食べ物グラム  음식스타그램  ク ルメ好きな人と繋か りたい  ピザ好きな人と繋がりたい  テ ィナーもコ リ押し  ピザ好きな人と繋がりたい  洋食  ランチ  トマトソース  피자  比萨  ピッツァ  ピザランチ  ピザ  ピザスタグラム  ピザ部  カスタムピザ  オリジナルピザ  イタリアン  チーズ  美味しい  お腹いっぱい   お腹いっぱい  Below Average,28,burger_phoria,"['#음식', '#ピザ', '#比萨', '#ピッツァ', '#食べ物好きな人と繋がりたい', '#음식사진', '#食べ物', '#食べ物グラム', '#음식스타그램', '#グルメ好きな人と繋がりたい', '#ピザ好きな人と繋がりたい', '#ディナーもゴリ押し', '#ピザ好きな人と繋がりたい', '#洋食', '#ランチ', '#トマトソース', '#피자', '#比萨', '#ピッツァ', '#ピザランチ', '#ピザ', '#ピザスタグラム', '#ピザ部', '#カスタムピザ', '#オリジナルピザ', '#イタリアン', '#チーズ', '#美味しい', '#お腹いっぱい😋', '#お腹いっぱい😋💕Below']",0.018754186202277295,0.018754186202277295
Famous Dave sCheeseburger   Garlic Red Skin Mashed Potatoes burgers  洋食  소소한일상  피자  소소한행복  파스타  리조또  이탈리아  먹팔환영  먹스타그램  먹스타  맞팔선팔환영  맞팔환영  일상소통  맛스타  먹팔  좋반  맞반  먹팔해요  맛스타그램   일상기록  소통그램  소통하자  맞팔소통  일상그램  소통해요  일상사진  맞팔댓  소통환영  맞팔은댓글Excellent burger and average Garlic Red Skin Mashed Potatoes,57,burger_phoria,"['#burgers', '#洋食', '#소소한일상', '#피자', '#소소한행복', '#파스타', '#리조또', '#이탈리아', '#먹팔환영', '#먹스타그램', '#먹스타', '#맞팔선팔환영', '#맞팔환영', '#일상소통', '#맛스타', '#먹팔', '#좋반', '#맞반', '#먹팔해요', '#맛스타그램😋', '#일상기록', '#소통그램', '#소통하자', '#맞팔소통', '#일상그램', '#소통해요', '#일상사진', '#맞팔댓', '#소통환영', '#맞팔은댓글Excellent']",0.038178164768921635,0.038178164768921635
Hillbilly Pizza has a wide selection of pizzas  from Cheese to the Meat Lovers and everything in between  The prices are also very reasonable  ranging from  18 900 to  27 000  All pizzas are corn free  Pictured is the Meat Lovers and is an absolutely delicious pizza  The combination of different meats and the crust cook to perfection is highly recommend for anyone looking for a great Hillbilly Pizza experience  Hillbilly Pizza Joongsan11 30am   9 00pmBreak 3 00pm   4 30pm Hillbilly Pizza Jeongbalsan5 00pm   10 30pmNo Break  Take out   Delivery Only힐빌리피자는 클래식  치즈피자 부터  고기많이 에 이르기까지 다양한 피자 메뉴를 갖고 있습니다  가격도 한판에 최소 1만원 후반에서 최대 2만7천원까지 합리적인 편이죠  모든 피자메뉴에 옥수수는 들어가지 않습니다 사진으로 보시는 피자는  고기많이 입니다  정말 맛있습니다  다양한 고기 토핑과 완벽하게 구워진 크러스트의 조합은 힐빌리피자를 맛보고 싶어하시는 모든 분들께 강력 추천할만한 메뉴입니다  힐빌리피자 중산점11 30am   9 00pm브레이크 3 00pm   4 30pm 힐빌리피자 정발산점 배달  포장만 가능 12pm   10 30pm브레이크타임 없음 힐빌리피자  일산피자  피자맛집  피자  squarepizza  pizza  inkorea  hillbillypizza,23,hillbillypizza,"['#힐빌리피자', '#일산피자', '#피자맛집', '#피자', '#squarepizza', '#pizza', '#inkorea', '#hillbillypizza']",0.015405224380442064,0.015405224380442064
드디어 먹어본 잭슨피자 존맛이누   잭슨피자  피자  pizza  피자맛집  피자스타그램  피자  먹스타그램  맛스타그램,63,ganggomuk,"['#잭슨피자', '#피자', '#pizza', '#피자맛집', '#피자스타그램', '#피자🍕', '#먹스타그램', '#맛스타그램']",0.04219691895512391,0.04219691895512391
4가지맛을 한 판으로 맛 볼 수 있는  백스트리트피자 이런 곳에 피자집이 있다고    라는 생각을 가지고 들어간 피자집 하지만 문을 열고 계단을 내려가면 달라지는 분위기무슨 맛 먹을 지 고민 안 해도 되는 결정장애인 나에게 적합한 피자 낭낭한 토핑들과 바삭한 크러스트 두 명에서 레귤러 사이즈 시켰는데 양이 많아서 남긴   레귤러 사이즈도 커요         백스트리트피자  쿼터스트릿 R 36 000    백스트리트피자  종로맛집  종로  종로3가맛집  익선동맛집  익선동  피자  피자맛집  맛집  맛스타그램  먹팔  먹스타  먹스타맞팔  먹팔맞팔  먹스타그램   먹팔해요  먹팔환영  팔로우  팔로우반사  맞팔  맞팔해요  맞팔환영  좋반  좋아요반사  좋아요  좋아요그램  좋튀,37,pig.food_fighter,"['#백스트리트피자', '#백스트리트피자', '#백스트리트피자', '#종로맛집', '#종로', '#종로3가맛집', '#익선동맛집', '#익선동', '#피자', '#피자맛집', '#맛집', '#맛스타그램', '#먹팔', '#먹스타', '#먹스타맞팔', '#먹팔맞팔', '#먹스타그램🍴', '#먹팔해요', '#먹팔환영', '#팔로우', '#팔로우반사', '#맞팔', '#맞팔해요', '#맞팔환영', '#좋반', '#좋아요반사', '#좋아요', '#좋아요그램', '#좋튀']",0.02478231748158071,0.02478231748158071
메종파이프그라운드   성수한남동에서 옥수수피자로 이름을 날린 파이프그라운드가 성수에도 있다 맵단짠 콘피자로 여심을 사로 잡은 그 집  옥수수피자노릇노릇한 화덕피자 위에 옥수수  새우  감자칩이 토핑되어 있다 매콤 달달 짭잘한 맛이 한꺼번에 느껴지고  자극적인 맛에 정신이 혼미해진다 옥수수가 한가득  씹을 때 마다 톡톡 터지는 식감이 너무 좋다 혜자스러운 옥수수의 양이다 자극적인 맛에 끝에는 물리는데 아쉽게 피클이 없는 집이다 심지어 콜라도 없는 집  레드라구파스타 기대안한 파스타가 아주 대박이었다 색도  맛도 토마토 파스타 같지 않다  토마토는 발만 담궜을 뿐 다진고기가 메인이다 면도 정말 특이한데  탱글탱글해서 맛있다 같이 먹은 일행은 삼삼해서 별로라는데 나는 고기향이 듬뿍나서 너무 내스탈ㅠㅠ참고로 주말 세시반쯤  10분정도 대기함 푸드짱 숟가락 점수     4 0 주문메뉴   옥수수피자 25 000  레드라구파스타 22 000  올리브피클 2 000  에이드 7 500  주소   서울 성동구 왕십리로 83 21 지하1층 B124호  푸드짱  푸드짱성수  메종파이프그라운드  파이프그라운드  성수  성수동  성수맛집  성수데이트  성수동맛집  성수동데이트  피자  파스타  피자맛집  파스타맛집  먹팔,104,foodj_jang,"['#옥수수피자노릇노릇한', '#레드라구파스타', '#푸드짱', '#푸드짱성수', '#메종파이프그라운드', '#파이프그라운드', '#성수', '#성수동', '#성수맛집', '#성수데이트', '#성수동맛집', '#성수동데이트', '#피자', '#파스타', '#피자맛집', '#파스타맛집', '#먹팔']",0.06965840589417281,0.06965840589417281
다음엔 스테이크 먹으러 가야지   뚜띠쿠치나  피자  파스타  리조또  먹스타그램,49,sunghongjo,"['#뚜띠쿠치나', '#피자', '#파스타', '#리조또', '#먹스타그램']",0.03281982585398526,0.03281982585398526
미세먼지는 있었지만 서울 벗어나니가평은 맑은하늘에 따뜻한 날씨까지   복받았네  1박2일여행 알차게 즐기고 힐링하며즐거웠던시간 저녁은  룸서비스우리간날 딱   메뉴가 바뀜 해물떡볶이 치킨 피자 와인타임와인두병 가져간거 다먹고 술이 모자란건     안비밀마   이 참았다  내 지인들은 다 아는사실 ㅋㅋㅋ애들 데리고 다시돌아갈 생각에 숙취로운전할때 힘들면 안되니께      ㅋ 초4 겨울방학 힐링여행 아이와여행 일상기록 아난티테라스하우스 형부찬스 먹스타그램 맛스타그램,17,ace_ace1214,"['#룸서비스우리간날', '#해물떡볶이', '#치킨', '#피자', '#와인타임와인두병', '#안비밀마~~~이', '#초4', '#겨울방학', '#힐링여행', '#아이와여행', '#일상기록', '#아난티테라스하우스', '#형부찬스', '#먹스타그램', '#맛스타그램']",0.011386470194239785,0.011386470194239785
 구씨네 부엌하프피자  페퍼로니  고르곤졸라   16000매콤 아라비아따  15000  도우가 엄청 얇고 바삭해서 짱맛있었던 구씨네 부엌 피자  고르곤졸라랑 페퍼로니 두 종류 중 하나로 고민하다가 결국 하프로 시켜서 두가지 맛을 다 먹었다        먹스타  먹스타그램   먹스타그램  먹팔  먹방  먹방스타그램  양식  피자  고르곤졸라피자  페퍼로니피자  파스타  피자맛집  파스타맛집  서울맛집  맛집추천  홍대맛집  신촌맛집  연남동맛집  먹스타맞팔,18,yummeeeee88,"['#먹스타', '#먹스타그램🍴', '#먹스타그램', '#먹팔', '#먹방', '#먹방스타그램', '#양식', '#피자', '#고르곤졸라피자', '#페퍼로니피자', '#파스타', '#피자맛집', '#파스타맛집', '#서울맛집', '#맛집추천', '#홍대맛집', '#신촌맛집', '#연남동맛집', '#먹스타맞팔']",0.012056262558606833,0.012056262558606833
어제의 술은 친구들이랑  전날 술을 좀 마셨기에 안마실려고 했는데친구들이 가게로 놀러와써요 고로 일하면서 술 마시기 시작 나 포함 4명이서 먼저 가볍게 닭 한마리 튀겨서참이슬 두병 안주 떨어질때쯤 똥집튀김 튀겨서또 참이슬 두병 또 떨어질때쯤에 감자튀김 튀겨서또 또 참이슬 두병 우리 가게는 메뉴 3개뿐이라 옆집 피자집 찬스 베이컨 쉬림프 피자에또 또 또 또 참이슬 두병 요기까지 마시고 친구 한명이 취했어요  택시 불러서 집에 보내 약한 자는 함께 할수없는 서바이벌 술자리 다시 닭 한마리 더 튀겨서 3명이서또 또 또 또 또 또 참이슬 두병 다 먹고 이제 감자탕 시켜서 술 더 먹을려고 했으나감자탕 시키면 술 첨부터 먹는거라고 말림 그냥 내가 돼지고기 넣은 김치찌개 끓려서 가볍게 참이슬 세병 딱 13병 마시고    다들 멀쩡히 집으로 나는 설거지랑 뒷정리 오늘은 진짜 진짜 안마셔야겠어요  하루 밀린 답방도 다 돌겠습니다  술스타그램  안주스타그램  먹스타그램  맛스타그램  알콜스타그램  술  마산  창원  교방동  먹팔  음식  소통  food  맛집  창원맛집  먹팔해요  안주  옛날통닭  똥집튀김  감자튀김  피자  김치찌개 홈술  4명  3명  참이슬  소주  13병  오술완  오알완,199,jjjjjihwan.moon,"['#술스타그램', '#안주스타그램', '#먹스타그램', '#맛스타그램', '#알콜스타그램', '#술', '#마산', '#창원', '#교방동', '#먹팔', '#음식', '#소통', '#food', '#맛집', '#창원맛집', '#먹팔해요', '#안주', '#옛날통닭', '#똥집튀김', '#감자튀김', '#피자', '#김치찌개', '#홈술', '#4명', '#3명', '#참이슬', '#소주', '#13병', '#오술완', '#오알완']",0.1332886805090422,0.1332886805090422
  2023 01 08 일요일 07일 20시 20분 단식 시작 공복   18시 35분 아침운동 스쿼트 125번 만보 걷기 완료  14 55 런치  차돌문어 파스타   핫비프 스테이크 피자  콜라  제로콜라  매일 기록하는 습관들이기                         식단일기 식단기록 간헐적단식 다이어트일기 다이어트식단 다이어트댄스 다이어트 매일홈트 홈트  만보 런치  점심 피자  맛집 파스타 먹부림 점심메뉴 직원식당 일상기록 제로콜라 피자맛집 불고기피자 오일파스타 남산호랭이 파스타맛집 먹스타그램 맛집스타그램 휴일스타그램 일상스타그램,26,ariarihj0320,"['#스쿼트', '#만보', '#식단일기', '#식단기록', '#간헐적단식', '#다이어트일기', '#다이어트식단', '#다이어트댄스', '#다이어트', '#매일홈트', '#홈트', '#만보', '#런치', '#점심', '#피자', '#맛집', '#파스타', '#먹부림', '#점심메뉴', '#직원식당', '#일상기록', '#제로콜라', '#피자맛집', '#불고기피자', '#오일파스타', '#남산호랭이', '#파스타맛집', '#먹스타그램', '#맛집스타그램', '#휴일스타그램', '#일상스타그램']",0.017414601473543203,0.017414601473543203
DIP DEEP INTO THE SAUCE 피자헛 토핑킹 피자의 즐거움은 피자 박스를 여는 순간부터 시작됩니다  페페로니와 소세지  프리미엄 미트 토핑이 뽐내는 드라이하면서 강렬한 붉은 빛깔이 눈길을 단번에 사로잡는데요  곳곳에 보이는 청피망이 푸른 존재감을 드러내고  피자 전체를 가로지르는 노란 스모키 허니 머스타드가 마침내 색상의 조화를 이끌어냅니다  360그램의 미트 토핑이 화려한 장식처럼 피자 전체에 고루 퍼져 있어 360도 모두 환상적  보기 즐거운 피자가 맛도 환상적이란 말  동의하지 않을 수 없겠죠   피자헛  토핑킹피자  토핑킹리턴즈,117,pizzahutkorea,"['#피자헛', '#토핑킹피자', '#토핑킹리턴즈']",0.0783657066309444,0.0783657066309444
 신촌  7번가피자  피자  배달  캐주얼피자  포테이토  오븐스파게티   7번가피자 신촌마포점  7th_street_pizza   서울 서대문구 신촌로 39  매일 11 00 23 00  신촌맛집  신촌피자  홍대맛집  홍대피자  피자맛집  배달음식  피자배달,88,s2nyummy_,"['#신촌', '#7번가피자', '#피자', '#배달✓', '#신촌맛집', '#신촌피자', '#홍대맛집', '#홍대피자', '#피자맛집', '#배달음식', '#피자배달']",0.058941728064300064,0.058941728064300064
  피자  pizza 불고기덮밥  김치찌개 그랜드호짬 grandhotram  hotram  hotramstrip  붕따우  intercontonentalhotel 1층 양식당동생가족이 놀러와  호짬 행 베트남  호치민  vietnam  hochiminh  맛스타그램  먹스타그램  술스타그램  호치민생활  호치민일상  hochiminhlife  foodie  외노자그램  독거중년  독거오빠  베트남생활  vietnamlife  베트남일상  고기,26,hole_in_the_wall_in_vietnam,"['#피자', '#pizza', '#불고기덮밥', '#김치찌개', '#그랜드호짬', '#grandhotram', '#hotram', '#hotramstrip', '#붕따우', '#intercontonentalhotel', '#호짬', '#베트남', '#호치민', '#vietnam', '#hochiminh', '#맛스타그램', '#먹스타그램', '#술스타그램', '#호치민생활', '#호치민일상', '#hochiminhlife', '#foodie', '#외노자그램', '#독거중년', '#독거오빠', '#베트남생활', '#vietnamlife', '#베트남일상', '#고기']",0.017414601473543203,0.017414601473543203
오랜만에 외출  먹방스타그램  먹팔해요  먹스타맞팔  먹스타그램  먹스타  먹방  먹스타소통  먹팔  일상그램  일상소통  일상기록  일상스타그램  양식맛집  양식  빠쉐파스타  알리오올리오  파스타맛집  파스타  피자맛집  피자  foodstagram  dailystagram  ffff  f4follow  l4likes  like4likes  likeforlikes  likeforlikeback,41,tnqls_mukda,"['#먹방스타그램', '#먹팔해요', '#먹스타맞팔', '#먹스타그램', '#먹스타', '#먹방', '#먹스타소통', '#먹팔', '#일상그램', '#일상소통', '#일상기록', '#일상스타그램', '#양식맛집', '#양식', '#빠쉐파스타', '#알리오올리오', '#파스타맛집', '#파스타', '#피자맛집', '#피자', '#foodstagram', '#dailystagram', '#ffff', '#f4follow', '#l4likes', '#like4likes', '#likeforlikes', '#likeforlikeback']",0.027461486939048894,0.027461486939048894
제주도  제주해녀밥상   세라랑  sarah jeju브런치   세라투어  애월에 위치한 마노앤디또1층에는 스몰웨딩홀도 있는 곳어쩐지 예비부부들이 왔다갔다 하더니사진도 찍고 결혼식도 올리고  캬       서귀포라떼 청귤이 들어간 상큼함   주상절리 모티브 쵸코또죠     감귤크림라떼 감귤의 조화가 일품      마노앤디또 유수암리 2709 5 2층 카페   제주시맛집 제주도민 제주해녀밥상 제주도 제주도여행 애월카페 제주시맛집 아침식사 여행스타그램 먹스타그램 브런치 점심 맛스타그램 먹방스타그램 골프 골프스타그램 파스타 피자 국수 해장국 혼술 카페스타그램 디저트그램 일상 소주 맥주 소통 맞팔,36,jaea_jeju,"['#제주해녀밥상', '#세라투어..애월에', '#서귀포라떼', '#마노앤디또📍유수암리', '#제주시맛집', '#제주도민', '#제주해녀밥상', '#제주도', '#제주도여행', '#애월카페', '#제주시맛집', '#아침식사', '#여행스타그램', '#먹스타그램', '#브런치', '#점심', '#맛스타그램', '#먹방스타그램', '#골프', '#골프스타그램', '#파스타', '#피자', '#국수', '#해장국', '#혼술', '#카페스타그램', '#디저트그램', '#일상', '#소주', '#맥주', '#소통', '#맞팔']",0.024112525117213665,0.024112525117213665
카페ㆍㆍㆍ 일상  데일리  소통  일상그램  일상소통  일상사진  일상맞팔  데일리맞팔  데일리그램  카페  사진  카페그램  카페맞팔  피자  디져트  푸드  음식  감성  감성소통  일상여유  소통해요  좋아요반사  좋반  좋뎃  맞팔선팔  선팔하면맞팔  인친환영  소통100  소통스타그램  팔로잉,182,ej_pick,"['#일상', '#데일리', '#소통', '#일상그램', '#일상소통', '#일상사진', '#일상맞팔', '#데일리맞팔', '#데일리그램', '#카페', '#사진', '#카페그램', '#카페맞팔', '#피자', '#디져트', '#푸드', '#음식', '#감성', '#감성소통', '#일상여유', '#소통해요', '#좋아요반사', '#좋반', '#좋뎃', '#맞팔선팔', '#선팔하면맞팔', '#인친환영', '#소통100', '#소통스타그램', '#팔로잉']",0.12190221031480242,0.12190221031480242
일산 행신동에 있는 양식집  늦은오후같이 일했던 동생이 오픈한 가게힘들게 시간내서 다녀왔다 극진히 모시라니까 에피타이저부터 스테이크까지 아주좋앜ㅋㅋ대박나서 돈길만 걸어라    일산  행신동  행신동양식  양식스타그램  스테이크  피자  파스타 먹스타그램  먹방스타그램  먹방러  먹방그램  맛스타그램  먹팔 맛집투어  먹방투어  먹스타그램   맛집탐방  일산맛집  일산양식집,67,nkflow7,"['#늦은오후같이', '#일산', '#행신동', '#행신동양식', '#양식스타그램', '#스테이크', '#피자', '#파스타', '#먹스타그램', '#먹방스타그램', '#먹방러', '#먹방그램', '#맛스타그램', '#먹팔', '#맛집투어', '#먹방투어', '#먹스타그램🍴', '#맛집탐방', '#일산맛집', '#일산양식집']",0.044876088412592094,0.044876088412592094
  양배추 계란전  다이어트식이라고 인스타피드 떠서 했는데  ㅋㅋ 살찔듯 양배추계란속에딸기쨈 샌드위치해주고 체다치즈와 비엔나 햄  케촵 촵촵   딥핑소스 살짝꿍    마싯는 주부 점심 다이어트는 저너머로 ㅋㅋㅋ 점심  브런치  홈카페  집밥스타그램  집밥  혼밥  주부스타그램  아줌마  양배추  다이어트식단  홈쿠킹  요리스타그램  밥상  피자  간단요리  간식,21,songjh1982,"['#점심', '#브런치', '#홈카페', '#집밥스타그램', '#집밥', '#혼밥', '#주부스타그램', '#아줌마', '#양배추', '#다이어트식단', '#홈쿠킹', '#요리스타그램', '#밥상', '#피자', '#간단요리', '#간식']",0.01406563965170797,0.01406563965170797
시간에 누가 추진력 달았나요 벌써 1월을 10밤이나 잤네요연초에 세워두었던 계획들은어찌어찌 지키려고 노력중인데   딱 하나 금주는  미친듯이 지워버리고 싶네요내가 미쳤지 피맥 하고싶다 치맥 땡긴다삼겹에 쏘주 먹고싶다저   어떻하죠12월 31일로 돌아갈 수 있을까요  피자  피자맛집  수원맛집  먹스타  먹팔  일상소통  데일리  소통스타  금주중 ,52,ryuhwa81,"['#피자', '#피자맛집', '#수원맛집', '#먹스타', '#먹팔', '#일상소통', '#데일리', '#소통스타', '#금주중🚫']",0.034829202947086406,0.034829202947086406
230110화  집밥 스파게티  피자 청정원토마토와생크림로제 풀무원노엣지피자  베이컨파이브치즈 집밥  현실집밥  오늘의요리  홈쿡  요리  집밥스타그램  먹스타그램  음식스타그램  집밥기록  음식기록  오늘은뭐해먹지  오늘은뭐먹지  먹팔맞팔  좋아요,42,min_min__i,"['#집밥', '#스파게티', '#피자', '#청정원토마토와생크림로제', '#풀무원노엣지피자', '#베이컨파이브치즈', '#집밥', '#현실집밥', '#오늘의요리', '#홈쿡', '#요리', '#집밥스타그램', '#먹스타그램', '#음식스타그램', '#집밥기록', '#음식기록', '#오늘은뭐해먹지', '#오늘은뭐먹지', '#먹팔맞팔', '#좋아요']",0.02813127930341594,0.02813127930341594
 부조화 숲    혼자의 외출이 좋은 아줌니  햇살가득 분위기 있게  맛있게  행복하게 잘 보냈던 주말  부조화숲 뇨끼  알리오올리오 피자  맛스타그램  새해다짐   모두건강합시다   쏠스타그램,28,sol_yo_te_amo,"['#부조화숲', '#뇨끼', '#알리오올리오', '#피자', '#맛스타그램', '#새해다짐🙏', '#모두건강합시다🙏', '#쏠스타그램']",0.018754186202277295,0.018754186202277295
2023 1 8 포카치아델라스트라다에서 마르게리타  꼬또와 풍기  쥬키니 앤쵸비와 고르곤졸라 피칸테  호박크림과 훈제 스카모르차 치즈 먹음 서울 용산구 삼각지 용산 포카치아델라스트라다 포카치아 피자 빵 korea focaccia pizza bread 韓国 フォカッチャ ピッツァ ピザ パン food lunch foodstagram italyfood italianfood 음식 점심 먹스타그램 양식 昼飯 昼食 ランチ 洋食,28,seong.woong._.k,"['#서울', '#용산구', '#삼각지', '#용산', '#포카치아델라스트라다', '#포카치아', '#피자', '#빵', '#korea', '#focaccia', '#pizza', '#bread', '#韓国', '#フォカッチャ', '#ピッツァ', '#ピザ', '#パン', '#food', '#lunch', '#foodstagram', '#italyfood', '#italianfood', '#음식', '#점심', '#먹스타그램', '#양식', '#昼飯', '#昼食', '#ランチ', '#洋食']",0.018754186202277295,0.018754186202277295
 23 01 09 Mon  어제자 성령이네  집들이     헬스장 스토리 보고 다들 집 맞냐며헬창부부가 사냐며 잘못 간 거 아니냐며ㅋㅋㅋㅋㅋㅋㅋㅋㅋ반응 넘 웃겼고요ㅠ집 맞구요  헬스장 공간이 따로 있답니댜  존멋    청년피자  시크릿더블크런치   신상이라 궁금했던건데 광고처럼 겉이 막 바삭하진않았어요  그럴수밖에 없죠  그래두 그 안으로 모짜렐라치즈랑 크리미한 크림치즈  무스   폴드포크가 가득 들어서  돼지맛낭낭쓰한 게 맛있더라구요  약간  타코 느낌도 나고  역쉬 토핑 부자 청피  안 드셔보신분들은 한번 드셔보세오   교촌치킨  레허반반순살  역시 진리야      치킨너겟도 귀욤   볶음우동  새우ver   궁금했던 곳에서 배민 시킨건데 맛있게 먹었답니돠  술 없이도 너무나 재밌고 맛있었음  임산부 맞춤형으로다가  슈가로로 까지 내 공구로 사논 집주인 센스쨩    여러분들도 잘 드시고계시죵 ,362,bbangsori,"['#집들이', '#헬스장', '#청년피자', '#시크릿더블크런치', '#돼지맛낭낭쓰한', '#타코', '#교촌치킨', '#레허반반순살', '#볶음우동', '#슈가로로']",0.24246483590087073,0.24246483590087073
행복했던 일요일ㅎㅎ 배고프다 배고프다 노래를 부르고 있던 와중에 우연히 뜻이맞아 다같이 급술   개쥬앜ㅋㅋㅋ  수현실장님 ㅠㅠ 세상에서 제일웃김  ㅜㅜㅋㅋㅋㅋ 처음먹어보는 와인같은 맥주까지   굿굿    첫줄  급술  다들  이세상텐션아님       울다가웃다가  수현실장님  세상제일웃김  몰카쟁이  무서움  셀카  셀피  맛스타그램  과일안주  족발  피자  존잼  존맛  또놀아요        일상  소통,29,hs.___92p,"['#첫줄', '#급술', '#다들', '#이세상텐션아님🤦🏻\u200d♀️', '#울다가웃다가', '#수현실장님', '#세상제일웃김', '#몰카쟁이', '#무서움', '#셀카', '#셀피', '#맛스타그램', '#과일안주', '#족발', '#피자', '#존잼', '#존맛', '#또놀아요💛💙💜💚❤️', '#일상', '#소통']",0.01942397856664434,0.01942397856664434
 광고오늘은 미니 피자 만들어 먹었어요 1인1판도 부족해서 한판 더 구웠고요   요즘 타바스코 소스로 요리에 다양한 맛을 더하고 있는데요 피자엔 핫소스 뿌링뿌링 해주고 감자튀김은 스리라차 소스 찍먹했는데 색다른 맛이더라구요  만능템 타바스코 소스   여러분도 다양한 요리에 곁들여보세요  타바스코  타바스코서포터즈  타바스코가좋아  타바스코요리  오뚜기  핫소스  스리라차  피자  감자튀김  홈쿡 ottogi_daily,691,kyung118,"['#광고오늘은', '#타바스코', '#타바스코서포터즈', '#타바스코가좋아', '#타바스코요리', '#오뚜기', '#핫소스', '#스리라차', '#피자', '#감자튀김', '#홈쿡@ottogi_daily']",0.46282652377762895,0.46282652377762895
  음식을 먹을만큼 시킵니다    반지층으로 들어가면 있는 이탈리안레스토랑 브렛   이곳은 피자가 메인인곳입니다  이탈리아식 피자가 먹고싶을때는종종 찾아다닙니다 파스타는 꼭    공부차원으로 먹어봅니다 잔뜩 시키고 싶지만 그럼 음식을 남기게되서 그건 꾹    참습니다 음식을 먹을만큼 시키는 이유는1  과식하지 않고 몸의 밸런스를 유지 2  음식만드는 사람에 대한 예의 2번은 아무래도 저도 음식만드는 사람이라 더 그런거 같아요  어릴적 어머니가 해주시던 밥상이  당연 하다생각했습니다  그런데 사회생활을 하고음식을 만들다보면  안보이는 일 이수반된다는 것을 배우죠 그러다보니 음식을 대할 때 저는 조금더  존중합니다 라는 마음으로 다가서는거 같습니다 도우를 준비하고 발효하는 시간 소스를 만드는 시간 기물을 정돈하는 시간 주방에서 준비작업을 하는 시간 등이머릿속에 스쳐지나 갑니다 즐겁게 잘 먹었습니다  오늘은 아닙니다    밀라노기사식당  어서오세요밀라노기사식당입니다  브렛피자  상수맛집  좋아요  좋아요그램  피자  pizza  음식스타그램  와인,81,1307poepos,"['#밀라노기사식당', '#어서오세요밀라노기사식당입니다', '#브렛피자', '#상수맛집', '#좋아요', '#좋아요그램', '#피자', '#pizza', '#음식스타그램', '#와인']",0.05425318151373074,0.05425318151373074
 새해목표 저축하기편 이벤트  가장 저렴하지만 기본 중에 기본  피자스쿨 치즈피자  당장 먹으러 가자 피자스쿨 좋아하는  친구 태그해주세요   치즈를 더 풍부하게 즐기시려면    치즈토핑 추가  치즈크러스트   치즈 바이트 추가   피자스쿨 먹을사람  공짜로 먹을수 있는 절호의 기회  매일 진행되는 팔로우 이벤트 참여해보세요     EVENT event 참여방법      pizzaschool_official 팔로우하고 피자스쿨 같이 먹고싶은  친구 태그하기    팔로우이벤트 참여하고 피자 시식권 받자    1 17발표  1명       댓글친구태그이벤트  피자스쿨피자  팔로우  인스타이벤트  피자이벤트  이벤트참여  피자맛집  치즈바이트  치즈크러스트  피자  피자추천  야식  야식추천  jmt  존맛,160,pizzaschool_official,"['#피자스쿨', '#EVENT', '#event', '#팔로우이벤트', '#댓글친구태그이벤트', '#피자스쿨피자', '#팔로우', '#인스타이벤트', '#피자이벤트', '#이벤트참여', '#피자맛집', '#치즈바이트', '#치즈크러스트', '#피자', '#피자추천', '#야식', '#야식추천', '#jmt', '#존맛']",0.1071667782987274,0.1071667782987274
 이재모피자  치즈크러스트  치즈스파게티 여긴 진짜 치즈가 너무 맛있다ㅠㅠㅠㅜㅜㅜㅜ 치즈가 짜지도 않고 부드럽고       먹스타 먹스타그램 맛스타 맛스타그램 죽순 담양여행 떡갈비 고기 면 면스타그램 국수 foodpic foodie foodporn 여행스타그램 오늘뭐먹지 먹스타맞팔 먹팔 소통 좋아요 피자 pizza 부산맛집 남포동맛집 깡통시장 부평시장,26,baegopa.pic,"['#이재모피자', '#치즈크러스트', '#치즈스파게티-여긴', '#먹스타', '#먹스타그램', '#맛스타', '#맛스타그램', '#죽순', '#담양여행', '#떡갈비', '#고기', '#면', '#면스타그램', '#국수', '#foodpic', '#foodie', '#foodporn', '#여행스타그램', '#오늘뭐먹지', '#먹스타맞팔', '#먹팔', '#소통', '#좋아요', '#피자', '#pizza', '#부산맛집', '#남포동맛집', '#깡통시장', '#부평시장']",0.017414601473543203,0.017414601473543203
스테이크와 샐러드의 입속 합주에 뿅  간만에 간 뚜띠쿠치나 배고파서 허겁지겁  피자  피자맛집  행신동맛집  주부일상  주부스타그램   일상,20,may_hwa_,"['#피자', '#피자맛집', '#행신동맛집', '#주부일상', '#주부스타그램💁', '#일상']",0.013395847287340924,0.013395847287340924
  코지하우스_진영점 10불데이 OPEN 두시간전   다들 잊지않으셨쥬  오늘은   무조건 필수로  코지하러 와야하는날   코지의 시그니처 갓성비메뉴 10  STEAK를    반 값으로 즐길수있는 기회      놓치지마세영    10 스테이크   반 값 행 사  12 900원     6 500원    으로 만나보세요      홀주문 1 table   1 steak     배달 및 포장 불가           오픈시간 11 30입니다   인스타리뷰이벤트 많이 이용해주세요          코지하우스진영점을 팔로우해주세요   예쁜사진과 함께  코지하우스진영점을 태그해주세요   재방문시 리그램된 게시물을 직원께 보여주시면 시원한에이드 한잔 서비스드려요                                            코지하우스진영점  코지하우스  가성비맛집  맛집추천  진영맛집  김해핫플  인생맛집  가족외식  레스토랑  감바스  파스타  피자  스테이크  샐러드  맥주맛집  와인맛집  좋아요  선팔  맞팔  소통  먹스타그램  소통해요  계모년  토끼띠  2023  신정  새해  설날  신학기  신학기패션,43,cozy_jinyeong,"['#코지하우스진영점', '#코지하우스', '#가성비맛집', '#맛집추천', '#진영맛집', '#김해핫플', '#인생맛집', '#가족외식', '#레스토랑', '#감바스', '#파스타', '#피자', '#스테이크', '#샐러드', '#맥주맛집', '#와인맛집', '#좋아요', '#선팔', '#맞팔', '#소통', '#먹스타그램', '#소통해요', '#계모년', '#토끼띠', '#2023', '#신정', '#새해', '#설날', '#신학기', '#신학기패션']",0.028801071667782986,0.028801071667782986
 피자먹다 교현점 OPEN  오픈일   2023년 01월 10일 화요일  피자먹다 교현점 충청북도 충주시 금봉대로 433  1층  043 854 0316  http   eatpizza co kr  1인 창업에 최적화된 피자집 1인 가구도 다양하게 즐기는 수제피자 누구나 소자본 창업가능 주문과 동시에 5분만에 피자 완성  피자  피자먹다  eat  eatpizza  pizza  맛집  네모피자  사각피자  1인피자  내맘대로  취향대로  골라먹는  피자맛집  25cm피자  한손에촥  1인창업  창업  혼밥  교현맛집  충주맛집,36,eatpizza1000,"['#피자', '#피자먹다', '#eat', '#eatpizza', '#pizza', '#맛집', '#네모피자', '#사각피자', '#1인피자', '#내맘대로', '#취향대로', '#골라먹는', '#피자맛집', '#25cm피자', '#한손에촥', '#1인창업', '#창업', '#혼밥', '#교현맛집', '#충주맛집']",0.024112525117213665,0.024112525117213665
 직장인도시락  도시락  도시락그램  도시락반찬  직장인점심  오늘의도시락  점심도시락 오늘의도시락  펜네파스타  파스타  토마토파스타  피자  피클  사과  정성  홈쿡  홈메이드  집밥  쉬운요리  간단요리  초보요리  신혼요리  맛스타그램  푸드스타일  음식사진  건강  식단  koreanfood  homemade,23,jobx_21,"['#직장인도시락', '#도시락', '#도시락그램', '#도시락반찬', '#직장인점심', '#오늘의도시락', '#점심도시락', '#오늘의도시락', '#펜네파스타', '#파스타', '#토마토파스타', '#피자', '#피클', '#사과', '#정성', '#홈쿡', '#홈메이드', '#집밥', '#쉬운요리', '#간단요리', '#초보요리', '#신혼요리', '#맛스타그램', '#푸드스타일', '#음식사진', '#건강', '#식단', '#koreanfood', '#homemade']",0.015405224380442064,0.015405224380442064
 누브티스  nouveautes  성북동맛집  성북동카페  이탈리안레스토랑  레스토랑  넥타이박물관  seoulrestaurant  italianrestaurant  restaurant  tiemuseum  파스타  피자  스테이크  리조또  pasta  pizza  steak  risotto  먹스타그램  맛스타그램  맛집추천  foodpics  foodstagram  dailylife  fashionista  fashion  gallery  smallwedding  cookingclass,18,kaye.leigh.12,"['#누브티스', '#nouveautes', '#성북동맛집', '#성북동카페', '#이탈리안레스토랑', '#레스토랑', '#넥타이박물관', '#seoulrestaurant', '#italianrestaurant', '#restaurant', '#tiemuseum', '#파스타', '#피자', '#스테이크', '#리조또', '#pasta', '#pizza', '#steak', '#risotto', '#먹스타그램', '#맛스타그램', '#맛집추천', '#foodpics', '#foodstagram', '#dailylife', '#fashionista', '#fashion', '#gallery', '#smallwedding', '#cookingclass']",0.012056262558606833,0.012056262558606833
피자 때문에 다이어트 몬함 피자  피자맛집  먹스타  맛스타그램,20,hee.033,"['#피자', '#피자맛집', '#먹스타', '#맛스타그램']",0.013395847287340924,0.013395847287340924
Italian     nicori    那智勝浦  和歌山  イタリアン  ピザ  パスタ デザートも美味しい  美味しい店  友達よく知ってる  ありがたい  日韓夫婦  韓国在住主婦  韓国好きな人と繋がりたい  wakayama  나치카츠우라  맛집  이타리안  피자  파스타  디자트맛집  맛있다그램  한일부부  일상  겨울방학  일본귀국,29,ibitarukomanmom,"['#那智勝浦', '#和歌山', '#イタリアン', '#ピザ', '#パスタ', '#デザートも美味しい', '#美味しい店', '#友達よく知ってる', '#ありがたい', '#日韓夫婦', '#韓国在住主婦', '#韓国好きな人と繋がりたい', '#wakayama', '#나치카츠우라', '#맛집', '#이타리안', '#피자', '#파스타', '#디자트맛집', '#맛있다그램', '#한일부부', '#일상', '#겨울방학', '#일본귀국']",0.01942397856664434,0.01942397856664434
2 Amys Neapolitan Pizzeria   Washington  DC Vongole 1 0  Cockles  garlic  capers  parsley  hot pepper  granaSpecial Pizza of the day  2amys sausage  fontina  parsley   roasted artichokes 2amys  2AmysNeapolitanPizzeria  pizza  pizzeria  DCfoodie  dceats  foodie  dcfoodie  foodpics  foodporn  foodgasm  foodstagram  foodiegram  foodphoto  goodeats  foodlovers  eeeeeats  gourmand4life_DC  피자  피자집  피제리아  먹스타그램  먹스타  2amysneapolitanpizzeria,24,gourmand4life,"['#2amys', '#2AmysNeapolitanPizzeria', '#pizza', '#pizzeria', '#DCfoodie', '#dceats', '#foodie', '#dcfoodie', '#foodpics', '#foodporn', '#foodgasm', '#foodstagram', '#foodiegram', '#foodphoto', '#goodeats', '#foodlovers', '#eeeeeats', '#gourmand4life_DC', '#피자', '#피자집', '#피제리아', '#먹스타그램', '#먹스타']",0.016075016744809108,0.016075016744809108
 임실백련산  임실  백련산  임실치즈  피자  먹고  싶다 도베르만  대형견  애견등산  100대명산플러스  100대명산  등산  등산스타그램,89,ss36.5ll,"['#임실백련산', '#임실', '#백련산', '#임실치즈', '#피자', '#먹고', '#싶다', '#도베르만', '#대형견', '#애견등산', '#100대명산플러스', '#100대명산', '#등산', '#등산스타그램']",0.05961152042866711,0.05961152042866711
 피자스톰  _ 내돈내산  자주 배달시켜 먹는 곳이에요  우연히 시켜 먹었다가 맛있어서종종 시켜먹게 되더라구요    88페퍼로니_20 900won  원래 클래식한게 제일 맛있다죠          ๑  페퍼로니에 치즈 추가해서 먹으면한 입 베어무는 순간 행복 그자체       ᴗ     적당히 얇은 도우에 소스와 치즈 페퍼로니 조합   말해 뭐해요     ᵒ         ᵒ          반반피자 88페퍼로니 두둥바이킹쉬림프 _24 400  페퍼로니만 시켜 먹다가다른 것도 먹어보자  하면서 이번엔 반반으로 시켜봤어요   두둥 바이킹 쉬림프는 통통한 새우와매콤한 소스가 뿌려진 피자인데요것도 매력있더라구요   그리고 여기 갈릭 디핑 너무 맛있어요 치즈와 디핑소스     사랑입니다        먹스타  먹스타그램  먹부림  야식스타그램  피자  배달  배달맛집  야식  피자맛집추천  피자맛집   먹팔  먹팔맞팔  먹팔해요  먹팔환영  먹팔소통  좋반  맞팔  맞팔환영  치즈  치즈폭탄  갈릭디핑  피자스톰   ,59,baebae_plate,"['#내돈내산].자주', '#먹스타', '#먹스타그램', '#먹부림', '#야식스타그램', '#피자', '#배달', '#배달맛집', '#야식', '#피자맛집추천', '#피자맛집🍕', '#먹팔', '#먹팔맞팔', '#먹팔해요', '#먹팔환영', '#먹팔소통', '#좋반', '#맞팔', '#맞팔환영', '#치즈', '#치즈폭탄', '#갈릭디핑', '#피자스톰', '#🍕']",0.03951774949765573,0.03951774949765573
 무이네  맛집스타그램 어제 오늘 들른 두 식당 다 바다 바로 옆이라  분위기맛집 이랬는데  구름잔뜩 비잔뜩 아쉬웠네요  matadorgrillbar 가성비  bbq 집이네욤 고기가 비쥬얼은 참 좋았는데 기대가 컸나봐욤  야채그릴이랑 감튀 맛나쏘요  pitstopfoodcourt 다양한 나라 음식들 취향따라 골라 먹을수 있는 푸드코트였어요 멕시칸음식  블리니  피자베트남식이 지겨울때 가지각색 입맛들 충족이 필요할때가볼만 하네욤  호치민라이프  호치민생활  무이네여행  베트남여행  무이네맛집  음식스타그램  hochiminife  porkribs  muine  muinevietnam  food  foodporn  foodphotography  foodie,29,ggonyage,"['#무이네', '#맛집스타그램', '#분위기맛집', '#matadorgrillbar', '#bbq', '#pitstopfoodcourt', '#멕시칸음식', '#블리니', '#피자베트남식이', '#호치민라이프', '#호치민생활', '#무이네여행', '#베트남여행', '#무이네맛집', '#음식스타그램', '#hochiminife', '#porkribs', '#muine', '#muinevietnam', '#food', '#foodporn', '#foodphotography', '#foodie']",0.01942397856664434,0.01942397856664434
이것은 그냥 피맥이 아니여다이빙 하고 나와서 먹는 피맥이여   피맥  피자  맥주  산미구엘  먹스타그램 필리핀까지와서  왜피자를먹냐던  선미는어디갔나요 필리핀  보홀  팡라오  사우스팜  여행  여행스타그램 행복이별건가요  좋은사람들과  맛있는거먹고  웃을수있다면 그것이곧행복  천국  헤븐  파라다이스,55,glorious.o_o,"['#피맥', '#피자', '#맥주', '#산미구엘', '#먹스타그램', '#필리핀까지와서', '#왜피자를먹냐던', '#선미는어디갔나요', '#필리핀', '#보홀', '#팡라오', '#사우스팜', '#여행', '#여행스타그램', '#행복이별건가요', '#좋은사람들과', '#맛있는거먹고', '#웃을수있다면', '#그것이곧행복', '#천국', '#헤븐', '#파라다이스']",0.036838580040187544,0.036838580040187544
